{"training_loss": 9.467179298400879, "_timestamp": 1714233083.6971412, "_runtime": 7.331160068511963, "_step": 0, "_wandb": {"runtime": 13}}