{"training_loss": 9.691910743713379, "_timestamp": 1714180751.7689102, "_runtime": 7.421769142150879, "_step": 0, "_wandb": {"runtime": 13}}