{"training_loss": 9.35209846496582, "_timestamp": 1714163283.6429534, "_runtime": 7.164020299911499, "_step": 0, "_wandb": {"runtime": 13}}