{"training_loss": 9.468348503112793, "_timestamp": 1714164650.900167, "_runtime": 7.187735080718994, "_step": 0, "_wandb": {"runtime": 13}}