{"training_loss": 6.817723751068115, "_timestamp": 1714164480.9567451, "_runtime": 361.52752804756165, "_step": 101, "test_loss": 6.938323974609375, "test_score (bleu)": 0.032004876952748076, "_wandb": {"runtime": 362}}