{"training_loss": 9.134403228759766, "_timestamp": 1714528043.7013826, "_runtime": 6.284180641174316, "_step": 0, "_wandb": {"runtime": 8}}