{"training_loss": 9.519420623779297, "_timestamp": 1714166847.9678216, "_runtime": 7.278603553771973, "_step": 0, "_wandb": {"runtime": 13}}