{"training_loss": 9.644991874694824, "_timestamp": 1714233140.4576886, "_runtime": 7.90859055519104, "_step": 0, "_wandb": {"runtime": 14}}