{"training_loss": 2.3085460662841797, "_timestamp": 1714071391.6698265, "_runtime": 76.2415874004364, "_step": 74, "_wandb": {"runtime": 76}}