{"training_loss": 9.027826309204102, "_timestamp": 1714233046.6237247, "_runtime": 5.793343782424927, "_step": 0, "_wandb": {"runtime": 5}}