{"training_loss": 9.10848617553711, "_timestamp": 1714238523.2135239, "_runtime": 7.189934968948364, "_step": 0, "_wandb": {"runtime": 13}}