{"training_loss": 7.018813133239746, "_timestamp": 1714162899.4509342, "_runtime": 89.1581220626831, "_step": 27, "_wandb": {"runtime": 89}}