{"training_loss": 9.334611892700195, "_timestamp": 1714164551.278572, "_runtime": 7.2557291984558105, "_step": 0, "_wandb": {"runtime": 13}}