{"training_loss": 9.404264450073242, "_timestamp": 1714233027.2382581, "_runtime": 7.438956022262573, "_step": 0, "_wandb": {"runtime": 13}}