{"training_loss": 6.622150897979736, "_timestamp": 1714162672.1927576, "_runtime": 233.31260061264038, "_step": 60, "test_loss": 6.945001602172852, "test_score (bleu)": 0.02608294287331354}