{"training_loss": 6.655313491821289, "_timestamp": 1714162798.6289895, "_runtime": 359.74883246421814, "_step": 101, "test_loss": 6.9368743896484375, "test_score (bleu)": 0.02586281397100849, "_wandb": {"runtime": 360}}