{"training_loss": 9.44917106628418, "_timestamp": 1714180815.3765392, "_runtime": 7.41801118850708, "_step": 0, "_wandb": {"runtime": 13}}