{"training_loss": 2.347791910171509, "_timestamp": 1714177790.7461956, "_runtime": 388.6235775947571, "_step": 101, "test_loss": 2.4441752433776855, "test_score (bleu)": 0.02193305316143679, "_wandb": {"runtime": 389}}