{"training_loss": 9.053730964660645, "_timestamp": 1714180690.4884222, "_runtime": 7.253692150115967, "_step": 0, "_wandb": {"runtime": 13}}