{"training_loss": 9.37520694732666, "_timestamp": 1714238468.8014495, "_runtime": 6.728471517562866, "_step": 0, "_wandb": {"runtime": 11}}