subject,relation,object
mouse tongue SCC cell line AT84,was kindly provided by,Upstate Medical University
Mitochondria,also lack,DNA repair machineries present
Okazaki T Autoantibodies,are,responsible for cardiomyopathy in PD -1-deficient mice
BM,is,associated with prognosis after development of BM
miRNAs,have of,Of these have particular interest in cancer research
DWI MRI evaluation,has,has yet reported as useful tool for differentiating malignant tumors from ovarian lesions
Radical esophagectomy,has,has widely acknowledged with importance in intended therapy for esophageal squamous cell carcinoma
T cells,assessed with,same ex vivo ICS methodology
Biological interaction networks,provide,insights into biology
RBM5 overexpression,induced autophagy in,A549 xenografts in BALB c mice
medial laparotomy,was,performed with surgical resection of area with left nephrectomy
Memory B cells,represented,B cell subtype
Department of Oncology,is,Hangzhou Cancer Hospital
Bioinformatic analysis,reveals,pattern of gene expression specific to breast cancers in human tumors Proc
"Department of Internal Medicine , Division of Oncology",of Department is,Washington University School of Medicine
human TCF gene,encodes,protein uniquely expressed in T lineage lymphocytes Blood 1995 86 8 3050 3059 75793 99 20
Department of Neurology,is,University Hospital Essen
activated BRAF,is in,metastatic melanoma N Engl J Med 2010 363 809 819
Yue J Yu Z Tumor marker index,is prognostic factor for,patients with squamous cell carcinoma Cancer Biomark Sect A Disease
In tumor growth assay BALB c mice,were,used for tumor growth assay in vivo
Hippocampal dosimetry,predicts function impairment after,radiotherapy for adult brain tumors
Acibadem University School of Medicine,is,Acibadem Maslak Hospital
Tumor histology,was verified through,typing of surgically resected tumor
Pembrolizumab,is,monoclonal IgG4 antibody consisting of affinity mouse variable region
combined chemoradiotherapy,significant advantage over,radiotherapy
Identified candidate drugs,can,can further evaluated in PDX mice before use in patients
HIFU treatment,has shown In,clinical trials
clinical trials,far considered tumor PD L1 expression as,robust biomarker
Pembrolizumab,is,humanized monoclonal IgG4 antibody
metastatic mouse model,constructed with,histologically intact patient specimens
Cells,were transfected with,1 μM palbociclib
Yoon SS Lauren histologic type,is factor following,resection of gastric adenocarcinoma Ann Surg
Department of Otolaryngology,of Department is,"Perelman Center for Advanced Medicine , Hospital of the University of Pennsylvania"
treatment BALB c mice,housed in,certified specific level animal facility at Institute
Zhang SE fibroblasts,contribute via,miR 34a 5p EBioMedicine
Pembrolizumab,is,humanized IgG4 antibody consisting of affinity mouse anti-PD-1-derived variable region grafted onto IgG4 immunoglobulin molecule with engineered Fc region for stabilization
Immunohistochemistry,were,cut from BSCCs with monoclonal anti-E-cadherin
Oncology,of Laboratory is,Collaborative Innovation Center for Cancer Medicine
Pembrolizumab,is,humanized monoclonal IgG4 antibody consisting of high affinity mouse anti-PD-1-derived variable region grafted onto IgG4 immunoglobulin molecule
Strizzi L Bianco C Normanno N mesenchymal transition,is characteristic in,gland from MMTV Cripto 1 transgenic mice
B cell,is,one major class of immune cells
biomarkers serum levels,were,measured with microparticle immunoassay for CEA with immuno radiometric assay
Internal Medicine,School of,Sungkyunkwan University School of Medicine
Department of Gastroenterology,of Department is,First Hospital of Jilin University
miRNAs,are,are used as directed therapies as biomarkers
Discussion Cardiac CT,offers,detailed anatomical assessment of CAD comparable to angiography
diagnostic biomarkers,are,with development of liquid biopsy urgently needed for large scale studies
bilateral tonsillectomy,were,performed in hospital
Consistent mutated malignancies,are more sensitive to,ICB treatment
MUC16 CA125 antigen,is,Moreover already routinely used serum marker for diagnosis of cancer
BH3 profiles,be,associated with treatment response to nCRT in cancer serve as basis
Department of Internal Medicine,Department of,Department of Oncology
Department of Virology,Department of,Department and Chair of Conservative Dentistry
Department of Radiation Oncology,of Department is,China Departments of Pathology
Department of Radiology,of Department is,Yonsei University College of Medicine
In blood brain barrier assay term melanoma cultures,were obtained from,resected MBMs
Department of Genome Sciences,Department of,"Department of Medicine , University of Washington , Division of Human Biology"
TCM Prevention and Treatment of NSCLC,is,Guangdong Provincial Hospital of Chinese Medicine
Cell proliferation assay,was performed in,OSCC cell lines
National Comprehensive Cancer Network guidelines,recommend,systemic chemotherapy
Pembrolizumab,are,human IgG4 monoclonal antibodies approved
Sagittal resonance imaging study,showing normal intensity signals in,posterior lobe pituitary
Radiomics,can capture,information of tumor phenotypes
Cell proliferation assay,were,For Cell Kit 8 plated
Synaptonemal complex protein 3,is,associated with lymphangiogenesis in non-small cell lung cancer patients
radiation oncology,was,especially medical specialty
miRNAs,expressed,while miRNAs expressed
CAR T cell products,are under,active trials for RR myeloma
Tumour assessment,was performed according,Response Evaluation Criteria in Solid Tumors 1.1
Department of Oncology,of Department is,Hebei University of Chinese Medicine
KYSE510 cells,were,For xenograft model injected into flanks of BALB c nu mice
laryngeal anatomy,is,particularly crucial to swallowing physiology
Pembrolizumab,is,is studied in combination with ipilimumab in patients in phase
pathologist,will prepare tumor samples from,surgical specimen
specific antibody,blocked,immunosuppressive activity induced by SCLC cell lines
animal studies,were conducted in,NIH animal use guidelines
Stoop HJA Peppelenbosch MP van Eijck CH Sleijfer S Tumor cell expression,predict,cancer specific survival in cancer Int J Cancer 2017
biomarkers,have,However have described in esophageal squamous cell carcinoma
Tadano T Kakuta Y Hamada S Shimodaira Y Kuroha M Kawakami Y MicroRNA 320 family,affects tumor proliferation by,targeting CDK6 World J Gastrointest Oncol
Department of Radiation Oncology,of Department is,USA Department of Bioinformatics and Computational Biology
serum elevated miR,was proved,promising biomarker
"Department of Biostatistics , College of Public Health",is,University of Nebraska Medical Center
Tissue diagnosis,is,gold standard as pathological diagnosis
based chemotherapy,received,based chemotherapy
DCE MRI,is with,histology in murine models of breast cancer NMR
based metabolomics,reveal,effect of Saponins of Tribulus terrestris fruit against ischemic stroke
cancer genomics projects,have created,comprehensive catalog across major cancer types
Biomedicine Laboratory,Department of,Department of Nanomedicine
Genetic based synthetic lethal therapy,are,directly targeted at oncogenes
Discussion Radiotherapy,has,has used as only therapeutic option for patients with cervical cancer in past
Cancer Genome Atlas Clinical Explorer,summarizes,TCGA clinical parameters
major antibodies,were,applied in studies for organ
human TCF gene,encodes,nuclear DNA binding protein uniquely expressed in normal T lineage lymphocytes Blood 1995 86 8 3050 3059 75793 99 20
Radical esophagectomy,has,has acknowledged with paramount importance in cure intended therapy for cell carcinoma
based doublet chemotherapy,standard for,treatment of NSCLC with wild type growth factor receptor
Department Key Laboratory,Department of,China8 Department of Anesthesiology and Operating Room of East Division
DCs CIKs cytotherapy,rescues,immune suppression induced by TRT
pharmacological study,evaluate,effects of CDKi roscovitine on doxorubicin resistant human multiple myeloma cells
Kisfalvi K Guha S Rozengurt E Neurotensin,induce stimulation by,increasing duration of ERK signaling in ductal pancreatic cancer cells J Cell Physiol 2005
SKOV3 cells,were,incubated with combination of JAKi at various JAKi gefitinib molar ratios
Research Neoadjuvant chemoradiotherapy,followed by,total excision assisted for rectal adenocarcinoma
Coskun Hasan S hscoskun@yahoo.com Department of Medical Oncology,Faculty of,Faculty of Medicine
our miRNAs,were proved,miRNAs with accuracy
miRNAs,block,role of miRNAs
Integrative Genomics Core lab of Department of Molecular Medicine,is,City of Hope National Medical Center
MerckSharp & Dohme,is,Teijin - Pharma
cortical MIAT,significantly reduced in,SCZ of superior temporal gyrus
key immune effector,required in,conditional MYC driven mouse model
Respiratory Medicine,of Department is,International Medical Center
Pembrolizumab,is,humanized monoclonal IgG4 antibody consisting of affinity mouse anti-PD-1-derived variable region grafted onto human IgG4 immunoglobulin molecule with engineered Fc region
Department of Otolaryngology,Center for,"Perelman Center for Advanced Medicine , Hospital of the University of Pennsylvania"
Pembrolizumab,is,IgG4 anti-PD-1 antibody consisting of affinity mouse anti-PD-1-derived variable region grafted with engineered Fc region
clinical trials,were,Although focused in mutated BRCA1 2 cancers
Clinical data,were,obtained from medical records
known transcription factor,is in,presence of selumetinib
Dermatology,of Department is,Paracelsus Medical University
HRM MAF titration,was,conducted by MAF in DNA sample from 10 % in total DNA concentration assay from 0.25 ng
b cells,were counted by,Annexin V PI assay
Respiratory Medicine,School of,Juntendo University Graduate School of Medicine
Two pathologists,independently reviewed,IHC studies
Thompson D Easton DF 18 Breast Cancer Linkage Consortium Cancer Incidence,is in,BRCA1 mutation carriers J Natl Cancer Inst
clinical trials,targeted for,characterized SCLCs
Ottawa Hospital Research Institute,is,Centre for Cancer Therapeutics
patient ’s MSCs,combine,cell therapy
Family Medicine,of Department is,Faculty of Medicine
Wu XJ Basic transcription factor,is required via,regulation of FOXM1 in gastric Cancer Oncol Res
Several clinical trials,reported,clinical response of patients
National Comprehensive Cancer Network,is in,Oncology for NSCLC
clinical trials,Currently are ongoing with,targeted therapies for mutated tumors
Bevacizumab,was,anti-VEGF monoclonal antibody
Discussion Radiotherapy,is,integral treatment modality for many cancers
new BMP,shown,to potent BMP
IHC staining results,were assessed by,two pathologists
Key Laboratory of Laboratory Medicine,is,Department of Clinical Laboratory
Thoracic Oncology,of Division is,Shizuoka Cancer Center
Luminex systems,were assured via,Bio-Rad
Pembrolizumab,is,IgG4 antibody consisting of high affinity mouse anti-PD-1-derived variable region grafted with Fc region for stabilization
Methods esophageal tissue array database,evaluate,clinical relevance
CO 80045 USA Department of Pathology,is,Stanton L. Young Biomedical Research Center
DWI MRI evaluation,has,has yet reported as useful tool for tumors from benign ovarian lesions
fRegional Institute of Oncology,is,University of Medicine and Pharmacy
miRNAs,could suppress,target mRNAs
Department of Medical Oncology,of Department is,Olivia Newton - John Cancer Research Institute
Preoperative modified FOLFIRINOX treatment,followed by,capecitabine based chemoradiation for borderline resectable pancreatic cancer
Several CAR T cell products,are under,trials for RR myeloma
Cell viabilities,were analyzed by,MTS assay
Stem Cell Transplantation Research Center,Department of,Molecular Medicine
serum CYFRA 21 1 assay,has,In our department has routinely performed at diagnostic workup after therapy since 2005
monoclonal antibody,measure PD L1 expression by,IHC in tumor biopsies
Personalized Cancer Therapy and Division of Hematology and Oncology,for Center is,Department of Pathology
human TCF gene,encodes,DNA binding protein uniquely expressed in normal T lineage lymphocytes Blood 1995 86 8 3050 3059 75793 99 20
Department of Pharmacology and Toxicology,is,Faculty of Pharmacy
Western blot analysis,is with,RCC2 specific antibody
Department of Radiotherapy and Radiation Oncology,of Department is,Pancreas Translational & Clinical Research Center
Department of Radiation Oncology,is,London Health Sciences Centre
RCSC treatment,resulted in,significant reduction in cell viability in single cell line of colon cancer
clinical trials,were,Although focused in germline mutated BRCA1 2 cancers
miRNAs,expressed lower in,H69 cell
Clinical studies,have indicated,importance of tumor models
Human papillomavirus serology,was supported by,Integrative Cancer Epidemiology Programme
Pembrolizumab,is,novel cancer immunotherapy commonly used
Multiple clinical studies,indicated,based combination therapy
Shanghai Jiaotong University School of Medicine,School of,Tongji University School of Medicine
BH3 profiles,be,associated with treatment response in esophageal cancer serve as basis for
Peter Doherty Institute for Infection and Immunity,at Department is,Peter MacCallum Cancer Centre
Cancer Institute,is,Collaborative Innovation Center for Cancer Medicine
Department of Radiation Oncology,is,National Cancer Center / National Clinical Research Center for Cancer / Cancer Hospital
diagnostic biomarkers,are,In addition with development of biopsy of cancer diagnosis urgently needed for scale prospective studies
Methods Patient characteristics SBRT,was delivered for,30 patients with AGMs from October 2006
eHeidelberg Institute of Radiation Oncology HIRO,Hospital of,University Hospital of Heidelberg
ME Genetic programming,perform,anti-tumor functions
Department of Laboratory Medicine,Department of,Department of Oncology
Cell proliferation assay Cell viability assay,check,MDA MB 231
Pembrolizumab,is,humanized IgG4 antibody consisting of high affinity mouse region grafted with Fc region
Clinical data,were collected through,medical record management system of Binzhou Medical University Hospital
Radiation Oncology,of Department is,Massachusetts General Hospital
Marchioninistr,Institute of,Germany3 Institute of Radiation Biology
Pembrolizumab,is,monoclonal IgG4 anti-PD-1 antibody consisting of affinity mouse region grafted with Fc region for stabilization
European lung Cancer working party J Clin Oncol,Am,Soc Clin Oncol
SRB assay term antiproliferative effects,were assessed by,performing clonogenic SRB
specific immunohistochemical markers,can,Thus can very useful in diagnosis of cancer to thyroid carcinomas
Department of Obstetrics and Gynecology,of Department is,Osaka University Graduate School of Medicine
Maxillofacial Surgery,University of,Meikai University of School of Dentistry
biomarkers,are under,currently clinical evaluation for treatment
clinical trials,are underway based,biomarkers
Pembrolizumab,is,humanized monoclonal IgG4 antibody consisting
Pembrolizumab,is,humanized IgG4 antibody consisting of affinity mouse anti-PD-1-derived variable region grafted onto human IgG4 immunoglobulin molecule with engineered Fc region
Immunotherapy,targeted,breakthrough in cancer therapy Prog Biochem Biophys 2018 45 1178 1186 6
HCC827 cells,were treated with,MET icotinib resistant exosomes
DWI MRI evaluation,has,has reported as useful tool for differentiating malignant tumors from lesions
next generation TRK kinase inhibitor,overcomes resistance to,TRK kinase inhibition in patients with TRK tumors Cancer Discov
miRNAs,also play role in,biology
Department of Radiation Oncology,of Department is,Chinese Academy of Medical Sciences and Peking Union Medical College
Department of Surgery,Department of,Japan Department of Surgery
Cancer Research Institute,is,Seoul National University College of Medicine
National Health and Family Planning Commission Contraceptives Adverse Reaction Surveillance Center,is,Jiangsu Institute of Planned Parenthood Research
Immunology,of Laboratory is,Zhongnan Hospital of Wuhan University
T cells,play role in,immune response to cancer cells in NSCLC
pulsatile MEKi treatment,combined with,CTLA 4 blockade survival in bearing tumors
Inadomi K Kumagai H Arita S Tsuruta N Takayoshi K Mishima K Ota S Tanaka M Okumura Y Sagara K Bi-cytopenia,induced by,anti-PD-1 antibody
Our functional study,enriched,tumor suppressive role of miR 15a -16-1
Research Neoadjuvant chemoradiotherapy,followed by,transanal excision assisted for lying rectal adenocarcinoma
Cell lines,were obtained from,Korean Cell Line Bank
specific immunohistochemical markers,can,Thus can useful in correct diagnosis of rectal cancer to thyroid carcinomas
Chronic Obstructive Pulmonary Disease IREB2,has,has implicated as COPD susceptibility gene
Key Laboratory of Proteomics,is,Dalian Medical University
Such clinical significance,could,could confirmed by cytological bioactivities
C12 ion beam therapy,theoretically offers,biological advantages
Gene expression,is in,OSCC cell lines
School of Public Health,is,Tongji Medical College
Radical esophagectomy,has,has acknowledged with paramount importance in therapy for esophageal squamous cell carcinoma
Bioinformatic analysis,reveals,pattern of STAT3 associated gene expression specific to breast cancers
Background Cisplatin,is used as,drug for solid cancers including lung cancer
MYC dependence,is synthetic lethal in,TNBC cell lines
Cells,were treated for,48 h. Caspase 3 antibody
Norway Department of Medical Biology - Tumor Biology Research Group,is,Faculty of Health Sciences
Indicated cells,were,cultured with 200 μl DMEM in upper chamber
MYC transcription factor expression,was lower than,BHCC tissue
Pembrolizumab,is,humanized IgG4 antibody consisting of high affinity mouse anti-PD-1-derived variable region
China Department of Respiratory Medicine,is,Nanjing Drum Tower Hospital Affiliated to Medical School of Nanjing University
Tumor Mutational Burden,has emerged as,promising novel biomarker in setting
Review TCF7 gene,was,firstly identified as T lymphocyte specific transcription factor in 1991
Pembrolizumab,is,monoclonal IgG4 antibody consisting of affinity mouse region
Department of Biochemistry and Molecular Biology,of Department is,Basic Medical Science of Tongji Medical College
Broad Institute Cancer Cell Line Encyclopedia,is,tumor genomics research project led by Broad Institute
tumor model in Female BALB c nude mice,were purchased from,Center of Experimental Animal of Guangzhou University
"Department of Preventive Medicine , School of Public Health",of Department is,"Centre for Genetic Epidemiology , School of Life Sciences"
Pembrolizumab,is,humanized monoclonal IgG4 antibody consisting of affinity mouse region grafted with engineered Fc region for stabilization
Luciferase reporter gene assays,transfected with,ERE LUC constructs with type ERβ binding sites
Malabar Cancer Centre,is,care hospital situated in rural district
Pulmonary Medicine,of Department is,Institute of Dermatology
Aurora kinase inhibition therapy,specifically target,KRAS transformed cells
Italy Department of Medical and Surgical Sciences,Department of,Experimental Medicine
immunohistochemistry,confirms,ALK Rearrangemnet in patient with metastatic lung Cancer J Thorac Oncol
Mitochondria,can,can targeted via mitochondrial sirtuins
Robotic surgery,offers advantages over,VATS especially in bronchial plastic surgery
systematic lymphadenectomy,is,At present treatment for ESCC
Pembrolizumab,is,humanized IgG4 antibody consisting of high affinity mouse anti-PD-1-derived variable region grafted with Fc region
Methods Human esophageal tissue array database,evaluate,clinical relevance
biomarkers,select treatment strategy Compared,prognostic biomarkers
central tumor suppressive complex,is in,pancreatic cancer Proc Natl Acad Sci U S A
Thoracic Oncology,of Department is,Cancer Center
Hales RK Hedgehog pathway inhibition radiosensitizes cell lung cancers,Int,J Radiat Oncol Biol Phys 2013 86 143 149 10.1016
Department of Otorhinolaryngology,is,University Hospital of North Norway
Cancer Institute of Integrated Traditional Chinese and Western Medicine,is,Zhejiang Academy of Traditional Chinese Medicine
Pembrolizumab,is,humanized monoclonal IgG4 anti-PD-1 antibody consisting of high affinity mouse anti-PD-1-derived region grafted onto IgG4 immunoglobulin molecule with engineered Fc region
NLRP3 inflammasome,could,could activated by LPS
Pembrolizumab,is,IgG4 anti-PD-1 antibody consisting of affinity mouse region grafted onto human IgG4 immunoglobulin molecule with engineered Fc region
Such clinical significance,could,could confirmed by bioactivities with interference of rpS6 activation
tumor model BALB c mice,were purchased from,Center of Experimental Animal
NALP3 inflammasome,is,fully characterized inflammasome
cytological diagnosis,using,guided needle aspiration of primary tumor
based metabolomics,reveal,protective effect of Saponins of Tribulus terrestris fruit against ischemic stroke
Cancer Genome Atlas,provides,great genomic data with patients information
HRM MAF titration,was,conducted by MAF in mixed DNA sample from 10 % to 0.005 % in increasing total DNA concentration assay from 0.25 ng μl
multiplex NGS assay,opportunity,for CUP patients benefit from personalized therapies
College of Bioinformatics Science and Technology,is,Harbin Medical University
Radical esophagectomy,has,has acknowledged with importance in therapy for cell carcinoma
based metabolomics,reveal,effect of Saponins against ischemic stroke in rat
Department of Medicine,of Department is,BIDMC Center for Vascular Biology Research
clinical trials,were,Although focused on PARP inhibitors efficacy in germline mutated BRCA1 2 cancers
School of Stomatology,is,China Medical University
VEGFR targeting antibody ramucirumab,was,approved by Food Administration in United States for advanced junction adenocarcinoma patients with progression
European Organization for Research and Treatment of Cancer,Institute of,National Cancer Institute of Canada J Natl Cancer Inst
clinical trials,reported on,activity of therapy in pancreatic cancer
Cells,were,treated with MTE at concentration respectively
Pembrolizumab,is,monoclonal IgG4 anti-PD-1 antibody consisting of affinity mouse anti-PD-1-derived region grafted with engineered Fc region for stabilization
Xenografted tumor model in Female BALB c nude mice,were purchased from,Center of Experimental Animal
Research Neoadjuvant chemoradiotherapy,followed by,transanal mesorectal excision assisted for rectal adenocarcinoma
B cells,are critical to,T cell mediated antitumor immunity induced by conditionally cytotoxic therapy
diabetic severe combined immunodeficient xenograft model,reflects,clinical characteristics
Cancer Medicine,of Center is,Department of Pathology
Primary human cells,were stained marker CD45 for,specific marker CD326 EpCAM
miRNAs,may,may favorable biomarkers for patients
Second Department of Propedeutic Surgery,is,Medical School
HSCC cell line,was purchased from,Shanghai Institute of Biology
Paclitaxel transplantable cancer,induced,transplantable murine breast cancer TAM
Bioinformatic analysis,reveals,pattern of gene expression specific to basal like breast cancers
PIWIL1 gene,be considered as,molecular target for treatment of lung cancer
Department of Interventional Radiology,Department of,Department of Dermatology
Biomedicine Laboratory,Department of,Department of Diagnostics and Public Health
Netherlands Department of Radiology and Nuclear Medicine,is,University Medical Center Utrecht
USA Thoracic Oncology Department,is,H. Lee Moffitt Cancer Center and Research Institute
Institute of Radiation Medicine,of Institute is,Chinese Academy of Medical Sciences
Pembrolizumab,is,humanized IgG4 anti-PD-1 antibody consisting of high affinity mouse anti-PD-1-derived region grafted with engineered Fc region
specific immunohistochemical markers,can,can useful in correct diagnosis of cancer
serum CYFRA 21 1 assay,has,In our department has performed at workup after radiation based therapy since 2005
"Department of Occupational & Environmental Medicine , College of Medicine",of Department is,"Korea2 Department of Occupational & Environmental Medicine , College of Medicine"
Liu MEK inhibitor transplantable murine colon cancer,number of,intra-tumoral CD8
Department of Internal Medicine - Section of Hematology and Oncology,School of,Wake Forest School of Medicine
National Institutes of Health,is,National Cancer Institute
clinical predictors,associated with,successful bronchoscopy
ROCK kinase inhibitor fasudil,was first approved molecule for,clinical use
Many targeted therapies,are effective for,patients with specific genetic alterations known as driver mutations
pro-metastatic factor,is in,HSCC cells
serum CYFRA 21 1 assay,has,has routinely performed at diagnostic workup after based therapy since 2005
T cells,contribute to,development of drug induced ATIN
CCR2 cells,powerful potential of,cell specific molecular imaging techniques for noninvasive diagnosis of lung IRI
human antibody,shows activity in,hematologic malignancies
MUC16 CA125 antigen,is,Moreover already routinely used serum marker
Biochemical studies,Comp,Biochem Physiol C Toxicol Pharmacol
University Health Network,Professor at,Faculty of Medicine
Major lung resection,may cause,heart failure with large left right shunt
MIR10B gene,was,For expression cloned into pMX IRES Blasticidin vector downstream of constitutive Pol III U6 promoter
Our hospital,is,diagnosis of cancer in China
CD40 antibody,were purchased from,Elabscience Biotechnology Co. Ltd.
Medical Radiation Physics,Department of,Department of Oncology and Pathology
its corresponding clinical information,were obtained from,http://cancergenome.nih.gov
medical applications,are Among,applications of biology
Radiotherapy,is generally given as,primary treatment in tumors
New South Wales Cancer Registry,is,For cancer outcomes gold standard for cancer cases in NSW
Pembrolizumab,is,humanized monoclonal IgG4 anti-PD-1 antibody consisting of high affinity mouse region grafted onto human IgG4 immunoglobulin molecule with Fc region
Synaptonemal complex protein 3,is,associated with lymphangiogenesis in cell lung cancer patients with lymph node metastasis J Transl Med
Taiwan Department of Radiation Oncology,is,Kaohsiung Medical University Hospital
Tsang YW Chang HJ Upfront geftinib erlotinib treatment,followed by,radiotherapy
Preoperative modified FOLFIRINOX treatment,followed by,capecitabine based chemoradiation
Thiery JP Acloque H Huang RY Nieto MA mesenchymal transitions,inhibits transition by,FOXM1 in non-small cell lung cancer cells
Programmed cell death loss,is,regulated by miR 21 in cell carcinoma Mol Cancer
CRISPR,establish,cancer mouse models
Department of Radiology,Department of,Department of Radiology
Pembrolizumab,is,is studied in combination with ipilimumab in phase
Tumor mice model construction BALB c mice,were purchased from,Beijing Laboratory Animal Research Center
EGFR antibody cetuximab,is antibody Based,clinical relevance
Cancer Molecular Biology Laboratory,is,Department of Biological Sciences
three genomic measures,were used,covariates to help in selecting genes with lung cancer gene expression
Radiation Oncology,is,Lo - Hsu Medical Foundation
Department of Pathology and Immunology,is,Washington University School of Medicine
specific immunohistochemical markers,can,Thus can very useful in diagnosis of cancer
Tumor cells,form only sometimes,sheets of cells
Department of Gastroenterology,is,Matsusaka Municipal Hospital
Guo Y Antibody engineering,promotes,nanomedicine for cancer treatment Nanomedicine
Department of Internal Medicine,Department of,Biomedicine
tumorigenesis assays,were purchased from,Center of Experimental Animal
Olivia Newton - John Cancer & Wellness Centre,is,Austin Health
ErbB2 overexpression,has,has found in breast cancer patients classified
intra-arterial chemotherapy,is,technically facilitated by implantation via Jet Port Allround catheters
Radical esophagectomy,has,has acknowledged with importance for esophageal cell carcinoma
Japan Department of Radiation Oncology,is,Hokkaido University Graduate School of Medicine
"Department of Biochemistry and Molecular Biology , College of Medicine",College of,College of Medicine
Samsung Genome Institute,is,Samsung Medical Center
neuropilin 2 isoform NRP2b,supports,TGF beta mediated progression in lung cancer Science Signaling
Zhang SE fibroblasts,contribute via,mediated miR 34a 5p EBioMedicine
Department of Radiation Oncology,Institute of,Heidelberg Institute of Radiation Oncology
treatment BALB c mice,housed in,certified specific level animal facility with cages at Institute of Radiation Medicine
Proper laryngeal anatomy,is,particularly crucial to physiology of aspiration
Key Laboratory of Molecular Clinical Pharmacology & Fifth Affiliated Hospital,of Laboratory is,Guangzhou Medical University 2017 Open AccessThis article
Immunohistochemistry,examine,expression in embedded OSCC tissues
our miRNAs,were proved,related miRNAs with accuracy
anti- total ERK1 polyclonal antibody,was provided by,Santa Cruz Biotechnology Inc.
HRM MAF titration,was,conducted by MAF in DNA sample from 10 % to 0.005 % of Ex19_std in DNA concentration assay
tracheal cells,were stained marker CD45 for,specific marker CD326 EpCAM
Pembrolizumab,are,IgG4 anti-PD-1 monoclonal antibodies approved as second line therapy for HNSCC
Its biological role,has,has mainly evaluated in esophagus cancers
Yue J Yu Z Tumor marker index,is factor for,patients with resectable cell carcinoma Cancer Biomark Sect A Disease
Four UM SCC cell lines,test,effect on CAM on metastases
Research Center for Environmental Medicine,is,Kaohsiung Medical University
Department of Radiotherapy,of Department is,Morocco Laboratory of Cytopathology
Fujian Medical Innovation Project 2015 CX 8Li Jin luan Joint Funds,Laboratory of,Key Laboratory of Carcinogenesis
miRNAs,are,are used as therapies as prognostic biomarkers
Obstructive Pulmonary Disease IREB2,has,has implicated as COPD susceptibility gene in case control study
human umbilical formation,was inhibited by,anlotinib supernatant
Targeted sequencing,reveals TP53 as,potential diagnostic biomarker in post-treatment surveillance of head cancer
Pembrolizumab,is,humanized IgG4 anti-PD-1 antibody consisting of high affinity mouse anti-PD-1-derived region grafted onto human IgG4 immunoglobulin molecule with Fc region for stabilization
Background Anti-fibrotic drugs,have,have developed for treatment of idiopathic pulmonary fibrosis
CRBP 1 immunostaining results,were scored by,two pathologists
Department of Radiology,is,Okayama University Graduate School of Medicine
Acknowledgements Medical,was provided by,Christian Eichinger of PharmaGenesis London
Center of Medicine and Clinical Research,Division of,Respiratory Medicine
concurrent chemoradiotherapy,is,In western world treatment for disease
radiotherapy,highlighting,importance of R0 resection in elderly HNSCC patients
First Department of Internal Medicine,Department of,Department of Internal Medicine
biomarkers,capture,tumor biological features linked
Pembrolizumab,is,cancer immunotherapy commonly used
Pembrolizumab,is,humanized IgG4 antibody consisting of affinity mouse region grafted with engineered Fc region
Biomarkers lung cancer markers,found in,list validated breast cancer biomarkers
MET gene,shows,expression level in group 1 of breast cancer samples than in group 2
Computational Biomedicine,is,Boston University School of Medicine
Aurora kinase inhibition therapy,target,KRAS transformed cells
Institute of Public Health and Clinical Nutrition,of Institute is,Department of Psychiatry
Pembrolizumab,is,humanized IgG4 anti-PD-1 antibody consisting of high affinity mouse variable region grafted
Ongoing phase oncology trials,focuses on,early phase oncology trials at MDACC mainly
Bevacizumab,was,first FDA approved antibody
TLR7 8 agonist imiquimod,may,may promising topically applied therapeutic agent
Department of Internal Medicine,is,Yale University School of Medicine and Yale Cancer Center
diagnostic laparoscopy,should,In consideration of peritoneal tropism should mandatory
Integrative genome analyses,identify,key somatic driver mutations of small cell lung cancer
expressed miRNAs,may also play roles except,functioning as biomarkers
Yue J Yu Z Tumor marker index,is significant factor for,patients with resectable esophageal squamous cell carcinoma Cancer Biomark Sect A Disease
Medicine,of Department is,IRCCS Regina Elena National Cancer Institute
Vascular endothelial growth factor,is,key molecular target
clinical significance,However requires,investigation through application as integral biomarkers
BTPS type,is in,keeping with McKusick ’s original description with CMMRD spectrum disease
Pembrolizumab,is,is evaluated in early phase trials in combination with azacitadine in advanced NSCLC
patient study file,was,registered at National Commission with study approved by Institutional Review Board for Respiratory Medicine
Discussion Radiotherapy,has,has used as therapeutic option for patients with cervical cancer
Ireland Trinity Translational Medicine Institute,Hospital ’s,St. James ’s Hospital
Department of Oncology,of Department is,Fudan University Shanghai Cancer Center Minhang Branch Hospital
Wang Y Li Z He C Wang D Yuan X Chen J Jin J MicroRNAs expression signatures,are,associated with lineage in leukemias Blood Cells
epidermal growth factor receptor,development of is,important milestone in targeted therapy of NSCLC
Cheshire Cancer Network,serves,population with oncology provision
Primary Sjögren ’s syndrome,is,in Sjögren ’s syndrome autoimmune disorder characterized by lymphocytic infiltration of exocrine glands
USA Department of Pharmaceutical Sciences and Opthalmology,Department of,CO 80045 USA Department of Pathology
Department of Oncology,University of,Shanghai University of Traditional Chinese Medicine
School of Medicine,is,Chung Shan Medical University
T effector cells,transmigrate to,TME compartment tightly regulated by immunomodulatory tumor endothelial cells
tumor suppressor miRNA,let,7a 1 gene as new target
Guangdong Key Laboratory for Research and Development of Natural Drugs,for Laboratory is,Department of Gastroenterology
Clinical Research Center for Breast,is,West China Hospital
Oncology,of Laboratory is,Medical College of Nanchang University
Zhang XS Wang Z derived suppressor cells,promote tumor progression in,cancer J Transl Med 2015
Cogle CR cell,derived,angiocrine support of leukemia targeted by receptor tyrosine kinase inhibition Leuk Res
Institute of Cancer Stem Cell,of Institute is,"China Ministry of Education Key Lab for Avian Preventive Medicine , College of Veterinary Medicine"
clinical significance,is in,patients with LSCC
Pembrolizumab,is,humanized IgG4 anti-PD-1 antibody consisting of high affinity mouse anti-PD-1-derived region grafted onto IgG4 immunoglobulin molecule with engineered Fc region
Pembrolizumab,is,humanized monoclonal IgG4 antibody consisting of high affinity mouse variable region grafted onto IgG4 immunoglobulin molecule with engineered Fc region
Pemetrexed transplantable colon cancer ICD,also augmented,T cell function
Predictive biomarkers,are common practice with,modern targeted therapies like anti HER2
metabolomics,reveal,protective effect of Saponins against stroke in rat
miRNAs,are,biomarkers
Chest computed tomography analysis,determines baseline before,pembrolizumab therapy
Ribobio Control siRNA,was used as,Ribobio Co.
Huang TGF beta1 expression,is,regulated by protein kinase in mesangial cells Kidney Int
Carlos III Institute of Health,is,Instituto de Salud Carlos III
mRNAs,were retrieved from,lncRNADisease 2.0 database
KYSE510 cell line,exhibited among,ESCC cell lines
Cell animal experiments confirmed,explore,role of CHAF1B on cisplatin resistance by NCOR2
serum CYFRA 21 1 assay,has,In our department has routinely performed at initial workup after radiation based therapy since 2005
Western blot analysis,is in,SSC 9 cells transfected with LentiSema3A EGFP
Della Vittoria Scarpati G Falcetta F Carlomagno C Ubezio P Marchini S De Stefano A specific miRNA signature,correlates with,response to neoadjuvant chemoradiotherapy in cancer Int J Radiat Oncol Biol Phys 2012 83 1113 1119
Union Hospital,is,Tongji Medical College
World Health Organization,classified as,adenocarcinoma subtype
Human lung cell line BEAS 2B,was obtained from,Cell Bank of Chinese Academy
BCL proteins,emerged with,development of BH3 mimetics
Union Hospital,is,Tongji Medical College
Cancer Genome Atlas Research Network,However performed,genomic analysis of 178 cell lung cancers
induced MDSC,may induce,formation of blood vessels
HTB177 cells,study,effects of pharmacological inhibition on metastasis of lung cancer
Cao XY Jia ZF Jin MS Cao DH Kong F Suo J Jiang J Serum pepsinogen,is,diagnostic marker
Shalapour S Font Burgada J Di Caro G Zhong Z Sanchez Lopez E Dhar D Willimsky G Ammirante M Strasner A Hansel DE Immunosuppressive plasma cells,impede,chemotherapy Nature 2015 521 7550
Medical Biochemistry and Pathology,is,Laval University Cancer Research Center
Centre Hospitalier Universitaire Vaudois,Division of,Thoracic Anesthesiology
Department of Radiation Oncology,Center for,Collaborative Innovation Center for Cancer Medicine
Pembrolizumab,is,humanized IgG4 anti-PD-1 antibody consisting of affinity mouse anti-PD-1-derived variable region
radiotherapy,be,treatment modality through monitoring of ICDs
Cetuximab,was introduced for,IMRT patients eligible
Department of Pathology,is,National Cancer Center / Cancer Hospital
Shanghai Pulmonary Hospital,affiliated with,Shanghai Chest Hospital affiliated with Shanghai Jiao Tong University
Cells,stained with,BD Biosciences 1:100
Department of Medical Genetics,of Department is,Shahid Beheshti University of Medical Sciences
Radiotherapy,has,has established as definitive treatment
MIB proliferation index,was markedly higher with,expression of CXCR4 especially with CXCR4 expression
PA USA Department of Radiology,is,Drexel University College of Medicine
Genetic based synthetic therapy,are,Currently directly targeted at activated oncogenes
Veterinary Pathology,of Department is,Animal Breeding and Molecular Pathology
our HNSCC cell lines,showed,induction of MHC class I genes
Immunohistochemistry,assess,biomarker expression
Human PDA tissues,were obtained from,Pathology Unit of Sant’Andrea Hospital
Department of Epidemiology and Biostatistics,of Department is,EMGO Institute for Health and Care Research
pathologists,reviewed,IHC studies
HRM MAF titration,was,conducted by MAF in mixed DNA sample in DNA concentration assay from 0.25 ng μl
cancer immunotherapy,containing,sequence optimized mRNAs
Department of Pathology and Laboratory Medicine,Department of,Department of Pathology
increased MIR31HG expression,was,For instance found in LUAD NSCLC tissues when
LINC01234 gene,shows,higher expression level in group 1 breast cancer samples
MDA MB 231,transduced For,tumor model
Anti-PD-1 antibody,enhances response in,late stage tumor xenograft model
Department of Radiation Oncology,is,Bern University Hospital
Bioinformatic analysis,reveals,pattern of gene expression specific in tumors Proc
Chen X Zhang L Cheung PC Immunopotentiation activity,cocos,Int Immunopharmacol
Cells,combined with,fluorescence antibody
IBM score,predict OS for,patients with OSCC
Department of Medical Oncology,Center for,Collaborative Innovation Center for Cancer Medicine
Pembrolizumab,is,humanized IgG4 anti-PD-1 antibody consisting of affinity mouse region grafted onto human IgG4 immunoglobulin molecule with Fc region
T cells,can also potentiate,T cells
Graduate Institute of Biomedical Materials and Tissue Engineering,is,College of Biomedical Engineering
Medical Oncology,of Department is,Affiliated Cancer Hospital
SCC cells,increase tumor size in,orthotopic murine tumor model
Pembrolizumab,are,human IgG4 anti-PD-1 monoclonal antibodies approved as line therapy for metastatic HNSCC by US FDA
DWI MRI evaluation,has,has yet reported as useful tool for differentiating tumors
Pembrolizumab,is,IgG4 anti-PD-1 antibody consisting of affinity mouse variable region
Radiotherapy,has,has established as treatment for unresectable tumors
Wu XJ Basic transcription factor 3,is required via,regulation of FOXM1 in gastric Cancer Oncol Res
Pembrolizumab,is,humanized IgG4 antibody consisting of high affinity mouse anti-PD-1-derived variable region grafted onto human IgG4 immunoglobulin molecule with Fc region
Cells,were treated with,cetuximab
Department of Preventive Medicine and Public Health,is,Ajou University School of Medicine
APC gene,has,has reported as important tumor suppressor
Department of Gastroenterology,Department of,Department of Hepatology and Gastroenterology
Critical Care,Department of,OH USA Department of Biostatistics
Department of Radiation Oncology,Department of,Department of Radiology
pulmonary microvascular cells,maintained in,ScienCell
Respiratory Care Medicine,of Department is,West China Medical School
biological consequence,was examined in,OSCC tissues
Department of Radiotherapy,is,Azienda Ospedaliero - Universitaria di Ferrara
Cells,were stained with,FITC conjugated CD95 antibody
Immunohistochemistry,examine,expression in OSCC tissues
Research Neoadjuvant concurrent chemoradiotherapy,followed by,transanal total excision assisted by single port surgery for adenocarcinoma
based biomarkers,predict pCR after,SABR treatment with study as gold standard
Japan Department of Urology,is,Fujisawa City Hospital
relevant consensus reference genome,is step towards,personal reference genomes
Pembrolizumab,is,humanized monoclonal IgG4 anti-PD-1 antibody consisting of high affinity mouse anti-PD-1-derived variable region grafted onto IgG4 immunoglobulin molecule
T cells,detected expression levels by,qRT PCR assay in NSCLC tissue specimens
Department of Medicinal Oncology,of Department is,China Department of Clinical Nutrition
Laparoscopic hemicolectomy,was performed following,strict oncologic principles
Department of Dermatology,Institute for,Research Institute of Vaccine Therapy for Tumors
UM SCC cells,were treated with,cetuximab
Belgium Pathology,is,University Hospitals Leuven
Pembrolizumab,is,humanized IgG4 anti-PD-1 antibody consisting of high affinity mouse anti-PD-1-derived region grafted onto IgG4 immunoglobulin molecule with Fc region for stabilization
PD gene,be,used as markers for lung adenocarcinoma staging in Northeast Han population
Zhang T Zhang derived gastric carcinoma xenograft mouse models,faithfully represent,human tumor molecular diversity PLoS One
clinical treatment,However should differ due,biological behaviour of mucinous adenocarcinoma
cetuximab,is in,BRAF V600E mutated colorectal cancer N Engl J Med
human lung cancer cell line 95D,was obtained from,Cell Bank of Chinese Academy
driving gene,is in,biology
Department of Gastroenterology,University of,Hubei University of Medicine
c Quantification cells,using,BrdU incorporation assays
Pembrolizumab,is,humanized monoclonal IgG4 antibody consisting of high affinity mouse variable region grafted with engineered Fc region for stabilization
Brachytherapy,was,For BT treatment planning purposes performed
TLR7 8 agonist imiquimod,may,For VSCC tumors may promising therapeutic agent
Graduate Institute of Biomedical Materials and Tissue Engineering,School of,School of Biomedical Engineering
"Graduate Institute of Medicine , College of Medicine",of Institute is,Kaohsiung Medical University Hospital
"Taiwan Department of Family Medicine , School of Medicine , College of Medicine",is,Kaohsiung Medical University
Background Axitinib,is,tyrosine kinase inhibitor of vascular endothelial growth factor receptors 1 2
HRM MAF titration,was,conducted by MAF in mixed DNA sample from 10 % to 0.005 % of Ex19_std in total DNA concentration assay from 0.25 ng
BH3 profiles,be,associated with treatment response to nCRT serve as basis
Otolaryngology Head,of Department is,Schulich School of Medicine & Dentistry
Department of Surgery,School of,Shinshu University Graduate School of Medicine
LUAD tissue samples,were,collected from Department of Thoracic Surgery
extensive immuno oncology research,has,During past two decades has focused on T cells
Department of Medicine,is,Samsung Medical Center
Della Vittoria Scarpati G Falcetta F Carlomagno C Ubezio P Marchini S De Stefano A specific miRNA signature,correlates with,response to chemoradiotherapy in cancer Int J Radiat Oncol Biol Phys 2012 83 1113 1119
Cells,were analyzed by,Attune AB Applied Biosystems
Department of Internal Medicine,is,Respiratory Research Unit
BSCCs used,are from,sample bank of Pathology
HBEGF stimulation,induced,strong AREG increase in OSCC cell lines
diagnostic biomarkers,are,with fast development of biopsy of cancer diagnosis needed for scale prospective studies
Union Hospital,is,Tongji Medical College
Gemcitabine IC50 values,is in,human lung cancer cell lines
Cancer Treatment Centers of America,is at,Midwestern Regional Medical Center
Department of Anatomy and Developmental Biology,is,School of Medicine
Primary Sjögren ’s syndrome,is,in Sjögren ’s syndrome autoimmune disorder characterized by lymphocytic infiltration
patient study file,was,registered at National Commission with study approved by Institutional Review Board for Respiratory Medicine
Bioinformatic analysis,reveals,pattern specific in human tumors Proc
Department of Pharmaceutical Sciences,is,School of Pharmacy
Department of Pathology,of Department is,Southern Medical University
"Prospective National University of Singapore , Department of Bioengineering",of University is,Optical Bioimaging Laboratory Singapore National University of Singapore 2748 Guze
Center for Cancer Research,is,National Cancer Institute
specific immunohistochemical markers,can,Thus can very useful in correct diagnosis of cancer
Hepatic Surgery Center,is,Department of Surgery
Tissue diagnosis,is,still gold standard as pathological diagnosis
specific shRNA,Conversely was expressed in,UM SCC 14A cells with high expression
Clinical applications biopsy,is,diagnostic tool performed on blood
Shandong Cancer Hospital and Institute,Department of,Shandong Province China Department of Radiology
Washington University School of Medicine,School of,Washington University School of Medicine
biomarkers,are,with development of biopsy of cancer diagnosis urgently needed for large scale studies
Using bioinformatics tools,constructed,ceRNA network for lung cancer
Department of Medical Oncology,of Department is,Peter MacCallum Cancer Centre
pathologists,differentiate AC with,neuroendocrine differentiation
computed tomography,is,established imaging modality for wide variety of malignancies
growth factor receptor tyrosine kinase inhibitors,have,In past decades have commonly used as targeted therapy for patients
Department of Stomatology,of Department is,China Department of General Dentistry
Immunohistochemistry,was carried out at,pathology laboratory
exosomic miR level,may,may potential prognostic biomarker for gemcitabine sensitivity
our miRNAs,be,breast cancer related miRNAs with accuracy of 100 %
Wong S Foong YC Ranjan N Luttrell J Venous thromboembolism,is in,medical patients
Department of Medical Oncology,School of,Tongji University School of Medicine
KYSE450 cells,exhibited proliferation rate capacity compared,KYSE450 cells
Shanghai Key Laboratory of Veterinary Biotechnology,of Laboratory is,China Department of Pathology
Research Neoadjuvant chemoradiotherapy,followed by,transanal excision assisted
Department of Medicine,is,Sungkyunkwan University School of Medicine
PA USA Department of Pathology,is,Drexel University College of Medicine
specific immunohistochemical markers,can,Thus can useful in diagnosis of rectal cancer to thyroid carcinomas
serum CYFRA 21 1 assay,has,In our department has performed at diagnostic workup after therapy
Basic Medicine College,is,Guangzhou University of Chinese Medicine
LINC01234 gene,shows,expression level in group 1 breast cancer samples than in group 2
Cyclophosphamide transplantable fibrosarcoma,enhanced,priming of tumor specific CD8
Department of Medical Psychology and Medical Sociology,is,University Medical Center Leipzig
circulating miRNAs,may play roles except,functioning as biomarkers
based biomarkers,predict pCR after,SABR treatment with histopathological study
phase III immune checkpoint inhibitor trials,is in,NSCLC Ann Oncol 2017 28 736 744 31
MIB 1 proliferation index,was markedly higher with,expression of CXCR4 with CXCR4 expression
Primary cells,stained with,indicated antibodies
College of Clinical Medicine of Henan University of Science and Technology,of College is,China Department of Microbiology
HPV E6 oncogene,influences,biological characteristics of HNSCC cells
Tazuke Kofukai Medical Research Institute,Department of,Department of Thoracic Surgery
Institute of Pathology,is,Medical University of Graz
Department of Medicine,is,The Royal Marsden NHS Trust
Anti-PD-1 antibody,enhances response in,stage tumor xenograft model
Pembrolizumab,is,humanized IgG4 anti-PD-1 antibody consisting of high affinity mouse anti-PD-1-derived variable region grafted onto human IgG4 immunoglobulin molecule with Fc region for stabilization
Integrative genomic analyses,reveal,relevant RNAs in human cancer Nat Struct Mol Biol
Department of Gynecologic Oncology,is,Samsung Medical Center
Biostatistics,of aDepartment is,H. Lee Moffitt Cancer Center and Research Institute
human ESCC cell line TE 1 cells,were obtained from,Cell Bank of Shanghai Institutes
diagnostic biomarkers,are,In addition with development of biopsy of cancer diagnosis urgently needed for scale studies
exosomic miR level,may,may potential biomarker for predicting gemcitabine sensitivity in NSCLC patients
Primary cells,were stained,specific marker CD45
Department of Pathology,Department of,Department of Oncology
Pembrolizumab,are,human IgG4 anti-PD-1 antibodies approved as line therapy for HNSCC by US FDA
Lgr5 cells,be,cellular origin
Radiotherapy planning,was conducted with,Varian Medical Systems
Key Laboratory,Department of,Department of Operational Medicine
biological effects,are mediated via,binding to specific tyrosine kinase receptors including VEGFR 1
clinical trial,is in,large Veterans Affairs patient cohort
human cells,were stained,hematopoietic specific marker CD45
Pharmacophore modeling,led to,discovery of inhibitors of human immunodeficiency virus 1
Department of Pathology,of Department is,Takeda Pharmaceuticals International Co
Method Cell culture,Immortalized,human bronchial cells
Pericardiocentesis,is easier and less invasive procedure than,pericardial window surgery
Department of Medical Oncology,Department of,Italy Department of Medical Oncology
labelled exosomes,uptake by,MNSC recipient cells
expressed miRNAs,have,have studied in cancers including lung SCC
Department of Radiology,is,Sir Run Run Shaw Hospital of School of Medicine
Radical esophagectomy,has,has widely acknowledged with importance in cure intended therapy for cell carcinoma
Department of Pulmonology and Immunology,of Department is,Lithuanian University of Health Sciences
adaptive magnetic resonance,guided,radiotherapy
Department of Surgery,of Department is,Graduate School of Medicine
Cell transfections,were,designed by RiboBio
Nuclear Medicine,of Department is,Korea Department of Radiology
Research Neoadjuvant concurrent chemoradiotherapy,followed by,transanal total mesorectal excision assisted by port surgery for lying rectal adenocarcinoma
Bristo Myers Squibb combination regimen,shows,responses in first line non-small cell lung cancer
Department of Epidemiology and Biostatistics,Agency of,Federal Biomedical Agency of the Russian Federation
Primary Sjögren ’s syndrome,is,in Sjögren ’s syndrome disorder characterized by infiltration
Internal Medicine,Department of,Department of Molecular Cell Biology
biomarkers,estimate,effect of gemcitabine in pancreatic cancer patients
Department of Pharmaceutical Sciences,is,Eugene Applebaum College of Pharmacy and Health Sciences
Department of Internal Medicine,College of,Yonsei University College of Medicine
Department of Medical Parasitology & Mycology,School of,Medicine
Rybak Wolf Stottmeister C Glazar P Jens M Pino N Giusti S Hanan M Circular RNAs,dynamically expressed,Mol Cell
Her laboratory research,developing,improved strategies for relevant subsets of lung cancer
Department of Anesthesiology,of Department is,China2 Department of Hepatobiliary & Pancreatovascular Surgery
Department of Oncology,College of,Second Clinical Medical College of Guangzhou University of Chinese Medicine
Davidoff Cancer Center,is,Rabin Medical Center
T cells,might,might important for T cell response in tumors
T cells,were,recruited by CXCL11 with based chemotherapy in tumor in tumor microenvironment
Cells,were transfected with,1 μM palbociclib
"Department of Pediatrics , Division of Pediatric Oncology / Hematology",Department of,Department of Biomedical Informatics
radiotherapy,is approach for,NSCLC patients with BM
Colangelo T Polcaro G Ziccardi Proteomic screening,identifies calreticulin as,miR 27a target repressing MHC class I cell surface exposure in cancer Cell Death Dis 2016 7
Transcriptomic expression profiling,confirmed,differences between anatomic localizations among samples belonging to same TNM stage
Integrative genomic studies,have identified,at least four distinct molecular subgroups of medulloblastoma
three genomic measures,were used,as new covariates help in selecting genes in lung cancer classifier
Integrative genomic analyses,reveal,relevant RNAs in cancer Struct Mol Biol
Whole genome sequencing,provides,new insights into clonal architecture of Barrett ’s esophagus
Mammalian mitochondria,are depicted,particles originated in cells
human reference genome,were integrated into,one reference genome
Radiotherapy Department,is of,First Hospital of China Medical University
Trinity Translational Medicine Institute,is,Department of Surgery
Disease type Expression Function,Related gene Tissue Animal Role Ref infarction Up,Proliferation Furin TGF β1 Cardiac Mouse Pathogenesis 18 31
Department of Biomedical Informatics,Department of,Department of Medical Research
Department of Internal Medicine - Section of Hematology and Oncology,of Department is,Wake Forest School of Medicine
Pembrolizumab,is,humanized IgG4 anti-PD-1 antibody consisting of high affinity mouse anti-PD-1-derived region grafted onto IgG4 immunoglobulin molecule with Fc region
Kaohsiung Chang Gung Memorial Hospital and Chang Gung University College of Medicine,Department of,Department of Pathology
VEGFR targeting antibody ramucirumab,was,approved by Food Administration in United States for junction adenocarcinoma patients with progression on chemotherapy
Xenografted tumor model BALB c nude mice,were purchased from,Center of Experimental Animal of Guangzhou University of Chinese Medicine
immunohistochemistry,is in,samples of human PDAC
Tumor histology,was verified through,typing of resected tumor
Robinson G Vascular endothelial growth factor,is,autocrine survival factor for breast carcinoma cells
derived induced pluripotent stem cells,is in,cancer research
clinical trials,Society of,Oncology of Cancer research joint research statement J Clin Oncol
traditional medicine,is,mainly used clinically in combination with ACT
Health Science,is,"Department of Biomedical Informatics , School of Medicine"
Institute of Cancer Stem Cell,of Institute is,Liaoning Cancer Hospital & Institute
Integrative genomic analyses,reveal,clinically relevant long RNAs in cancer Nat Struct Mol Biol
MTT assay,were conducted in,CAL 27 cell lines with CRBP 1
Precise genome editing,also holds,great promise for disease genes
Research Institute of Tuberculosis,is,Japan Anti-Tuberculosis Association
Molecular Medicine and Genetics Center,Department of,China Department of Endocrinology
Candidate biomarkers,were validated in,human primary NSCLC cohort
Cells,were,stained with primary rabbit antibody for 1 h
HEK293T cells,were,For luciferase reporter assay co-transfected
Cogle CR cell,derived,angiocrine support of myeloid leukemia targeted
using specific antibodies,However also influenced,function of stem cells
Our functional study,enriched,role of miR 15a -16-1 in various cancer types
Department of General Surgery,is,Southwest Hospital
Pembrolizumab,is,monoclonal IgG4 anti-PD-1 antibody consisting of high affinity mouse anti-PD-1-derived region grafted onto human IgG4 immunoglobulin molecule
Pembrolizumab,is,IgG4 anti-PD-1 antibody consisting of high affinity mouse region grafted with engineered Fc region for stabilization
MUC16 CA125 antigen,is,Moreover already routinely used serum marker for diagnosis
Matrigel cells,were,For Matrigel coated Transwell invasion assay placed in upper chambers
miRNAs,is in,cancer biology
Inadomi K Kumagai H Arita S Tsuruta N Takayoshi K Mishima K Ota S Tanaka M Okumura Y Sagara K Bi-cytopenia,induced by,antibody for primary malignant melanoma
Cardiac structures,were,contoured by one radiation oncologist for consistency
Computed tomography,is,main imaging modality for lung lesions largely based on characteristics
Medicine,School of,Sungkyunkwan University School of Medicine
MBNL3 splicing factor,promotes carcinoma by,increasing PXN expression through splicing of lncRNA PXN AS1 Cell Biol 2017 19 7
In mouse studies C57BL mice,were obtained from,Guangdong Medical Laboratory Animal Center
Tumor differentiation,may,may categorized with stage tumor like high grade dysplasia carcinoma
Department of Diagnostic,of Department is,RWTH University Hospital
Department of Anesthesiology,is of,First Affiliated Hospital of Harbin Medical University
Potential Tumor Suppressor Gene,Is Commonly Inactivated by,Epigenetic Mechanisms in Colorectal Cancer Plos Genet
human MIR10B gene,was,For expression of miR 10b cloned into pMX IRES Blasticidin vector
kidney cell line 293T,maintained respectively in,MEM supplemented with 10 % inactivated fetal serum
biological verification,are needed,Although HisCoM mimi worked well
predictive biomarkers,select treatment strategy Compared,biomarkers
Cogle CR Endothelial cell,derived,angiocrine support of acute myeloid leukemia targeted by receptor tyrosine kinase inhibition Leuk Res
Chest tomography scan,revealing,endobronchial massive shadow associated with atelectasis of upper lobe
Office of Biostatistics,of Office is,Ajou Research Institute for Innovative Medicine
miRNAs,are,In view presently considered as potential novel targets for therapies
CT angiography,rapidly effective alternative to,traditional angiography for screening
our top 50 miRNAs,were proved,to miRNAs with accuracy
Tumor cells,indeed had difference compared,parental cells
bMedical Genetics,is,Department of Health Sciences
CT angiography,effective alternative to,traditional angiography for screening
Tongji University School of Medicine,University of,The University of Texas MD Anderson Cancer Center
Tank binding kinase,is,associated kinase necessary
Drug Brand name Manufacturer Targets Applications,Approved,Selpercatinib Retevmo Eli Lilly RET fusion positive NSCLC
Olivia Newton - John Cancer & Wellness Centre,Department of,Victoria 3084 Australia Department of Biostatistics
Human tumor models,closely mimicking situations in,terms biological features
EGFR targeted therapy,is,biologic therapy
selected miRNAs,is in,MOC cell lines
Taiwan Division of Gastroenterology,is,Department of Internal Medicine
MET gene,shows,expression level in group 1 breast cancer samples than in group 2 breast cancer samples
peri-tumoral response,represents,activated T cell response in CRC
Cells,were,treated with ABS for 20 min
primary cutaneous AC,is with,neuroendocrine differentiation
Several CAR T cell platforms,are under,active clinical trials for refractory myeloma
Topalian SL Taube JM Anders RA biomarkers,guide,immune checkpoint blockade in cancer therapy Rev Cancer 2016 16 275 287
Respiratory Medicine,of Department is,Japan Research and Development Center for New Medical Frontiers
diagnostic biomarker,is,serum CA19 9 level
Radiation Oncology,of Department is,Johns Hopkins University School of Medicine
Pembrolizumab,are,human IgG4 antibodies approved as second line therapy for HNSCC
diagnostic biomarkers,are,with development of liquid biopsy of cancer diagnosis urgently needed for scale prospective studies
tracheal cells,were stained marker CD45 for,epithelial specific marker CD326 EpCAM
DWI MRI evaluation,has,has reported as tool for differentiating tumors from ovarian lesions
Pembrolizumab,is,is studied in combination with ipilimumab in patients
Harrington EA induced apoptosis,is inhibited by,cytokines EMBO J 1994 13 14 3286 95 8045259 47
medical imaging,are main methods for,clinical diagnosis leading to biopsy
Topalian SL Taube JM Anders RA biomarkers,guide,checkpoint blockade in cancer therapy Nat Rev Cancer 2016 16 275 287
standard anticancer drug,was,performed by red assay as described
clinical trials,identify,predictive biomarkers
immunohistochemistry,supports,CEUS findings
biomarkers,are under,clinical evaluation for treatment of esophagogastric cancer
MACS,magnetically specifically label CTCs with,8 monoclonal antibody
metastatic mouse model,constructed orthotopically with,histologically intact patient specimens
miRNAs,are novel targets for,cancer therapies
BTPS type,refers to,dominant inheritance with development of Adenomatous Polyposis
human MSCs Exos,be taken up by,PDL cells
Tehran University of Medical Sciences,of University is,Department of Pharmacology and Toxicology
Western blot analysis,evaluate,effect of NLRP3 inflammasome on development of CSCs
NCI H23 cells,were,treated with PA for 24 h
Department of Cancer Prevention,is,Institute for Cancer Research
Genetic based therapy,are,Currently directly targeted at activated oncogenes
MEK inhibitor trametinib,was approved worldwide for,clinical use
CD133 breast CSCs,have,high BMI1 expression
Slovenia Department of Pathology,is,University Medical Centre Maribor
biomarkers,are,with development of liquid biopsy of cancer diagnosis urgently needed for large scale studies
China Medical University Hospital,Center for,Precision Medicine
Conventional imaging diagnosis,is based on,analysis of radiologists
serum CYFRA 21 1 assay,has,In our department has performed at diagnostic workup after based therapy since 2005
Background Pancreatic resection,are,tools in multidisciplinary treatment of pancreatic adenocarcinoma
"Metabolomics Laboratory , College of Pharmacy",Department of,"Department of Epidemiology and Health Promotion and Institute for Health Promotion , Graduate School of Public Health"
Pembrolizumab,is,is evaluated in early phase trials in combination with azacitadine in pretreated advanced NSCLC
Pembrolizumab,are,IgG4 monoclonal antibodies approved as second line therapy for metastatic HNSCC
model imaging BALB c athymic mice,were provided by,Comparative Medical Center
RNActive cancer immunotherapy,containing,sequence optimized mRNAs
bGenetics Branch,Institutes of,National Institutes of Health
epidermal growth factor receptor,is relevant target for,cancer therapy
traditional medicine,is,used clinically in combination with ACT
SHP77 cell lung cancer xenograft model,investigate,anti-tumor activity of CFZ
KYSE450 cells,exhibited proliferation rate capacity compared,KYSE450 cells transfected with vector
CTLA 4 protein,are,mainly expressed on cells
Pembrolizumab,are,human IgG4 anti-PD-1 antibodies approved as second line therapy
Proton Therapy Center,is,Shizuoka Cancer Center
Pembrolizumab,is,IgG4 anti-PD-1 antibody consisting of affinity mouse anti-PD-1-derived variable region grafted
preoperative CRT,can,can performed in rectal SCC for improved local disease control
H1299 cell line,became as,as H1299 cell line
Her surgical specimen,first underwent,conventional EGFR PCR SSCP assay
clinical trials,have focused on,developing useful PARPi drugs
Fig. Metastatic lesion formation,is inhibited by,MRx102 treatment
Research Neoadjuvant concurrent chemoradiotherapy,followed by,mesorectal excision assisted for rectal adenocarcinoma
Clinical studies,have noted with,responses after ICI treatment in cancer type
China Department of Radiation Oncology,is,Shandong Cancer Hospital and Institute
Jiang F Cai RC Xin Y Clinical study,combined with,norcantharidin in treatment of liver cancer Pract Clin J Integ Tradit Chin West Med
Tissue Array Research Program & Applied Molecular Pathology Lab.,is,Laboratory of Pathology
Pemetrexed transplantable colon cancer ICD,augmented,T cell mitochondrial function
medicine,is,In China mainly used clinically with ACT
effective targeted therapies,have,Even though have developed for lung cancer
RBM5 overexpression,induced autophagy in,A549 xenografts in BALB c nude mice
Bcl family,mediates,FZKA enhanced effect of induced lung caner cell apoptosis
Clinical studies,have noted association with,patient responses after ICI treatment in single cancer type
diagnostic biomarkers,are,with development of biopsy of cancer diagnosis urgently needed for scale studies
Department of Oncology,of Department is,Fourth Military Medical University
three genomic measures,were used,as new covariates help in genes in lung cancer classifier
Department of Pathology and Laboratory Medicine,of Department is,Immunology
Department of Oncology,of Department is,"Institute of Clinical Immunology , Yueyang Hospital of Integrated"
fUonuma Institute of Community Medicine,is,Niigata University Medical and Dental Hospital
human TCF 1 gene,encodes,nuclear protein uniquely expressed in T lineage lymphocytes Blood 1995 86 8 3050 3059 75793 99 20
Background Pancreatic resection,are tools in,multidisciplinary local treatment of ductal adenocarcinoma
Tumor cells,may,may attracted by fibroblasts
Pembrolizumab,are,IgG4 anti-PD-1 monoclonal antibodies approved as line therapy for HNSCC
Department of Radiation Oncology,University of,University of Ulsan College of Medicine
Candidate biomarkers,were validated with,quantitative methylation specific PCRs
Department of Biochemistry,is,Zhongshan School of Medicine
dramatic clinical significance,is in,diagnosis of human diseases
Austria Department of Radiation - Oncology,is,Medical University of Innsbruck
"Department of Medicine , Division of Hematology and Oncology , University of Pittsburgh Medical Center",Division of,Surgical Oncology
Department of Pathology,is,Yeungnam University College of Medicine
Department of Radiology and Radiation Oncology,of Department is,Hokkaido University Graduate School of Medicine
"Department of Oral Medicine , School of Dentistry",is,Zahedan University of Medical Sciences
based chemotherapy,is,At present multimodal therapy for NSCLC treatment
Harvard Medical School,Department of,MA USA Department of Internal Medicine
Pembrolizumab,is,humanized monoclonal IgG4 antibody consisting of affinity mouse variable region grafted onto IgG4 immunoglobulin molecule with Fc region for stabilization
mRNA expression demonstrated,is considered,most specific marker for relevant HPV infection
Nuclear Medicine,of Department is,Department of Internal Medicine
Lingnan Medical Research Center,is,Guangzhou University of Chinese Medicine
China - Japan Friendship Hospital,is,National Clinical Research Center for Respiratory Diseases
Department of Oral Health Sciences and Center for Oral Health Research,for Center is,Medical University of South Carolina
Tas F Karabulut S Serilmez M Ciftci R Duranyildiz D Clinical significance,is in,patients with epithelial ovarian cancer Tumour Biol
Background Pancreatic resection,are,powerful tools in treatment of pancreatic ductal adenocarcinoma
Extrapancreatic type ACC,shows,same biological features as ACC of pancreas
anatomical associated changes,is in,AChE mRNAs levels
Bioinformatics analyses,explore,possible miRNAs
T helper cells,were,identified as cells
outcome Cardiopulmonary fitness Cardiopulmonary fitness,will,will determined by cardiopulmonary exercise test gold measure
Our hospital,is,professional diagnosis of cancer in China
Cetuximab therapy,is in,patient with severe recessive dystrophic epidermolysis bullosa
Department of Pathology,is,Shanghai Pulmonary Hospital
Cancer Genome Atlas Clinical Explorer,is oriented summary of,data organized by cancer type
Preoperative modified FOLFIRINOX treatment,followed by,based chemoradiation for borderline cancer
Pembrolizumab,is,IgG4 antibody consisting of affinity mouse anti-PD-1-derived variable region grafted with Fc region
Department of Pharmacology,is,Masonic Cancer Center
engineered T cells,era with,drugs for cancer immunotherapy
Herlyn M Personalized preclinical trials,is in,BRAF inhibitor resistant patient derived xenograft models
Johns Hopkins University School of Medicine,School of,Johns Hopkins University School of Medicine
Center for Cancer Research,is,National Cancer Institute
Medicine,of Department is,Drexel University College of Medicine
Department of Otolaryngology,Department of,Department of Dermatology
Genetic based synthetic therapy,are,Currently targeted at oncogenes
Topalian SL Taube JM Anders RA driven biomarkers,guide,checkpoint blockade in cancer therapy Rev Cancer 2016 16 275 287
Tumour response,treated with,chemoradiotherapy can spectral CT predict recurrence
"Graduate Institute of Medicine , College of Medicine",of Institute is,Taiwan Department of Family Medicine
only biomarker,is,serum CA19 9 level
Molecular Biology,of Laboratory is,Shantou University Medical College
Radical esophagectomy,has,has acknowledged with importance in intended therapy for cell carcinoma
Department of Interventional Radiology,Department of,Department of Imaging
clinical characteristics,is with,KRAS mutation status in solid lung adenocarcinoma
laryngeal anatomy,is,particularly crucial to physiology of aspiration
Precise genome editing,holds,great promise for correcting disease genes
Department of Stomatology,is,Shanghai Baoshan Traditional Chinese Medicine - Integrated Hospital
personalized therapies,Furthermore are longer limited to,targeted drugs
Department of Molecular Biology and Genetics,of Department is,Atatürk Chest Diseases and Chest Surgery Education and Research Hospital
biomarkers,have,have clinically validated
Department of Anaesthesia,is,Department of Radiology
based synthetic lethal therapy,are,directly targeted at activated oncogenes
Kunming Medical University,is,Kunming Medical University
Department of Pathophysiology,of Department is,Shanghai Institute of Biological Science
Metabolomic profiling,demonstrated,glycolysis in ACM from obese patients
Background Human papilloma virus,has,has implicated in development of proportion of oropharyngeal squamous cell carcinoma
pharmacological study,evaluate,effects of CDKi roscovitine on human multiple myeloma cells
Traditional cancer mouse models,mostly rely on,engineered transgenes
China Department of Thoracic Oncology,is,Sun Yat - sen University Cancer Center
Pembrolizumab,is,humanized IgG4 anti-PD-1 antibody consisting of high affinity mouse variable region grafted onto IgG4 immunoglobulin molecule with engineered Fc region for stabilization
Preoperative modified FOLFIRINOX treatment,followed by,based chemoradiation for borderline pancreatic cancer
Otolaryngology Head,of Department is,University College of Medicine
Department of Dermatology,of Department is,Iran University of Medical Sciences
targeted CCR2 cells,potential of,cell specific molecular imaging techniques for noninvasive diagnosis of lung IRI
T cells,is mediated by,STAT6 signaling J Biol Chem 2011
Department of Oncology,is,Tongji Hospital of Tongji Medical College
Affiliated Cancer Hospital of Zhengzhou University,is,Henan Cancer Hospital ) Ethics Committee
Department of Pathology,of Department is,Medical University of Vienna
Department of Surgery,of Department is,Alberta Head & Neck Centre for Oncology and Reconstruction
Array Biopharma,is,BMS
Pembrolizumab,is,humanized IgG4 antibody consisting of high affinity mouse variable region grafted onto IgG4 immunoglobulin molecule with engineered Fc region
directed precision medicine,has,has extensively investigated as target for therapy
Department of Molecular Cell Biology,Department of,South Korea Department of Pathology
Medical Oncology,of Department is,Affiliated Cancer Hospital
MO USA Division of Public Health Sciences,is,Washington University School of Medicine
Primary Sjögren ’s syndrome,is disorder in,primary Sjögren ’s syndrome
HRM MAF titration,was,conducted by MAF in DNA sample from 10 % to 0.005 % of Ex19_std in total DNA concentration assay
Department of Medical Oncology,is,Sun Yat - sen University Cancer Center
targeted PI3Kα inhibition,is under,active clinical investigation
Evi5 gene,was,originally isolated in patient with stage 4S neuroblastoma with chromosome translocation
Department of Radiation Oncology,of Department is,Department of Thoracic Oncology / Internal Medicine
metabolic impact,is in,NSCLC cell type
Shanghai Pulmonary Hospital,is,Tongji University School of Medicine
Tumor Mutational Burden,is reported as,number of sequence variants per tumor region
Washington University School of Medicine,of School is,Washington University School of Medicine
Bevacizumab,was,first antibody
Department of Gastroenterology and Hepatology,is,Hokkaido University Graduate School of Medicine
miRNAs,are,In view of relationship between miRNAs considered as potential novel targets for anti-cancer therapies
Department of Medical Oncology,is,Peking Union Medical College Hospital
Genetic based synthetic lethal therapy,are,Currently directly targeted at activated oncogenes
Department of Medicine,of Department is,Beth Israel Deaconess Medical Center
Pembrolizumab,is,humanized IgG4 antibody consisting of high affinity mouse region grafted onto IgG4 immunoglobulin molecule with engineered Fc region for stabilization
diagnostic biomarkers,are needed with,fast development of liquid biopsy of cancer diagnosis
Department of Molecular Diagnostic Pathology,is,School of Medicine
PDX based oncology drug development,is in,specific cancers
DCE MRI,was,For prospective study performed in participants with OTSCC
Krieg C cell analysis,predicts,response to immunotherapy Med 2018
triple combination treatment,promoted apoptosis in,SCLC cells
biomarkers,is in,personalisation of lung cancer treatment Lancet 2013 382 720 731
Institute of Translational Medicine,is,Pirogov Russian National Research Medical University
Cell culture Human lung adenocarcinoma cell line A549,was purchased from,Shanghai Institute of Biochemistry
Pembrolizumab,is,humanized monoclonal IgG4 anti-PD-1 antibody consisting of affinity mouse anti-PD-1-derived variable region grafted onto human IgG4 immunoglobulin molecule with Fc region
Department of Pathology,Hospital of,Affiliated Tumor Hospital of Guangxi Medical University
Pembrolizumab,is,monoclonal IgG4 antibody consisting of high affinity mouse region grafted
Heidelberg University Hospital,Center for,National Center for Tumor Diseases
Taiwan Department of Emergency Medicine,is,"Faculty of Medicine , College of Medicine"
T cells,were,In study of two melanoma patients found in myocardial tissue
Department of Radiation Oncology,is,Wake Forest School of Medicine
Primary Sjögren ’s syndrome,is,in primary Sjögren ’s syndrome chronic disorder characterized by focal infiltration of exocrine glands
Pembrolizumab,is,humanized monoclonal IgG4 anti-PD-1 antibody consisting of high affinity mouse anti-PD-1-derived region grafted onto IgG4 immunoglobulin molecule with engineered Fc region for stabilization
Department of Surgical Pathology,is,Hokkaido University Hospital
Pembrolizumab,is,humanized IgG4 anti-PD-1 antibody consisting of affinity mouse anti-PD-1-derived region grafted with engineered Fc region
our diagnostic panel,could,could utilized for biopsy for ESCC
Bcl 2 family,mediates,FZKA enhanced effect of induced lung caner cell apoptosis
human cell line,was used as,control cell line
Cells,were,then labeled with DMEM supplemented with 1 g
medicine,is,In China used clinically in combination
KYSE450 cells,formed tumour xenografts compared,vector cells
Aurora kinases,are,strategic kinases involved
Department of Epidemiology,is,Shanghai Cancer Institute
clinical trials,explored,clinical application
Representative IHC analyses,is in,ESCC tissues
Pembrolizumab,is,is evaluated in phase trials in combination with oral azacitadine in NSCLC
Department of Surgery,of Department is,National Hospital Organization Higashihiroshima Medical Center
Cell viabilities,were assessed by,MTS assay
Cells,were visualized at,Cross Cancer Institute
Peter Doherty Institute for Infection and Immunity,at Department is,Peter MacCallum Cancer Centre
White VA Lewallen S Clinical factors,associated in,patients surface squamous neoplasia Kilimanjaro Christian Medical Centre
Chinese medicine Fuzheng Kang Ai decoction,sensitized effect through,suppressing MUC1 expression J Ethnopharmacol 2016 194 918 929
human Evi5 gene,was,originally isolated in patient with stage 4S neuroblastoma
Department of Radiation Oncology,is,Heidelberg University Hospital
Pembrolizumab,is,monoclonal IgG4 antibody consisting of affinity mouse variable region grafted with Fc region for stabilization
musculature,produces,biochemical factors
engineered mice,are,most sophisticated animal models
Department of Oncology,College of,Medical College of Yangzhou University
based chemotherapy,was,For decades only available systemic therapy for advanced NSCLC
LL2 cells,were,In vitro co-cultured with cisplatin
Medical charts,obtain,information on cancer treatment
Background Pancreatic resection,are tools in,multidisciplinary local treatment of adenocarcinoma
Xenografted tumor model in Female BALB c mice,were purchased from,Center of Experimental Animal
Department of Medicine,is,Samsung Medical Center
Background Pancreatic resection,are powerful tools in,multidisciplinary local treatment of pancreatic ductal adenocarcinoma
OSCC patient,is,representative of OSCC patient in Europe regarding primary site
Pembrolizumab,is,IgG4 anti-PD-1 antibody consisting of high affinity mouse anti-PD-1-derived region grafted with engineered Fc region
Strizzi L Bianco C Normanno N mesenchymal transition,is,characteristic of hyperplasias in mammary gland
Della Vittoria Scarpati G Falcetta F Carlomagno C Ubezio P Marchini S De Stefano A specific miRNA signature,correlates with,pathological response in rectal cancer Int J Radiat Oncol Biol Phys 2012 83 1113 1119
Nuclear Medicine,of Department is,Division of Medical Oncology
Department of Biomedical Informatics,of Department is,USA3 Department of Medicine
Department of Radiology,is,College of Medicine
diagnostic biopsy,revealed,differentiated cell carcinoma of penis
UM SCC cell lines,test,effect on tumor growth on CAM
Department of Pathology,Project for,PLUS Project for Medical Science Yonsei University College of Medicine
B cells,were treated in,presence of ruxolitinib
epidermal growth factor receptor tyrosine kinase inhibitors,have,In past few decades have commonly used as targeted therapy for patients
Department of Cancer Prevention,of Department is,Portugal Cancer Genetics Group
clinical data,are deposited in,db repositories of Centro Studi Tumori Eredo Familiari of Istituto Tumori of Bari
Anschutz Medical Campus,at Department is,Radiation Oncology Building
Cells,were transferred to,Transwell assay
Department of Oncology,of Department is,University of Ulsan College of Medicine
Department of Cardiothoracic Surgery,of Department is,Zhejiang Cancer Hospital
Cells,were prepared in,three independent biological replicates
complete tracheal sleeve resection,was,In our case performed with anastomosis of regions below resected region
Basque Foundation for Health Innovation and Research,for Foundation is,Biodonostia Institute
Bae J Hideshima T Tai YT Song Y Richardson P Raje N Histone deacetylase inhibitor ACY241,enhances,anti-tumor activities of antigen specific memory cytotoxic T lymphocytes
Sun Yat sen University Cancer Center,is,cancer hospital in South China
Drug Brand name Manufacturer Targets Applications,Approved,years Erdafitinib Balversa Janssen FGFR1 4 alterated cancer
radiotherapy,is in,HPV related oropharyngeal cancer Oral Oncology
"Bucheon St. Mary ’s Hospital , College of Medicine",’s Hospital is,"Uijeongbu St. Mary ’s Hospital , College of Medicine"
"Medical Biotechnology and Laboratory Science , College of Medicine",Department of,Department of Pathology
Pharmacometrics,of Department is,Meiji Pharmaceutical University
Cancer Hospital of China Medical University,is,Liaoning Cancer Hospital & Institute
Pembrolizumab,is,monoclonal IgG4 anti-PD-1 antibody consisting of affinity mouse anti-PD-1-derived variable region grafted with engineered Fc region for stabilization
T cells,exhibit,greater infiltration with MSI in Signet ring cell carcinoma
Best immunohistochemical panel,is in,distinguishing adenocarcinoma
our top 50 miRNAs,were proved,breast cancer related miRNAs
Zhang L Nomie K Zhang H Bell T Pham L Kadri S B cell lymphoma xenograft models,are platform for,personalized therapy Clin Cancer Res 2017 23 15 4212 4223 10.1158 1078 0432.CCR -16-2703 28348046 15
only biomarker,is,To date serum CA19 9 level
Cells,analyzed on,BD Biosciences
Tumor Mutational Burden,has emerged as,biomarker in setting
enhanced MRI,is in,characterizing complex ovarian tumors
our HisCoM mimi model,provide,integrated miRNA markers
miRNAs,constitute,biomarker panel
Department of Medical Imaging,is,First Affiliated Hospital of Fujian Medical University
MSI testing,was,As proof performed on mucinous adenocarcinoma of colon
Inadomi K Kumagai H Arita S Tsuruta N Takayoshi K Mishima K Ota S Tanaka M Okumura Y Sagara K Bi-cytopenia,possibly induced by,anti-PD-1 antibody
Peripheral blood TCR repertoire profiling,may facilitate,stratification for immunotherapy against melanoma Cancer Immunol Res
Tank binding kinase,is,centrosome associated kinase necessary for microtubule dynamics
radiotherapy,is most used approach for,NSCLC patients with BM
Conclusions DCE MRI,may provide,information on hypoxic fraction of squamous cell carcinoma
NPC xenograft tumor growth mode BALB c mice,were purchased from,Medical Experimental Animal Center
Primary thymic neoplasms,showing,features of thymoma
miRNAs,have attracted,significant attention regarding diagnosis
Thoracic Oncology,of Division is,Shizuoka Cancer Center Research Institute
MIB 1 proliferation index,was markedly higher with,expression of CXCR4 with positive CXCR4 expression
miRNAs,are,As favorable biomarkers associated with patients survival in different cancers
T cells,differentiates to,Th2 cells
Rosa García Proteomics,applied to,study of diseases
specific antibodies,influenced,function of stem cells
Precise genome editing,holds,great promise for disease genes
Institute of Pathology,is,University Hospital Erlangen
Peter Doherty Institute for Infection and Immunity,at Department is,Peter MacCallum Cancer Centre
human SLP,is,cancer related gene
Stem Cell Transplantation Research Center,School of,School of Medicine
China Department of Internal Medicine,is,Affiliated Hospital of Shandong Academy of Medical Sciences
Background tumor suppressor gene,has,has identified as tumor suppressor gene in many malignant tumors
Department of Radiology,of Department is,Shanghai Jiaotong University School of Medicine
Animal Breeding Center,is for,Shanghai Institutes for Biological Sciences
Thoracic Oncology,of Department is,West China Hospital
biomarkers,Therefore should incorporate,features of tumor leading to assessment of tumor biology
anti- ERK1 polyclonal antibody,was commercially provided by,Santa Cruz Biotechnology Inc.
Department of Radiology,is,Tri-Service General Hospital
Stomatological Hospital,is,Guanghua School of Stomatology
NLRP3 inflammasome,functions during,cancer J Exp Med 2010 207 1045 1056
miRNAs,are involved in,number of biological processes
Biomarker analyses,evaluating,erlotinib onartuzumab in non-small-cell lung cancer
Department of Internal Medicine - Section of Hematology and Oncology,School of,Wake Forest School of Medicine
Department of Radiotherapy,Hospital of,Affiliated Hospital of Weifang Medical University
Department of Cancer Biology,is,Vanderbilt University Medical Center
MRI,showed simultaneously,metastases of PDAC
biomarkers,are practice with,modern therapies like anti HER2
China Medical University Hospital,School of,Medicine
biomarkers,level of be,In practical clinical application would influence of individual classifications including age
Radiation Oncology,is,Yale Cancer Center
Cord blood stem cells,revert,glioma stem cell EMT
Department of Medicine,of Department is,Harvard Medical School
BIBW 2992,inhibitor of,epidermal growth factor receptor 1
State Key Laboratory of Genetic Engineering and Ministry of Education Key Laboratory of Contemporary Anthropology,of Laboratory is,China Department of Cardiothoracic Surgery
CAR T cell products,are under,active clinical trials for RR multiple myeloma
Cancer Research Centre,School of,School of Medicine
BCL proteins,hence emerged with,especially development of BH3 mimetics
Her surgical specimen,underwent,conventional EGFR PCR SSCP assay
Laboratory of Molecular Orthopaedics,School of,Medical School of Qinghai University
Department of Oncology,of Department is,Tongji Medical College
Cui G Li C Xu G Sun Z Zhu L Li Z Zheng W Li J Yuan A fibroblasts,contribute to,"expression of immunosuppressive factor indoleamine 2,3 dioxygenase in human esophageal cancers"
Institute of Pathology,is,First Faculty of Medicine
Waikato Hospital,provides services with,radiotherapy services available in Bay of Plenty DHB
VU 147T cells,were,cultured in DMEM F12 with 10 % serum
Department of Pathophysiology,of Department is,USA Insitute of Health Science
MTT assay,were conducted in,CAL 27 cell lines
neuropilin isoform NRP2b,supports,TGF progression in lung cancer Science Signaling
Samsung Medical Center,is,Sungkyunkwan University School of Medicine
Pembrolizumab,is,humanized monoclonal IgG4 antibody consisting of affinity mouse anti-PD-1-derived variable region grafted onto IgG4 immunoglobulin molecule with engineered Fc region for stabilization
Immunohistochemistry,confirm,ultimate diagnosis
Research Neoadjuvant concurrent chemoradiotherapy,followed by,transanal total mesorectal excision assisted for rectal adenocarcinoma
Gonzalez Rivas D de la Torre M Fernandez R Mosquera VX port assisted left upper lobectomy,Interact,Cardiovasc Thorac Surg 2011 13
KF Zhang L Huang CD163 associated macrophages,correlated,cells in cell carcinoma BioMed research
Intrathecal injection,eventually kills,cell bodies
Radiation Oncology and Particle Therapy,is,National Cancer Center Hospital East
Conclusion HNSCC cell line xenograft growth,can,can effectively assessed in CAM assays
human TCF 1 gene,encodes,DNA binding protein uniquely expressed in T lineage lymphocytes Blood 1995 86 8 3050 3059 75793 99 20
London Regional Cancer Program,is,Lawson Health Research Institute
Benard G Nouette Gaulain K Rossignol R Antiproliferative activity,ribonucleotide on,human cancer cells of bioenergetic profile
Pembrolizumab,is,humanized monoclonal IgG4 antibody consisting of high affinity mouse region grafted onto IgG4 immunoglobulin molecule with engineered Fc region
Lorlatinib,demonstrated,clinical activity in advanced NSCLC patients with ROS1 fusion
Tang J Jiang R Deng L Circulation RNAs,act as,biomarkers for predicting tumorigenesis
Discussion Radiotherapy,has,has used as therapeutic option for patients with advanced cervical cancer
Takai K Hara J Matsumoto K Hepatocyte growth factor,is produced by,human bone marrow cells
cytological diagnosis,using,CT guided fine needle aspiration of tumor
Inadomi K Kumagai H Arita S Tsuruta N Takayoshi K Mishima K Ota S Tanaka M Okumura Y Sagara K Bi-cytopenia,induced by,anti-PD-1 antibody for primary malignant melanoma
KYSE510 cells,were,For xenograft model injected into right dorsal flanks of BALB c nu mice
Its biological role,has,has mainly evaluated in pancreatic esophagus cancers
Endo group,showed,greatest efficacy in tumor growth inhibition
Department of Clinical Oncology,Faculty of,Medicine
Her laboratory research,developing,improved therapeutic strategies for specific relevant subsets of lung cancer
Biomarkers,Compared with,biopsy sample from tumor tissue
Radiation Biology and Tumor Physiology,of Group is,Norwegian Radium Hospital
laryngeal anatomy,is,particularly crucial to normal swallowing physiology
School of Medicine and Life Sciences,Prevention of,TCM ) Prevention and Treatment of Tumor
OSCC tissues,further evaluate,clinical significance of NIR1
Pembrolizumab,is,IgG4 antibody consisting of affinity mouse region grafted
CoBRA primers,were designed DNA based,designing criteria used in bisulphite
Xenografted tumor model Female BALB c nude mice,were purchased from,Center of Experimental Animal of Guangzhou University
Della Vittoria Scarpati G Falcetta F Carlomagno C Ubezio P Marchini S De Stefano A specific miRNA signature,correlates with,complete pathological response to chemoradiotherapy in cancer Int J Radiat Oncol Biol Phys 2012 83 1113 1119
IL 24 gene,was,originally discovered by subtraction hybridization method by exposing human melanoma cells
Bevacizumab,was,approved monoclonal antibody
musculature,produces,several biochemical anti-tumour factors
Clinical application,is under,development for treatment of cancers caused by FGF signaling
miRNAs,be used as,biomarkers
known transcriptional target,enhanced,antitumor response via CD47
Zhang T Zhang derived gastric carcinoma xenograft mouse models,represent,human tumor molecular diversity PLoS One
3 core biopsies,were achieved with,BARD Monopty Core Biopsy Instrument
T cells,have demonstrated activity for,hematological malignancies
T cells,mediate,antitumor effects against LMP1 positive nasopharyngeal carcinoma cells
NSCLC cells,were,of NSCLC clones seeded at density
Cui G Li C Xu G Sun Z Zhu L Li Z Zheng W Li J Yuan A fibroblasts,contribute to,"expression of immunosuppressive factor indoleamine 2,3 dioxygenase in human cancers"
Pembrolizumab,is,IgG4 anti-PD-1 antibody consisting of high affinity mouse anti-PD-1-derived region
"Department of Pharmacology , College of Medicine",Institute of,Institute of Basic Medical Sciences
Department of Internal Medicine,is,Yale University School of Medicine and Yale Cancer Center
Pembrolizumab,is,humanized IgG4 antibody consisting of high affinity mouse variable region grafted with engineered Fc region
our HisCoM mimi model,can efficiently account for,biological relationships between miRNA
Pembrolizumab,is,humanized monoclonal IgG4 anti-PD-1 antibody consisting of affinity mouse variable region grafted onto human IgG4 immunoglobulin molecule with Fc region
Medicine,of Department is,Department of Pathology
Sala Daniela Department of Pathology,is,University of Medicine and Pharmacy
Bioinformatic analysis,reveals,pattern of gene expression specific to like breast cancers
Department of Medical Oncology,of Department is,Fudan University Shanghai Cancer Center
Pembrolizumab,is,IgG4 anti-PD-1 antibody consisting of high affinity mouse variable region grafted with Fc region for stabilization
Bromatológicas,is,Faculdade de Ciências Farmacêuticas
Preoperative paravertebral block,reduces hospital length after,mastectomy for breast Cancer Ann Surg Oncol
Intraoperative endotracheal tube,placed following,tracheal resection
Pembrolizumab,is,monoclonal IgG4 antibody consisting of affinity mouse anti-PD-1-derived region grafted with Fc region
clinical significance,However requires,investigation through application as biomarkers in clinical trials
Pembrolizumab,is,humanized IgG4 anti-PD-1 antibody consisting of affinity mouse anti-PD-1-derived variable region grafted
MGMT promoter,patients with,MGMT promoter
Endocrinology,Hospital of,First Hospital of Hebei Medical University
VEGFR targeting antibody ramucirumab,was,approved by Food Administration for junction adenocarcinoma patients with progression on containing chemotherapy
Bioinformatics methods,is in,drug repurposing for alzheimer ’s disease
Pembrolizumab,is,humanized IgG4 anti-PD-1 antibody consisting of high affinity mouse variable region grafted onto IgG4 immunoglobulin molecule with engineered Fc region
exosomic miR level,may,may potential prognostic biomarker for predicting gemcitabine sensitivity in NSCLC patients
KYSE510 cells,were,For lung metastasis model injected
Department of Medical Biology,of Department is,Norway3 Diagnostic Clinic
Anesthesiology,Hospital of,Harbin Medical University
Pancreatic stellate cells,are,cells in TME
definitive biomarkers,is always active with,biological plausibility in carcinoma
Research Neoadjuvant concurrent chemoradiotherapy,followed by,transanal total excision assisted
b Wound healing assay,silenced,MDA MB 231
Pembrolizumab,is,humanized monoclonal IgG4 antibody consisting of high affinity mouse variable region grafted onto IgG4 immunoglobulin molecule
Ib dose escalation study,combined as,first line therapy in patients with extensive stage small cell lung cancer Ann Oncol
Clinical information,was abstracted from,our patient record system
Human pulmonary endothelial cells,maintained in,ScienCell
medial laparotomy,was,performed with surgical resection of anterior rectal area simultaneously with left nephrectomy
MTT assay,measure,viability of primary MEF cells
Figure 1 Relative BANCR expression,is in,NSCLC tissues
TP53TG1 inhibited miR 18a expression,is in,NSCLC cells
Department of Pharmaceutical Sciences,is,University of Pittsburgh School of Pharmacy
Sun Yat sen University Cancer Center,is,largest cancer hospital in Guangdong Province
Medical Oncology,Hospital of,Kunming Medical University / Cancer Hospital
Fibroblast growth factor receptor gene amplification,is,associated with survival in patients with resected cell lung cancer J Clin Oncol
Brachytherapy,consisted of,2 endocavitary insertions with help of Fletcher Suit
Department of Oncology,is,Peking University Shenzhen Hospital
China Cancer Immunotherapy Workshop,is in,Beijing J Hematol Oncol
Cell line study Real time PCR time PCR,was,performed for analysis of raptor in negative cell lines
TGF β1 treatment,is in,NSCLC cells
based radiomics,features in,prediction of thyroid cartilage invasion from LHSCC
Murine model imaging BALB c athymic nude mice,were provided by,Comparative Medical Center of Yang Zhou University
Pembrolizumab,is,humanized IgG4 anti-PD-1 antibody consisting of high affinity mouse anti-PD-1-derived variable region grafted with Fc region for stabilization
Cell culture bronchial cell line HBE,were,obtained from Institute of Biochemistry of Chinese Academy
Multiplex IHC,identified,cellular co-expression of CD45RO ICOS
Department of Radiation Oncology,of Department is,Hokkaido University Graduate School of Medicine
Oncology,of eDepartment is,Tongji University School of Medicine
HRM MAF titration,was,conducted by MAF in DNA sample in DNA concentration assay from 0.25 ng
PD 1 gene,be,used as markers for distinguishing between early stages of lung adenocarcinoma in Northeast Han population
Mammalian mitochondria,are usually depicted,cylindrical particles originated in cells
three genomic measures,were used,covariates to help in genes with lung cancer gene expression in lung cancer classifier
computed tomography,is,established imaging modality for variety of malignancies
Department of Oncology,of Department is,Westchester Medical Center
Immunoscore,is in,classification of malignant tumours J Pathol
sarcoma component,consisted of,mainly osteosarcoma characterized by bone
circulating miRNAs,also showed correlation,tumor type mentioned
Epigenomics Laboratory,is,Ludwig Institute for Cancer Research
TLR7 8 agonist imiquimod,may,For cold VSCC tumors may promising topically applied agent
Department of Endocrinology,is,Hospital Universitari de Bellvitge
Paclitaxel transplantable cancer,induced,transplantable breast cancer TAM
Novel pancreatic cancer cell lines,derived from,engineered mouse models pancreatic adenocarcinoma
National Cancer Center / National Clinical Research Center for Cancer / Cancer Hospital,is,Chinese Academy of Medical Sciences and Peking Union Medical College
Pembrolizumab,was,approved by FDA for treatment of patients with melanoma
Sanger sequencing,are still In,sized clinical laboratories
Department of Translational Medicine,of Department is,Department of Laboratory Medicine and Pathobiology
MIAT over-expression enhanced Nrf2 expression,incubated,renal tubular cell line HK 2
product AferBio,created by,Brazilian biochemist
Coskun Hasan S hscoskun@yahoo.com Department of Medical Oncology,of Department is,Turkey Department of Radiation Oncology
Pembrolizumab,is,monoclonal IgG4 anti-PD-1 antibody consisting of high affinity mouse anti-PD-1-derived region grafted with Fc region for stabilization
Chinese medicine Fuzheng Kang Ai decoction,sensitized effect through,mediated suppressing MUC1 expression J Ethnopharmacol 2016 194 918 929
Department of Pathology,of Department is,Medical Academy
miRNAs,have roles in,most of cell biological processes
Gao G Ren S Li Xu J Xu Q Su C Epidermal growth factor receptor tyrosine kinase inhibitor therapy,is effective as,first line treatment with mutated EGFR
Anti-VEGF monoclonal antibodies,is,anti-VEGF antibody
T cells,might,might important for HPV specific T cell response in HPV driven tumors
University of Malaya Medical Center,is,Subang Jaya Medical Center
BH3 profiles,be,associated with treatment response to nCRT in esophageal cancer serve
clinical study,utilizing,MSCs
associated angiogenesis,is target,actively investigated for treatment of multiple malignancy types
CCSP promoter rtTA activator mice,produce,bi-transgenic progeny
Department of Pathology,of Department is,Harbin Medical University Cancer Hospital
TCF 1 gene,encodes,nuclear binding protein uniquely expressed in T lineage lymphocytes Blood 1995 86 8 3050 3059 75793 99 20
HRM MAF titration,was,conducted by MAF in DNA sample from 10 % in DNA concentration assay from 0.25 ng μl
Cells,were sonicated by,Bioruptor Sonication System
T cells,were,recruited by CXCL11 with based chemotherapy in tumor of NSCLC patients Chemokines in tumor microenvironment
Human bronchial cells 16HBE,were provided by,tumor Cell Library of Chinese Academy
f KYSE450 cells,were treated with,MEK inhibitor U0126
Gao G Ren S Li Xu J Xu Q Su C Epidermal growth factor receptor tyrosine kinase inhibitor therapy,is effective as,first line treatment of advanced lung cancer with mutated EGFR
HRM MAF titration,was,conducted by MAF in DNA sample from 10 % in increasing total DNA concentration assay
current immune checkpoint inhibitors,take brakes,immunotherapies focused on T cell activity
Kawase T Yasui Y Nishina S Fibroblast activation expressing fibroblasts,promote,progression of ductal adenocarcinoma BMC Gastroenterol
concurrent chemoradiotherapy,is,In western world treatment for advanced disease
Cells,were subjected to,MTS assay
Bluestone Center for Clinical Research,Department of,USA3 Department of Oral Maxillofacial Surgery
Cells,were,seeded with matrigel with exosome treatment
Department of Gastroenterology,is,Hakodate Municipal Hospital
Immunoblot analysis,was performed with,Santa Cruz Biotechnology
Department of Internal Medicine,is,Seoul National University Hospital
Radical esophagectomy,has,has acknowledged with importance in therapy for squamous cell carcinoma
Pembrolizumab,is,monoclonal IgG4 antibody consisting of high affinity mouse region grafted with engineered Fc region for stabilization
Department of Medical Oncology,is,Sun Yat - Sen University Cancer Center
kidney cell line 293T,maintained respectively in,MEM supplemented with 10 % serum
European Organization for Research and Treatment of Cancer,for Organization is,National Cancer Institute of Canada J Natl Cancer Inst
Candidate biomarkers,were,validated with quantitative methylation specific PCRs in cohort
Department of Gastroenterology,University of,Hubei University of Medicine
American Cancer Society,Association of,Respiratory Health Association of Metropolitan Chicago
growth factor receptor tyrosine kinase inhibitors,are used in,anti-tumor therapy
primary tracheal cells,gave rise to,well differentiated mucociliary epithelia
outcome fitness Cardiopulmonary fitness,will,will determined by maximal cardiopulmonary exercise test gold measure
Production Unity of Advanced Therapy,is,Fundacion Ofalmologica de Santander
Department of Pathology and Laboratory Medicine,of Department is,University of Florida College of Medicine
Samsung Medical Center,is,Sungkyunkwan University School of Medicine
biomarkers,should ideally incorporate,features of tumor
CCR2 cells,powerful potential of,cell specific molecular imaging techniques for diagnosis of lung IRI
Department of Oncology,is,Georgetown University Medical Center / Cancer Prevention and Control Program
Pembrolizumab,was,approved by FDA in 2017 for MSI tumors
Ishikawa T Wondimu Z Oikawa Y Ingerpuu S Virtanen Patarroyo M Monoclonal antibodies,binding to,α4 laminins Matrix Biol 2014
KYSE150 cell line,However displayed sensitivity compared,KYSE510 cell line
Cell cycle control,driving,transformation of cells
human MIR10B gene,was,For expression cloned into pMX IRES Blasticidin vector downstream
USA Department of Comparative Medicine,is,Beckman Research Institute
single agent nivolumab,was granted,FDA approval for patients with SCLC following chemotherapy
Department of Oncology,is,Dongguan Institute for Clinical Cancer Research
Cell culture Human bronchial epithelial cell line HBE,were,obtained from Institute of Biochemistry of Chinese Academy
European Organization for Research and Treatment of Cancer,for Organization is,National Cancer Institute of Canada J Natl Cancer Inst
IBMs,were extracted From,CT images of patient
Trummell H Whitley AC Dobelbower MC Cetuximab,augments cytotoxicity with,poly polymerase inhibition in head cancer PLoS One
Precision Oncology,Department of,Department of Biostatistics
Uterine corpus involvement,is,predictor of ovarian metastasis in uterine cancer J Gynecol Oncol 2008 19 181 184
1st TKI therapy,duration of was,afatinib group
PD gene,be,used as markers for distinguishing lung adenocarcinoma staging
Pembrolizumab,is,monoclonal IgG4 anti-PD-1 antibody consisting of affinity mouse anti-PD-1-derived variable region grafted onto IgG4 immunoglobulin molecule with Fc region
Pembrolizumab,is,humanized IgG4 antibody consisting of affinity mouse variable region grafted onto IgG4 immunoglobulin molecule with Fc region for stabilization
Della Vittoria Scarpati G Falcetta F Carlomagno C Ubezio P Marchini S De Stefano A specific miRNA signature,correlates with,complete response in advanced cancer Int J Radiat Oncol Biol Phys 2012 83 1113 1119
Second Military Medical University of Chinese PLA,Department of,China Department of Biotherapy
Pembrolizumab,is,humanized monoclonal IgG4 antibody consisting of affinity mouse anti-PD-1-derived region grafted onto human IgG4 immunoglobulin molecule with engineered Fc region
National Center of Colorectal Disease,is,Nanjing Municipal Hospital of Chinese Medicine
Department of Internal Medicine,is,Kaohsiung Medical University Hospital
Drug Brand name Manufacturer Targets Applications,Approved,years of clinical trials Erdafitinib Balversa Janssen FGFR1 4 alterated locally advanced cancer
Medicine,of Faculty is,Molecular Biology Department
protein kinase,Additionally is localized through,its association in cells
Pancreatic stellate cells,increase invasion through,CXCR4 axis Pancreatology
targeted CCR2 cells,powerful potential of,cell specific molecular imaging techniques for diagnosis of lung IRI
exosomic miR -222-3p level,may,may potential biomarker for gemcitabine sensitivity
Aurora kinase inhibition therapy,specifically target,KRAS cells
Department of Medical Oncology,is,Paul Brousse Hospital
Asan Medical Center,is,University of Ulsan College of Medicine
Quantitative real time reverse transcription polymerase chain reaction,extract RNA from,A549 cell lines
aImmunology Research Center,Department of,Department of Biology
Department of Urology,of Department is,Cancer Research Institute
systemic treatment,is recommended for,patients with BM
Uonuma Institute of Community Medicine,is,Niigata University Medical and Dental Hospital
School of Medicine and Life Sciences,University of,Nanjing University of Chinese Medicine
PD 1 inhibitor nivolumab,was combined with,CTLA -4-inhibitor ipilimumab in advanced NSCLC patients
miRNAs,play role in,biology
Pembrolizumab,is,monoclonal IgG4 anti-PD-1 antibody consisting of high affinity mouse anti-PD-1-derived variable region grafted onto human IgG4 immunoglobulin molecule with Fc region
USA Insitute of Health Science,is,Shanghai Institute of Biological Science
HRM MAF titration,was,conducted by MAF in DNA sample from 10 % to 0.005 % in total DNA concentration assay from 0.25 ng
Department of Radiology,is,Kansai Medical University
HRM MAF titration,was,conducted by MAF in DNA sample from 10 % to 0.005 % in increasing total DNA concentration assay
tumor profiling,play role in,clinical decisions of trials
T cells,were,Then collected from healthy donor
specific immunohistochemical markers,can,Thus can useful in correct diagnosis of rectal cancer
Institute of Human Genetics,is,University Medical Center Ulm
medial laparotomy,was,performed with surgical resection with nephrectomy
Cells,were,stained with primary rabbit antibody at 37 °C
Pembrolizumab,are,IgG4 antibodies approved
"Bucheon St. Mary ’s Hospital , College of Medicine",Hospital ’s,"Incheon St. Mary ’s Hospital , College of Medicine"
Medical Center,Faculty of,Medicine
GSK 343 treatments,result in,significant effects in breast cancer
"Department of Biostatistics , School of Public Health",is,Harbin Medical University
Cancer Genome Atlas,provides data As,cancer genome database
Taiwan Department of Internal Medicine,is,Tri-Service General Hospital
Tumor sections,were,stained for ROS1 with rabbit antibody
Pulmonary Medicine,of Department is,Nippon Medical School
Iyer MK Balbin OA ranscriptome sequencing,identifies,lincRNA implicated in disease progression Biotechnol
School of Biomedical Engineering,is,College of Biomedical Engineering
serum CYFRA 21 1 assay,has,has routinely performed at diagnostic workup
Department of Pathology,Department of,Department of General Surgery
Department of Radiology,of Department is,Shanghai Medical College
Department of Oncology,of Department is,Center for Applied Medical Research
Zhang T Zhang gastric carcinoma xenograft mouse models,represent,human tumor diversity PLoS One
serum CYFRA 21 1 assay,has,In our department has routinely performed at initial diagnostic workup
Fig. 4 Kinases enrichment analysis,using,KEA gene set library
Department of Surgery,Department of,Department of Radiology
diagnostic biomarkers,are,In addition with fast development of liquid biopsy of cancer diagnosis needed for scale prospective studies
three genomic measures,were used,covariates to help in genes with lung cancer associated gene expression in lung cancer classifier
Keywords ChemoradiosensitivityEsophageal cell carcinomaMetabolomicsNeoadjuvant,therapyUntargeted,metabolomics Nature Science Foundation
Hippocampal dosimetry,predicts function impairment after,radiotherapy for benign adult brain tumors
Discussion Cardiac CT,offers,detailed assessment of CAD comparable to coronary angiography
lung cell line BEAS 2B,cultured in,BEGM Bullet kit
Several biomarkers,were,confirmed as candidate biomarkers for ESCC
H446AR cell line,was,obtained by H446 cell line in doses of adriamycin
Department of Surgery,of Department is,Osaka City University Graduate School of Medicine
Institute of Pathology,Center for,National Center for Tumor Diseases
Pembrolizumab,is,humanized monoclonal IgG4 anti-PD-1 antibody consisting of affinity mouse anti-PD-1-derived region grafted
biomarkers,are,with fast development of biopsy of cancer diagnosis urgently needed for scale studies
Subcutaneous xenograft model Male NOD SCID mice,were acquired from,National Cheng Kung University Laboratory Animal Center
Department of Pathology,of Department is,PLUS Project for Medical Science Yonsei University College of Medicine
Clinical example,was,in SD BLCA patient diagnosed in 2009
Pembrolizumab,is,humanized monoclonal IgG4 antibody consisting of affinity mouse region grafted with Fc region for stabilization
Tumor sections,were,stained for ROS1 with rabbit antibody purchased from Cell Signaling Technology
weighted MRI,is in,patients undergoing for pancreatic cancer Transl Oncol
radiotherapy,is,In many cases valuable method in treatment of lung cancer leading
Department of Pathology,is,Harbin Medical University
Otolaryngology,Faculty of,Medicine
miRNAs,showed correlation,tumor type mentioned above
P.R. China Department of Biochemistry and Molecular Biology,is,Shandong University School of Medicine
cell biologists,have identified,key role of epithelial mesenchymal transition
Fibroblast growth factor receptor 1 gene amplification,is,associated with survival in patients with squamous cell lung cancer J Clin Oncol
Department of Diagnostic Radiology,is,National Cancer Center Hospital
immunohistochemistry,using,characterized antibody
UM SCC cell lines,test,effect on tumor growth on CAM on distant metastases
CDC25A microarray analysis,identify,target genes associated with radiosensitivity
Wolfe Surgical Research Professorship,is in,Biology of Head
pathologist,has pass,information about features of ovarian tumor
Pembrolizumab,is,humanized monoclonal IgG4 anti-PD-1 antibody consisting of affinity mouse variable region grafted onto IgG4 immunoglobulin molecule
Conclusions DCE MRI,may provide,information on hypoxic fraction of squamous cell carcinoma of cervix
WA USA Department of Radiation Oncology,is,The University of Texas MD Anderson Cancer Center
Department of Otorhinolaryngology,of Department is,University Hospital
LINC01234 gene,shows,higher expression level in group 1 of breast cancer samples than in group 2
immunohistochemistry,using,previously well characterized antibody
OSCC patient,is representative of,OSCC patient
CAR T cell platforms,are under,active clinical trials
Lung tumour proteins,enhance,adhesion to human cerebral cells
precision medicine,is with,next generation EGFR inhibitors in non-small-cell lung cancer Pharmgenomics Pers Med
NSCLC cells,were,of NSCLC clones seeded in duplicate
Oncology Center,is,Faculty of Medicine
Imaging biomarkers,are,corner stone of radiology
CRISPR Cas9,is,RNA guided nuclease involved in immunity
Oncological work up,included,evaluation of lymph nodes in axillae scan
SBRT group,showed OS compared,surgery group
based synthetic lethal therapy,are,targeted at activated oncogenes
fat 1 transgenic model,been widely applied to,studies related to autoimmune diseases
Department of Diagnostic Pathology,is,Teikyo University Chiba Medical Center
Oncology,of Laboratory is,China3 Institute of Cancer Stem Cell
OmniSeq studies,were considered,subjects research under IRB approved protocol at Roswell Park Comprehensive Cancer Center
Department of Medical Parasitology & Mycology,School of,School of Medicine
Department of Pulmonology and Immunology,of Department is,Hospital of Lithuanian University of Health Sciences
diagnostic biomarkers,are urgently needed with,development of biopsy
Otorhinolaryngology / H&N Surgery,is,Department of Clinical Sciences
PSMD,were,cancer driver genes with crucial role with RPN1 2
medial laparotomy,was,performed with surgical resection of anterior rectal area with left nephrectomy
Department of Biomedical Informatics,Center for,"TN USA 6 Center for Precision Health , School of Biomedical Informatics"
Pembrolizumab,is,is currently tested in combination with MRI guided laser ablation in patients with GBM
MG132 treatment,increased,amount of STAT1 bound to ERK
new BMP,shown,potent BMP
CAR T cell platforms,are under,active trials for refractory myeloma
Department of Medicine,is,Keio University School of Medicine
growth factor receptor tyrosine kinase inhibitors,are,used in anti-tumor therapy for non-small cell lung cancer
Pembrolizumab,is,humanized IgG4 anti-PD-1 antibody consisting of high affinity mouse anti-PD-1-derived region grafted onto human IgG4 immunoglobulin molecule with Fc region
Shandong Cancer Hospital and Institute,Laboratory of,Radiation Oncology
Department of Radiation Oncology,of Department is,National Cancer Center / National Clinical Research Center for Cancer / Cancer Hospital
Department of Radiation Oncology and Molecular Radiation Sciences,is,Johns Hopkins University School of Medicine
Pulmonary Care Medicine,School of,Sungkyunkwan University School of Medicine
cetuximab,Finally was introduced during,IMRT cohort
China Department of Otolaryngology,is,Wuhan Union Hospital of Tongji Medical College
CCSP promoter rtTA activator mice,generate,bi-transgenic progeny
SKOV3 cells,were,treated with JAKi for 2 h
regulated mRNAs,Lastly were retrieved from,lncRNADisease 2.0 database
Primary cells,were from,Cell Biologics
CD40 agonistic antibody,has displayed,excellent antitumour activity
MTAP gene,is co-deleted Due,its genomic proximity
Metabolomic analysis,demonstrated,metabolic profile in ACM
Pembrolizumab,is,monoclonal IgG4 antibody consisting of high affinity mouse region grafted with Fc region for stabilization
Epidermal growth factor receptor,is,trans membrane tyrosine kinase receptor of ErbB family
Biostatistics and Bioinformatics,is,Department of Oncology
immunohistochemical demonstration,is reliable tool in,surgically treated OPSCC patients
Xenografted tumor model Female BALB c mice,were purchased from,Center of Guangzhou University of Chinese Medicine
Shanghai Key Laboratory of Veterinary Biotechnology,is,School of Agriculture and Biology
Charlson Comorbidity Index,only captures,clinical dimension
Integrative Genomics Core Lab,is,Department of Molecular Medicine
employing single biomarkers,capture,only tumor features linked
Senior Biostatistician,is in,Office for Clinical Research Support
Respiratory Medicine,of Department is,Chengdu Tumor Hospital
Molecular Medicine and Genetics Center,Institute of,China Renmin Institute of Forensic Medicine
Six ESCC cell lines,were,treated with afatinib at indicated concentrations
Wang QL growth factor receptor expression,is associated with,prognosis Hematol Oncol
predictive biomarker,is in,cancer immunotherapy Mol Cancer Ther 2015 14 847 856
Coskun Hasan S hscoskun@yahoo.com Department of Medical Oncology,Department of,Turkey Department of Medical Oncology
Genetic synthetic lethal therapy,are,targeted at oncogenes
HRM MAF titration,was,conducted by MAF in DNA sample from 10 % in increasing total DNA concentration assay from 0.25 ng μl
"Graduate Institute of Medicine , College of Medicine",of Institute is,Kaohsiung Medical University
Institute for Experimental Surgery,is,Rostock University Medical Center
CD40 monoclonal antibody,were purchased from,Elabscience Biotechnology Co.
Clinical data,were collected from,http://www.cbioportal.org/
European Organization for Research and Treatment of Cancer,Institute of,National Cancer Institute of Canada J Natl Cancer Inst
Department of Medical Research,is,China Medical University Hospital
Department of Pathology,is,Guangdong Medical University
Mexico Department of Radiotherapy,is,Mexico Department of Pathology
Department of Radiation Oncology,of Department is,Southern Medical University
Inadomi K Kumagai H Arita S Tsuruta N Takayoshi K Mishima K Ota S Tanaka M Okumura Y Sagara K Bi-cytopenia,induced by,antibody for melanoma
Department of Oral Pathology,of Department is,Nanjing Medical University
TFEB gene,is part of,documented cancer specific translocation t
ESCC cells,effects of,delivered by hUCMSCs exo
DCs CIKs cytotherapy,rescues,suppression induced by TRT
systemic i.v. infusion,significantly reduced,NCI H460 tumor volume
Human bronchial epithelial cells 16HBE,were provided by,tumor Cell Library of Chinese Academy
Shanghai Jiaotong University School of Medicine,of School is,Department of Oncology
Kaohsiung Chang Gung Memorial Hospital and Chang Gung University College of Medicine,Department of,Department of Thoracic & Cardiovascular Surgery
"Department of Preventive Medicine , School of Public Health",Centre for,Centre for Disease Control and Prevention
radiotherapy,are tools in,multidisciplinary local treatment of ductal adenocarcinoma
CAR T cell platforms,are under,clinical trials for multiple myeloma
Department of Stomatology,Hospital of,Anhui Medical University
Department of Medicine,is,Keio University School of Medicine
Department of Pathology,of Department is,Chinese Academy of Medical Sciences and Peking Union Medical College
Wang T Huang alphavbeta3 integrin,mediates Radioresistance through,regulation of Survivin Mol Cancer Res
Department of Surgery,Department of,Department of Clinical Laboratory
pathologist score,showed,increase in caspase 3 in xenografts
Department of Pulmonology and Immunology,of Department is,Lithuanian University of Health Sciences
Department of Oncology,is,Cumming School of Medicine
Chinese Medicine,Hospital of,Guangdong Provincial Hospital of Chinese Medicine
Pembrolizumab,is,IgG4 antibody consisting of high affinity mouse anti-PD-1-derived region grafted with Fc region
Anschutz Medical Campus,at Department is,University of Chicago Medicine
Conclusion Chest radiography,remains,screening modality for HNSCC in Canada
Zhang SE fibroblasts,contribute via,exosome mediated paracrine miR 34a 5p EBioMedicine
Pembrolizumab,is,humanized IgG4 antibody consisting
Cyprus Cancer Registry,is,Ministry of Health
Department of Urology,is,Korea University School of Medicine
School of Health Management / Public Health,is,Harbin Medical University
Lgr5 cells,be,origin of invasive gastric carcinoma specifically in intestinal histotype
Mammalian mitochondria,are depicted,elongated particles originated in cells
clinical significance,requires,investigation through application as integral biomarkers in trials
Pembrolizumab,are,IgG4 anti-PD-1 monoclonal antibodies approved as line therapy for metastatic HNSCC
Department of Medical Oncology,of Department is,Italy Pathology Unit
Department of Medical Oncology,of Department is,Victorian Comprehensive Cancer Centre Building
Department of Pharmacology,is,Institute of Clinical Medicine
Bacteroidales,Increased,peripheral Treg anti-tumor response Mouse Human
Department of Clinical Laboratory,is,Renmin Hospital of Wuhan University
Methods Clinical materials Imaging records diagnosed,were obtained,cancer imaging archive
State Key Laboratory of Biotherapy,is,West China Hospital of Sichuan University
arterial resections,include,hepatic artery resection
serum CYFRA 21 1 assay,has,In our department has routinely performed at initial diagnostic workup after based therapy
Methods Human lung cancer cells,were injected into,cardiac ventricle
Clinical studies,have noted with,patient responses after ICI treatment in single cancer type
Clinical studies,have noted with,improved responses after ICI treatment in cancer type
tumor model in Female BALB c nude mice,were purchased from,Center of Guangzhou University of Chinese Medicine
CCR2 cells,introduced,powerful potential of molecular imaging techniques for diagnosis of lung IRI
Navarre Spain Department of Medical Oncology,is,Clínica Universidad de Navarre
BRCA1 mutation testing,is step,for LCNEC patients to take
targeted antibody drug conjugate,eradicates,high grade neuroendocrine initiating cells
Institute of Biotechnology,Department of,Taiwan Department of Pathology and Laboratory Medicine
Human endothelial cells,maintained in,ScienCell
Sirtex Medical Limited,Department of,Department of Nuclear Medicine
Cancer therapy,is in,patients with cardiac devices
DAB biomarker expression,was evaluated by,by upon senior consultant pathologist
One target gene,may,may regulated by multiple miRNAs
Biomedical Sciences,is,Warwick Medical School
HPV genomes,are usually integrated into,tumour cell genome
Department of Radiation Oncology,of Department is,Harvard Medical School
School of Health Sciences,of School is,Molecular Oncology Research Center
SKOV3 cells,were incubated with,amounts of gefitinib
Lawson Imaging Research Program,is,Lawson Health Research Institute
Eye Hospital,School of,Ophthalmology
VEGFR targeting antibody ramucirumab,was,approved by Food Administration in United States for advanced gastric junction adenocarcinoma patients with progression on containing chemotherapy
Chest computed tomography scan,revealing,endobronchial shadow associated with atelectasis of lobe
outcome Cardiopulmonary fitness fitness,will,will determined by maximal cardiopulmonary exercise test gold measure
Centre for Health Evaluation and Outcome Sciences,is,Providence Health Research Institute
DMS 53 cell line,repeat,Transwell assay
Lung metastasis models,were generated by,using A549 P GR cells
"Department of Preventive Medicine , School of Public Health",Laboratory of,PR China State Key Laboratory of Genetic Engineering
Pembrolizumab,is,monoclonal IgG4 anti-PD-1 antibody consisting of affinity mouse anti-PD-1-derived region grafted onto human IgG4 immunoglobulin molecule
clinical trials,are ongoing Based,preclinical results for antibodies
Department of Pathology,Program in,Biomedical Sciences
ESCC cell line TE 1 cells,were obtained from,Cell Bank of Shanghai Institutes for Biological Sciences
Department of Public Health and Institute of Public Health,is,Chung Shan Medical University
College of Medicine,is,Kaohsiung Medical University
Novel pancreatic cancer cell lines,derived from,mouse models pancreatic adenocarcinoma
biomarkers,fully exploit,clinical potential of pancreatic juice samples
Oncology,University of,The University of Texas MD Anderson Cancer Center
Medicine,of Department is,"PA USA Department of Medicine , Division of Hematology / Oncology"
personalized therapies,are longer limited to,targeted drugs
Beth Israel Deaconess Medical Center,is,Boston Medical Center
Diakowska D Cytokines association,is with,clinical changes in esophageal squamous cell carcinoma Dis Markers
derived Myofibroblasts,contribute to,stem cell niche
MSI testing,was,As proof performed on mucinous adenocarcinoma
blood TCR repertoire profiling,may facilitate,stratification against melanoma Cancer Immunol Res
our top 50 miRNAs,were proved,miRNAs with accuracy
Peter Doherty Institute for Infection and Immunity,at Department is,Peter MacCallum Cancer Centre
Lung Institute,is,Allegheny Health Network
SHP77 small cell lung cancer xenograft model,investigate,anti-tumor activity of CFZ
Pembrolizumab,is,humanized IgG4 anti-PD-1 antibody consisting of affinity mouse region grafted
MIAT over-expression enhanced Nrf2 expression,incubated,epithelial cell line HK 2
Primary Sjögren ’s syndrome,is,in Sjögren ’s syndrome chronic autoimmune disorder characterized by lymphocytic infiltration
Circulating miRNAs,are,biomarkers
Fig. 6 Metastatic lesion formation,is inhibited by,MRx102 treatment
Radical esophagectomy,has,has widely acknowledged with importance in therapy for cell carcinoma
Teaching Hospital of Fujian Medical University,is,Fujian Provincial Cancer Hospital
Radiomics,used in,medical research
DAB biomarker expression,was evaluated by,by upon consultant pathologist
Radiation Biology and Tumor Physiology,is,Department of Radiation Biology
computed patient study file,was registered with,study approved by Institutional Review Board for Respiratory Medicine
Yue J Yu Z Tumor marker index,is prognostic factor for,patients with esophageal cell carcinoma Cancer Biomark Sect A Disease
our miRNAs,were proved,to breast cancer related miRNAs
C12 ion beam therapy,theoretically offers advantages compared,high energy x-ray therapy as for example biological efficiency
AChE binding tail PRiMA,is,regulated in muscle with muscular dystrophy by merosin deficiency Chem Biol Interact 2013 203 330 334
key immune effector,required in,conditional driven mouse model
Discussion Cardiac CT,offers,detailed assessment of CAD comparable to angiography
Pembrolizumab,is,humanized IgG4 antibody consisting of high affinity mouse anti-PD-1-derived region grafted onto IgG4 immunoglobulin molecule with Fc region for stabilization
clinical trials,have,for mucinous colorectal adenocarcinoma have performed
diagnostic biomarkers,are,with development of liquid biopsy of cancer diagnosis needed for scale prospective studies
Department of Surgery,Department of,Japan Department of Pathology
Department of Laboratory Medicine,of Department is,China Department of Neonatology
miRNAs,emerging as,biomarkers
Nebraska USA Division of Biostatistics,is,Washington University School of Medicine
Department of Urology,is,Rui Jin Hospital Lu Wan Branch
cell proliferation assay,identify,effect of FZKA on lung cancer cell growth
MUC16 CA125 antigen,is,used serum marker for diagnosis
Pembrolizumab,is,is currently tested in combination in patients with recurrent GBM
Pembrolizumab,is,humanized IgG4 antibody consisting of affinity mouse region grafted with engineered Fc region for stabilization
biomarkers,are,In addition with development of biopsy of cancer diagnosis urgently needed for scale prospective studies
Providence Regional Cancer Center,College of,WA USA College of Medical Sciences
Pembrolizumab,is,humanized monoclonal IgG4 antibody consisting of high affinity mouse anti-PD-1-derived region grafted with Fc region
systemic i.v. infusion,also reduced,NCI H460 tumor volume
Primary Sjögren ’s syndrome,is,in Sjögren ’s syndrome chronic disorder characterized by infiltration of exocrine glands
serum diagnostic model,was established by,BME cytokines
"Hematology , Oncology and Blood & Marrow Transplantation",is,Department of Internal Medicine
serum molecular diagnostic model,composed of,BME cytokines
Pembrolizumab,are,human IgG4 antibodies approved as second line therapy for metastatic HNSCC by US FDA
Japan Department of Biochemistry,is,Ohu University School of Pharmaceutical Sciences
Pembrolizumab,is,monoclonal IgG4 anti-PD-1 antibody consisting of high affinity mouse anti-PD-1-derived variable region grafted onto IgG4 immunoglobulin molecule with Fc region
Fibroblast growth factor receptor 1 gene amplification,is,associated with survival in patients with resected cell lung cancer J Clin Oncol
Tumor supernatant,was collected from,Calu 1 cells
National Cancer Institute,is,National Institutes of Health
B cell,is,one class of cells
Department of Laboratory Medicine and Pathobiology,of Department is,Department of Clinical Biochemistry
based biomarkers,are seldom specific to,NSCLC tissue
MUC16 CA125 antigen,is,Moreover already used serum marker for diagnosis of ovarian cancer
DCE MRI,was,For study performed in participants with OTSCC
Department of Radiation Oncology,Department of,France Department of Radiation Oncology
Meyer F Samson E Douville P Duchesne T Liu G Bairati I Serum prognostic markers,is in,Clin Cancer Res
HRM MAF titration,was,conducted by MAF in mixed DNA sample from 10 % in increasing total DNA concentration assay from 0.25 ng μl
metabolomics,reveal,effect of Saponins against stroke
Research Center for Industry of Human Ecology,for Center is,"Taiwan Department of Molecular and Cellular Biology , College of Medicine"
pharmacological study,evaluate,effects of new CDKi roscovitine on multiple myeloma cells
clinical molecular variable model,showed performance based,based clinical variables
Genetic based synthetic lethal therapy,are,Currently directly targeted at oncogenes
Oncology,of Laboratory is,Collaborative Innovation Center for Cancer Medicine
Collaborative Innovation Center for Cancer Medicine,is,Sun Yat - Sen University Cancer Center
Pembrolizumab,is,IgG4 antibody consisting of affinity mouse variable region
China Medical University Hospital,Department of,Laboratory Medicine
Primary Sjögren ’s syndrome,is,in primary Sjögren ’s syndrome disorder characterized by focal infiltration of exocrine glands
MSCs,be ideal tool for,cell based therapies
clinical significance,could,could confirmed by bioactivities with interference of rpS6 activation
personalized therapies,are longer limited to,molecular targeted drugs
Malabar Cancer Centre,is,tertiary care hospital situated in rural district of Kannur in North Kerala
Kobayashi A stress sensor Keap1,functions as,adaptor for Cul3 based E3 ligase
kidney cell line 293T,maintained respectively in,MEM supplemented with 10 % fetal serum
Department of Radiology,is,Southern Medical University Zhujiang Hospital
Cancer Research Institute,is,Seoul National University College of Medicine
Pembrolizumab,is,is currently tested in patients with GBM
Pemetrexed murine colon cancer induced ICD,augmented,T cell mitochondrial function
Clinical Medicine,of School is,Union Hospital
European Organization for Research and Treatment of Cancer,Institute of,National Cancer Institute of Canada J Natl Cancer Inst
serum CYFRA 21 1 assay,has,In our department has performed at diagnostic workup
MET gene,shows,lower expression level in group 1 of breast cancer samples
Clinical translation PARP inhibitors,are well established in,treatment of BRCA mutated breast
biomarkers,are,are targeted in CAR T cell trials for leukemia
Metabolic Division,Institute for,George Institute for Global Health
five LUAD tissue samples,were,Simultaneously collected from Department of Surgery
CAR T cell products,are under,clinical trials for RR myeloma
Clinical Laboratory,is,Xinhua Hospital
PD 1 gene,be,used as markers for distinguishing between early stages of lung adenocarcinoma
Department of Anatomic Pathology,is,Hirosaki University Graduate School of Medicine
Pembrolizumab,is,humanized monoclonal IgG4 antibody consisting of high affinity mouse anti-PD-1-derived region grafted onto human IgG4 immunoglobulin molecule
Increased tumorous AREG,was,associated with prognosis with HBGEF expression
Bristo Myers Squibb combination regimen,shows,clinically meaningful responses in first line advanced cell lung cancer
Department of Medical Oncology,School of,Australia School of Cancer Medicine
patient ’s own MSCs,combine,cell therapy
Research Institute of Tuberculosis,Division of,Clinical Research
miRNAs,are,In NSCLC essential for tumor development
Systemic chemotherapy,was advocated for,SCCB treatment
medicine,is,In China mainly used clinically in combination with ACT
primary tracheal basal cells,gave rise to,well differentiated mucociliary epithelia
Human Genetics Unit,is,Institute of Genetics and Molecular Medicine
Radiotherapy,has,has established as definitive treatment for tumors
endoscopist skills,are necessary,have developed for detection of cancer
Clinical Research,of Department is,Jiaotong University Health Science Center
CAR T cell platforms,are under,active trials for myeloma
Pembrolizumab,are,IgG4 anti-PD-1 antibodies approved as line therapy for HNSCC by US FDA
Assoc Cancer Res Cosponsored,Am,in men Cancer Epidemiol Biomark Prev Publ Am Soc Prev Oncol 2005 14 2125 2130 10.1158 1055 9965.EPI -05-0236 18
National Center for Biotechnology Information,for Center is,www.ncbi.nlm.nih.gov
Hep2 cells,were,For miR -486-3p-FLNA luciferase assay co-transfected with miRNA -486-3p
Pembrolizumab,is,humanized monoclonal IgG4 antibody consisting of affinity mouse region grafted onto IgG4 immunoglobulin molecule with Fc region
medial laparotomy,was,performed with resection of rectal area simultaneously with left nephrectomy
Pembrolizumab,is,is currently tested in combination with MRI guided laser ablation in patients with recurrent GBM
biomarkers,guide,checkpoint blockade in cancer therapy Nat Rev Cancer
Vascular endothelial growth factor,combination of,VEGF directed anti-angiogenic therapy
Department of Biochemistry and Molecular Biology,is,Beijing Institute of Basic Medical Sciences
National Clinical Research Center for Cancer,for Center is,Army Medical University
human MIR10B gene,was,For expression in RDEB KCs cloned into pMX IRES Blasticidin vector
induced MDSC,may also induce,formation of blood vessels
Department of Medical Oncology,of Department is,Garvan Institute of Medical Research
Department of Biochemistry and Molecular Biology,is,Shantou University Medical College
Biomedical Sciences,of b0000000121742757School is,Princess Margaret Cancer Centre
CT angiography,alternative to,traditional invasive angiography for screening
Signet ring cells,predict,poor response to preoperative chemoradiation Ann Thorac Surg
NSCLC gene,are sensitive to,EGFR blockade with specific tyrosine kinase inhibitors
Anti-VEGF monoclonal antibodies,is,humanized antibody
Institute of Public Health and Clinical Nutrition,Department of,Department of Psychiatry
multiplex NGS assay,opportunity,CUP patients benefit from new personalized therapies
our HisCoM mimi model,Accordingly can account for,biological relationships between miRNA
B cells,are essential for,systemic T cell responses
MSCs,can,can successfully used for delivery of anti-tumor agents
Biomarker analysis,conducted on,phase III trial of chemotherapy with cetuximab
many clinical trials,is in,clinical development of multiple immune checkpoint inhibitors for NSCLC
University of Rochester Medical Center,is,University of Florida College of Medicine
Bristo Myers Squibb combination regimen,shows,clinically meaningful responses in line advanced cell lung cancer
OSCC tissues,were,collected by punch biopsy from patients of GAAMCRIH
Pembrolizumab,is,humanized IgG4 antibody consisting of affinity mouse region grafted onto human IgG4 immunoglobulin molecule with engineered Fc region for stabilization
Department of Diagnostic Radiology,is,Hokkaido Cancer Center
First Clinical Medical College,is,Guangzhou University of Chinese Medicine
Pembrolizumab,is,humanized IgG4 antibody consisting of high affinity mouse region grafted with engineered Fc region for stabilization
concurrent chemoradiotherapy,PORT after,radical esophagectomy for esophageal carcinoma
Department of Radiation Oncology,of Department is,Department of Radiation Oncology
Cell culture Human cell line HBE,were,obtained from Institute of Biochemistry of Chinese Academy
Tumor Mutational Burden,is reported as,number of sequence variants per tumor region analyzed
Department of Pathology,is,Kaohsiung Chang Gung Memorial Hospital and Chang Gung University College of Medicine
employing single biomarkers,capture,only tumor biological features
First Department of Internal Medicine,Department of,Department of Surgery
cell biologists,have identified,key role of mesenchymal transition in cancer cell metastasis
Department of Oncology,is,Radiation Oncology
CT angiography,rapidly alternative to,traditional angiography
Department of Neurology,of Department is,Fourth Hospital of Harbin Medical University
Haematology,of Department is,Stavanger University Hospital
Bevacizumab,was,first approved anti-VEGF antibody
mRNA vaccines,Therefore are highly suitable for,tumor specific antigens
directed antibody cetuximab,mixed results in,advanced NSCLC
targeted vaccines,are in,clinical studies
Pembrolizumab,is,is currently tested in combination with guided laser ablation in patients
TLR7 8 agonist imiquimod,may,For VSCC tumors may promising agent
BAE scores,are,efficient biomarkers
specific biomarkers,combination of,biomarkers
Department of Radiation Oncology,of Department is,Member for Lung Research
Results Th2 cells,were,identified as cells
Cancer Research Institute,is,Seoul National University College of Medicine
Guangdong Key Laboratory for Research and Development of Natural Drugs,Department of,Department of Gastroenterology
Monoclonal antibodies,are under,clinical evaluation for treatment of NSCLC
Department of Dermatology,is,Larrey University Hospital
Pemetrexed transplantable murine colon cancer induced ICD,augmented,T cell function
Several tumor antigens,thus represent,biological markers
radiotherapy,are powerful tools in,multidisciplinary treatment of ductal adenocarcinoma
Department of Medicine,is,Samsung Medical Center
Adhikari M Wu ML Zhao X Gastrointestinal stromal tumor,colliding with,angiosarcoma Int J Surg Pathol
Department of Pathology,is,Agartala Government Medical College
MET gene,shows,expression level in group 1 breast cancer samples than in group 2
regulated mRNAs,displaying enrichment in,immune related biological processes
Department of Orthopaedics,of Department is,Department of Orthopaedics
radiotherapy,are tools in,multidisciplinary local treatment of pancreatic ductal adenocarcinoma
mouse studies C57BL mice,were obtained from,Guangdong Medical Laboratory Animal Center
Caspase 9 activity assay,was done in,Gefitinib combined with Gefitinib
Department of Pathology,College of,Yonsei University College of Medicine
Department of Pathology,is,University Hospital Tuebingen
pre-coated Matrigel cells,were,For Transwell invasion assay placed in chambers of Transwell plates
MDA MB,transduced For,intraperitoneal tumor model
radiotherapy,is,effective salvage treatment after radical resection of ESCC
serum molecular diagnostic model,was established by,combining BME cytokines
Inadomi K Kumagai H Arita S Tsuruta N Takayoshi K Mishima K Ota S Tanaka M Okumura Y Sagara K Bi-cytopenia,induced by,antibody for malignant melanoma of esophagus
Henderson BW Tumor Destruction,is in,Two Experimental Mouse Tumors following Photodynamic Therapy
Department of Oncology,is,Asan Medical Center
Department of Oncology,is,Sichuan Academy of Medical Sciences and Sichuan Provincial People ’s Hospital
Tumor DNA,analyzed by,targeted genotyping
Stanford School of Medicine,is,Stanford Hospital
Takeda A Kunieda E Ohashi T Aoki Y Koike N Takeda T Stereotactic body radiotherapy,is in,comparison with primary lung cancer Radiother Oncol
Italy Department of Pathology and Laboratory Medicine,is,Indiana University School of Medicine
Bioinformatic analysis,reveals,pattern specific in tumors Proc
Di Lorenzo N Intracranial meningioma,containing,metastatic colon carcinoma Acta Neurochir
antibody pembrolizumab,showed activity of,lenvatinib with anti-programmed cell death protein 1
Neck Oncology Group,is,Cancer Center
Medicine,of Department is,Drexel University College of Medicine
targeted vaccines,are in,clinical studies for lung cancer
Pembrolizumab,are,human IgG4 anti-PD-1 antibodies approved as second line therapy for HNSCC
prognostic biomarkers,Therefore should incorporate,features of tumor leading to comprehensive assessment of tumor biology
Malabar Cancer Centre,is,tertiary care hospital under Department of Health situated in rural district
USA Institute of Carcinogenesis,is,Russian Cancer Research Centre
Background Pancreatic resection,are,tools in local treatment of ductal adenocarcinoma
Department of Radiotherapy,of Department is,National Clinical Research Center for Cancer
Mirnezami R Mehta AM Chandrakumaran K Cecil T Moran BJ Carr N Cytoreductive surgery,improves survival compared,systemic chemotherapy alone
Athymic 4 week old BALB c nude mice,were purchased from,SLAC Laboratory Animal Co. Ltd.
PR China State Key Laboratory of Genetic Engineering,is,"Centre for Genetic Epidemiology , School of Life Sciences"
Departments of Internal Medicine and Biochemistry,is,Rush University Medical Center
Department of Pathology and Laboratory Medicine,is,University of Rochester Medical Center
Radical esophagectomy,has,has acknowledged with paramount importance for esophageal cell carcinoma
associated fibroblast,conferred melanoma resistance as,observed from ERK MAP kinase activity in stromal density region
A549 DDP cells,were,For cell cycle assay fixed for 30 min
Human tumor models,closely mimicking clinical situations in,terms biological features
Pembrolizumab,is,humanized monoclonal IgG4 antibody consisting of affinity mouse variable region
Department of Population Health Sciences,is,Huntsman Cancer Institute
Collaborative Innovation Center for Cancer Medicine,is,Sun Yat - Sen University Cancer Center
Department of Pathology,of Department is,Second Xiangya Hospital of Central South University
Department of Urology,of Department is,Ministry of Health and Welfare
NSCLC cells,transfected with,type PDK1 promoter luciferase reporter construct
State Key Laboratory of Biotherapy,is,National Clinical Research Center for Geriatrics
T cells,migrate to,specific tissues
same day preoperative diagnostic body 18F FDG PET CT images,recommended for,diagnostic body 18F FDG PET CT imaging
mRNA vaccines,Therefore are suitable for,tumor specific antigens
Tumor differentiation,may,may categorized with early stage tumor like high grade dysplasia carcinoma
Neurological events,were also reported in,clinical trial
MiRNAs,is in,OSCC cell derived exosomes
prognostic biomarkers,Therefore should incorporate,features of tumor
aMedical Genetics Research Center,is,Mashhad University of Medical Sciences
Pembrolizumab,is,IgG4 antibody consisting of high affinity mouse anti-PD-1-derived variable region
ERK1 polyclonal antibody,was commercially provided by,Santa Cruz Biotechnology Inc.
Prospective Department of Dental Medicine,of Department is,Medical Center
Department of Pathology,is in,our hospital
Inadomi K Kumagai H Arita S Tsuruta N Takayoshi K Mishima K Ota S Tanaka M Okumura Y Sagara K Bi-cytopenia,induced by,antibody for primary malignant melanoma of esophagus
Medical Oncology,of Division is,Yale School of Medicine
Pembrolizumab,is,humanized IgG4 anti-PD-1 antibody consisting of affinity mouse anti-PD-1-derived region grafted onto IgG4 immunoglobulin molecule with engineered Fc region
Department of Pathology,College of,Yeungnam University College of Medicine
Department of Oncology,of Department is,Tongji Medical College
Oncology,Division of,Molecular Cancer Sciences
AChE binding tail PRiMA,is,down regulated in muscle by merosin deficiency Chem Biol Interact 2013 203 330 334
DWI MRI evaluation,has,has reported as useful tool for differentiating tumors from lesions
based metabolomics,reveal,protective effect of Saponins against stroke in rat
University of Nebraska Medical Center,is,Nebraska Medical Center
baseline angiogram,map,anatomy of liver
biomarkers,are,In addition with fast development of liquid biopsy of cancer diagnosis needed for scale prospective studies
Research Neoadjuvant chemoradiotherapy,followed by,transanal total mesorectal excision assisted by port surgery
Pembrolizumab,is,humanized IgG4 antibody consisting of high affinity mouse variable region grafted onto IgG4 immunoglobulin molecule with Fc region
Department of Oncology,of Department is,Shanghai University of Traditional Chinese Medicine
Tumor cells,thereafter treated with,cetuximab
Department of Biochemistry & Molecular Biology,is,Yonsei University College of Medicine
biomarkers,are needed with,development of liquid biopsy
"Department of Internal Medicine , Division of Oncology",School of,Washington University School of Medicine
Pemetrexed transplantable murine colon cancer induced ICD,augmented,T cell mitochondrial function
Several CAR T cell platforms,are under,clinical trials for refractory multiple myeloma
Department of Oncologic Sciences,is,University of South Florida Morsani College of Medicine
targeted CCR2 cells,potential of,cell specific molecular imaging techniques for diagnosis of lung IRI
database clinical esophageal carcinoma samples,correlated positively in,Cancer Genome Atlas
Front Diagn PatholDiagn PatholDiagnostic 1596BioMed Central London 30210.1186 s13000 -015-0302-4Case ReportUnusual apocrine carcinoma,is with,neuroendocrine differentiation
prognostic biomarkers,should ideally incorporate,features of tumor leading to assessment of tumor biology
B cells,was noted in,CD19 B cells
Potential clinical role,is in,human glioblastoma Transl Med UniSa 2011
Cells,stored for,data acquisition by flow cytometry
labeled antibodies,were,purchased from Amersham Biosciences
miRNAs,attractive as,biomarkers
targeted antibody drug conjugate,eradicates,high grade neuroendocrine initiating cells
adjuvant chemo radiotherapy plays,However important role in,integrated therapy
Department of Pathology,University of,Lithuanian University of Health Sciences
Steiniche T Borre M Dyrskjot L Tumor macrophages,induce,expression of macrophage specific receptor CD163
Malabar Cancer Centre,is,tertiary care hospital under Department of Health situated in district of Kannur
radiotherapy,are tools in,multidisciplinary treatment of ductal adenocarcinoma
UM SCC cell lines,test,effect on tumor growth on CAM on metastases
Diagnosis BRPC,was diagnosed with,pancreas protocol including cross-sectional imaging
exosomic miR level,may,may potential biomarker
T cells,has shown,great promise in treating cancers
Department of Pathology,of Department is,First Affiliated Hospital of China Medical University
human basal cells,are,In assay seeded into denuded rat tracheas
diagnostic biomarkers,are,with fast development of biopsy of cancer diagnosis needed for scale studies
Pembrolizumab,is,humanized IgG4 antibody consisting of high affinity mouse anti-PD-1-derived variable region grafted onto human IgG4 immunoglobulin molecule with engineered Fc region
total ERK1 polyclonal antibody,was provided by,Santa Cruz Biotechnology Inc.
VEGFR targeting antibody ramucirumab,was,approved by Food Administration for gastric junction adenocarcinoma patients with progression on chemotherapy
TCF 1 gene,encodes,DNA binding protein uniquely expressed in normal T lineage lymphocytes Blood 1995 86 8 3050 3059 75793 99 20
Programmed cell death loss,is,regulated by miR 21 in oral squamous cell carcinoma Mol Cancer
China6 Department of Clinic Laboratory,is,Chengdu Tumor Hospital
Department of Dermatology,of Department is,Nippon Medical School
Enhanced CCR9 expression levels,are associated with,clinical outcome to infliximab treatment
"Department of Medicine , Division of Gastroenterology and Hepatology",is,Augusta University - Medical College of Georgia
miRNAs,are,As class of ncRNAs regarded in PCa
quantitative flow assay,evaluate uptake by,MNSC cells
First Clinical College,is,Guangdong Medical University
Lgr5 cells,be cellular origin in,specifically histotype
Clinical studies,have focused on,evaluation of drug sensitivity in bladder cancer
Pembrolizumab,is,monoclonal IgG4 anti-PD-1 antibody consisting of affinity mouse anti-PD-1-derived region grafted with Fc region
Masuda M Methotrexate,is excreted by,canalicular multispecific organic anion transporter in rats Cancer Res
effective targeted therapies,have,have developed for lung cancer
Department of Medical Oncology,School of,Medicine
AKT inhibitor AZD5363,sensitizes,derived cancer xenograft model with PTEN loss to Taxotere J Transl Med
0004 1765 5169 School of Stomatology,is,Hunan University of Chinese Medicine
Fibroblast growth factor receptor 1 gene amplification,is,associated with survival in patients with resected squamous cell lung cancer J Clin Oncol
Masuda M Methotrexate,is,excreted into bile by canalicular multispecific organic anion transporter in rats Cancer Res
Bioinformatics analyses,identify,miRNAs
pembrolizumab,also showed,clinical activity
Department of Pathology,is,Guangdong Medical University
Paget ’s cells,are positive by,immunohistochemistry
Pemetrexed transplantable murine colon cancer ICD,augmented,T cell mitochondrial function
Clinical Laboratory Medicine,Hospital of,Cancer Hospital of Shantou University Medical College
Robotic thoracic surgery,offers advantages over,VATS with accuracy especially in bronchial plastic surgery
Pembrolizumab,is,monoclonal IgG4 anti-PD-1 antibody consisting of high affinity mouse anti-PD-1-derived region grafted onto IgG4 immunoglobulin molecule with engineered Fc region
using specific antibodies,However influenced,function of stem cells
8227 leukemic cell line,was derived from,primary AML with written consent from donor
Braig F Liquid biopsy monitoring,uncovers,RAS mediated resistance to cetuximab
Molecular Genetics,is,School of Medicine
term medicine,Thus became,established in medical discourse
Muthana M Rodrigues S Chen YY Macrophage delivery,abolishes tumor regrowth after,chemotherapy Res
Department of Pathology,of Department is,Department of Hepatobiliary
Research Neoadjuvant chemoradiotherapy,followed by,transanal total mesorectal excision assisted for lying adenocarcinoma
Department of Nanobio Drug Discovery,is,Graduate School of Pharmaceutical Sciences
Pembrolizumab,are,human IgG4 anti-PD-1 monoclonal antibodies approved as line therapy for HNSCC by US FDA
MSI testing,was,As proof performed on adenocarcinoma of colon
Inadomi K Kumagai H Arita S Tsuruta N Takayoshi K Mishima K Ota S Tanaka M Okumura Y Sagara K Bi-cytopenia,possibly induced by,antibody for melanoma
T cells,might,might important for HPV specific T cell response in driven tumors
Nantong University of medicine,Institute of,Institute of Oncology
Specialized fibroblasts,named,cancer associated fibroblasts
epidermal growth factor receptor tyrosine kinase inhibitors,have,In past decades have most commonly used as targeted therapy
Department of Oncology,Institute for,Institute for Innovative Cancer Research
Department of Surgical Pathology,of Department is,Japan First Department of Medicine
Department of Molecular Biology,is,School of Medicine
Nanjing Medical University,Hospital of,Nanjing Medical University
Oncology Research Initiative,School of,"University of Colorado , School of Medicine"
T cells,were,recruited by CXCL11 in tumor microenvironment
China Medical University Hospital,Department of,Taiwan4 Department of Life Sciences
Li D Yeung SC Hassan MM Konopleva M Abbruzzese JL Antidiabetic therapies,affect,risk of cancer Gastroenterology
Western blot analysis,confirmed,expression of NLRP3 in OSCC cells
Department of Pathology,of Department is,USA2 Department of Radiation Oncology
only diagnostic biomarker,is,To date serum CA19 9 level
Pembrolizumab,is,is currently tested in combination with bevacizumab with MRI guided laser ablation in patients with GBM
clinical application,is in,treatment of gastric Cancer Chin Clin Oncol
UMSCC25 cells,exhibited,marked induction of chemokine
human mucosal tissue protein,was purchased from,BioChain
Department of Radiation Oncology,of Department is,Korea Department of Radiation Oncology
UM SCC cell lines,test,effect on CAM on metastases
Persian Gulf Tropical Medicine Research Center,Department of,Department of Pathology
Department of Clinical Radiology,is,Graduate School of Medical Sciences
Siolas D Hannon GJ tumor Xenografts,transforming samples into,mouse models Cancer Res 2013
Cancer research,turn molecules into,valid drug candidates
Endocrinology & Metabolism Research Center,is,Endocrinology & Metabolism Clinical Sciences Institute
clinical research,is in,J Clin Oncol American Society of Clinical Oncology
specific miRNAs,constitute,clinically significant biomarker panel
Pembrolizumab,is,monoclonal IgG4 anti-PD-1 antibody consisting of high affinity mouse anti-PD-1-derived region grafted with engineered Fc region for stabilization
Tank binding kinase,is,centrosome associated kinase necessary
Pembrolizumab,is,monoclonal IgG4 antibody consisting of high affinity mouse anti-PD-1-derived variable region
Center of Medicine and Clinical Research,Department of,Clinical Radiology
Manchester Thoracic Oncology Centre,is,University Hospital of South Manchester
Della Vittoria Scarpati G Falcetta F Carlomagno C Ubezio P Marchini S De Stefano A specific miRNA signature,correlates with,response in cancer Int J Radiat Oncol Biol Phys 2012 83 1113 1119
Department of Medicine,of Department is,Beth Israel Deaconess Medical Center
patient ’s medical history,led to,diagnosis of bile duct cancer
Clinical studies,have indicated,importance of developing tumor models
Pulmonary Medicine,of Department is,Tokyo Medical University Hospital
Pembrolizumab,is,humanized IgG4 anti-PD-1 antibody consisting of affinity mouse region grafted onto human IgG4 immunoglobulin molecule with Fc region for stabilization
State Key Laboratory of Genetic Engineering and Ministry of Education Key Laboratory of Contemporary Anthropology,Department of,China Department of Cardiothoracic Surgery
Department of Pharmacology,is,Yale University School of Medicine
Proteomic study,explores AGR2 as,pro-metastatic protein in HCC Mol Biosyst
diagnostic biomarkers,are,with development of liquid biopsy urgently needed for scale studies
pembrolizumab,was approved for,first line treatment of NSCLC
Pembrolizumab,are,human IgG4 anti-PD-1 monoclonal antibodies approved as line therapy for metastatic HNSCC
diagnostic biomarkers,are,In addition with fast development of liquid biopsy of cancer diagnosis needed for large scale studies
Pharmacologic investigations,have revealed effects with,R428 treated tumours
Luciferase Reporter Assay System,was used for,conducting luciferase reporter assay
Community Medicine,of Department is,Geneva University Hospitals
Research Neoadjuvant chemoradiotherapy,followed by,transanal total mesorectal excision assisted for lying rectal adenocarcinoma
biomarkers,capture,tumor features linked
Front BMC CancerBMC CancerBMC 2407BioMed Central London 26895632218410.1186 s12885 -016-2184-6Case ReportPancreatic panniculitis,is in,patient with pancreatic type acinar cell carcinoma of liver case report
Hallym University Medical Center,College of,Yonsei University College of Medicine
Clinical translation pioneer study,investigated,use of antibody consisting of interleukin 2 variant
Department of Medicine,of Department is,Southern Arizona VA Health Care System
Topalian SL Taube JM Anders RA biomarkers,guide,checkpoint blockade in cancer therapy Rev Cancer 2016 16 275 287
Pattingre S Tassa A Bcl antiapoptotic proteins,inhibit,Beclin 1 dependent autophagy Cell 2005
Department of Pathology,is,Ohio State University Wexner Medical Center
ESCC cell line TE cells,were obtained from,Cell Bank of Shanghai Institutes
Sun X Serum microRNA 221,functions as,potential diagnostic marker for patients with osteosarcoma Biomed Pharmacother 2015 75 153 158
Primary Sjögren ’s syndrome,is,in Sjögren ’s syndrome disorder characterized by focal infiltration of exocrine glands
Pembrolizumab,is,humanized IgG4 anti-PD-1 antibody consisting of high affinity mouse region grafted onto IgG4 immunoglobulin molecule with Fc region
Pembrolizumab,is,humanized IgG4 antibody consisting of high affinity mouse anti-PD-1-derived variable region grafted
Department of Radiation Oncology,University of,The University of Texas MD Anderson Cancer Center
College of Clinical Medicine of Henan University of Science and Technology,of College is,Faculty of Biochemistry
biomarkers,further stratify,LUAD patients for identifying cancers
National Center for Biotechnology Information,is,NCBI
KF Zhang L Huang CD163 macrophages,correlated,cells in oral cell carcinoma BioMed research
Several clinical trials,are underway based,biomarkers
Cancer Institute,is,Harvard Medical School
Review TCF7 gene,was identified as,T lymphocyte specific transcription factor
Taiwan Department of Hematology - Oncology,is,Kaohsiung Chang Gung Memorial Hospital and Chang Gung University College of Medicine
Masuda M Methotrexate,is excreted by,organic anion transporter in rats Cancer Res
Pembrolizumab,is,humanized IgG4 anti-PD-1 antibody consisting of high affinity mouse variable region grafted onto human IgG4 immunoglobulin molecule
diagnostic biomarkers,are urgently needed with,development of liquid biopsy
ATP1A gene family members,are correlated with,clinical features
Human growth factor,was purchased from,BioSource
mRNA vaccines,Therefore are highly suitable for,targeting tumor specific antigens
clinical trials,identify,biomarkers
Department of Radiation Oncology,is,Shanghai Pulmonary Hospital
Liang H Liu X Wang M Immunotherapy,combined with,epidermal growth factor receptor tyrosine kinase inhibitors in lung cancer treatment Onco Targets Ther 2018 11 6189 6196
human IgG4 anti-PD-1 antibodies,approved as,line therapy metastatic HNSCC
Department of Medical Oncology,of Department is,Nanfang Hospital Affiliated to Southern Medical University
Pembrolizumab,is,monoclonal IgG4 antibody consisting of high affinity mouse anti-PD-1-derived variable region grafted with Fc region for stabilization
China Medical University Hospital,Department of,Department of Medical Laboratory Science and Biotechnology
Department of Genetics,is,Institute for Experimental Medicine
Clinical applications,would require,standardization including determination for distinguishing tumors with TMB
that useful biomarker,is in,patients with ESCC
potential biomarker,generate,mDCF combination in HPV related diseases
Cell Biology,of Division is,Department of Otorhinolaryngology
Celià Terrassa Cortés O Mateo F Martínez de Paz Rubio N Arnal Estapé mesenchymal transition,can suppress,major attributes of initiating cells
Tongji University School of Medicine,of School is,"Department of Gastroenterology , Hepatology & Nutrition"
Institute of Cancer Research,is,Chester Beatty Laboratories
Pembrolizumab,are,human IgG4 anti-PD-1 antibodies approved
Department of Radiation Oncology,is,Tianjing Medical University Cancer Institute and Hospital
adjuvant chemo radiotherapy plays,important role in,integrated therapy
Clinical studies,have noted association with,patient responses after ICI treatment in cancer type
Metabolomic studies,allow for,analysis in biological sample
Kawase T Yasui Y Nishina S Fibroblast activation fibroblasts,promote,progression of ductal adenocarcinoma BMC Gastroenterol
Department of Gastroenterological Surgery,is,Nagoya City University Graduate School of Medical Science
biological data,coupled with,recently published data from melanoma
splicing EIciRNAs,shown,CiRNAs
Primary Sjögren ’s syndrome,is,in primary Sjögren ’s syndrome chronic autoimmune disorder characterized by lymphocytic infiltration
Pembrolizumab,was,approved by FDA in 2017 for MSI high solid tumors irrespective of tumor origin
Department of Interventional Radiology,of Department is,Shanghai Jiao Tong University School of Medicine
Pembrolizumab,has demonstrated,efficacy similar to nivolumab in advanced melanoma
Cancer Institute,Department of,Department of Surgical Oncology
Further clinical studies,determine,treatment strategy with postoperative SCLC
Department of Pathology,is,Microbiology and Immunology
Robert C Schachter J Long GV Pembrolizumab,is in,advanced melanoma New England Journal of Medicine
clinical correlation,is in,100 cases Cancer Epidemiol Biomarkers
specific mouse Tbp gene expression,were,studied by time qRT PCR
clinical trials,are,Marimastat Inhibitor MMPs
Masuda M Methotrexate,is excreted by,multispecific organic anion transporter in rats Cancer Res
Department of Cancer Prevention,Faculty of,Medicine
Cell Biology,of Division is,Samsung Medical Center
Occupational Medicine,of cSection is,Karolinska University Hospital
based doublet chemotherapy,standard for,treatment with type epidermal growth factor receptor
miRNAs,are known,specific for tissues
AstraZeneca,is,Bristol - Myers Squibb
Department of Radiation Oncology,of Department is,VU University Medical Center
Kwak Y Yang derived suppressor cells,are controlled by,T cells
Lawson Imaging Research Program,Department of,Department of Oncology
H446AR cell line,was obtained by,H446 cell line
Faculty of Medicine,is,Department of Gastroenterology
specific anti-TGF-β1 antibody,blocked,immunosuppressive activity induced by SCLC cell lines
Responsive cell lines,were,then employed for bioactivities
radiotherapy,is,important implant
Department 7216 Cancer Center,Center for,Michigan Center for Translational Pathology
Department of Pathology,of Department is,Yeungnam University College of Medicine
Pembrolizumab,are,human IgG4 anti-PD-1 antibodies approved as second line therapy for metastatic HNSCC by US FDA
Thoracic surgeon,is more familiar with,use of ECMO especially in era
Twenty two PDAC specimens,were obtained from,Sixth People ’s Hospital affiliated to Shanghai Jiaotong University
Saitama Medical Center,is,Jichi Medical University
miRNAs,have,have studied in cancers including lung SCC
European Organization for Research and Treatment of Cancer,for Organization is,Questionnaire including brain module
brain tissues,are,Finally for Alzheimer disease affected from disease
USA Graduate Program in Biomedical Sciences,is,University of Oklahoma Health Sciences Center
Department of Molecular Biology and Genetics,Department of,Department of Genetics
Siolas D Hannon GJ derived tumor Xenografts,transforming samples into,mouse models Cancer Res 2013
TRIM2 knockdown treatment,could effectively promote,protein expressions of E-cadherin
miRNAs,Therefore may represent,biomarkers
hippocampal gyrus,manages memory As,gyrus area in brain lobe
Department of Laboratory Medicine,of Department is,College of Biomedical Engineering
Research Neoadjuvant chemoradiotherapy,followed by,transanal total mesorectal excision assisted for adenocarcinoma
TLR7 8 agonist imiquimod,may,For VSCC tumors may promising topically applied agent
Cells,were cultured in,DMEM supplemented with 10 % calf serum
Shandong Cancer Hospital and Institute,Department of,Breast Disease Center
MDA MB 231 metastatic tumors,were observed viz. after,LPA treatment on visceral organs
biological research,Nowadays indicated,important role of RNA in cancers
Department of Surgical Pathology,Department of,Japan First Department of Medicine
growth factor receptor tyrosine kinase inhibitors,have,In past few decades have commonly used as targeted therapy for patients
employing biomarkers,capture,only tumor features linked with CTC enrichment
Medicine,of School is,Shandong Cancer Hospital and Institute
Radical esophagectomy,has,has widely acknowledged with importance for esophageal cell carcinoma
Department of Pathology,is,University of Colorado Anschutz Medical Campus
Department of Radiation Oncology,is,Jeonbuk National University Hospital - Jeonbuk National University Medical School
radiotherapy,yielded,effectiveness comparable with drugs
based chemotherapy,remains,first line standard of care for SCLC
Luminex systems,were assured via,Bio-Plex System Validation
T cells,is reflection of,presence of strong ongoing type 1 tumor specific response
BH3 profiles,be,associated with treatment response in cancer serve as basis
Pembrolizumab,is,humanized IgG4 anti-PD-1 antibody consisting of high affinity mouse anti-PD-1-derived variable region grafted onto human IgG4 immunoglobulin molecule with Fc region
Gao G Ren S Li Xu J Xu Q Su C Epidermal growth factor receptor tyrosine kinase inhibitor therapy,is effective as,first line treatment of non-small-cell lung cancer with mutated EGFR
SWI SNF chromatin remodeling complex,has,has implicated in cisplatin therapy response
Periodontal ligament stem cells,is,MSC population
Thoracic Oncology,of Department is,Japan Department of Pathology
VEGF family,has,has identified as specific angiogenic factors
TLR7 8 agonist imiquimod,may,For VSCC tumors may applied agent
Taiwan Graduate Institute of Medical Science,is,Tri-Service General Hospital
adjuvant chemo radiotherapy plays,still important role in,integrated therapy
biological functions,were assessed by,EdU assays
Aurora kinases,are,important KRAS targets in lung cancer
DCE MRI,was,For prospective study performed in participants with OTSCC from May 2016
USA Department of Obstetrics and Gynecology,is,School of Medicine
KF Zhang L Huang CD163 macrophages,correlated,cells in oral cell carcinoma Biomed Res Int
Key Laboratory,School of,West China School of Public Health
NLRP3 inflammasome,very high level of,NLRP3 inflammasome
Rait A Cole DJ Chang EH Watson DK Transferrin receptor targeting nanomedicine,sensitizes cancer to,gemcitabine therapy Cancer Gene Ther 2013
Clinical applications,would require,standardization including determination for distinguishing tumors
Human vein endothelial cells,were transfected with,based TFAP2B siRNA
Pembrolizumab,is,humanized IgG4 anti-PD-1 antibody consisting of affinity mouse anti-PD-1-derived region grafted with engineered Fc region for stabilization
Laboratory of Molecular Orthopaedics,Department of,Department of Pathology
final definitive histological diagnosis,was,made by resection in patients
anti-pancreatic enzyme antibodies,show,pancreatic acinar differentiation
Chinese Anti-Cancer Association,released Chinese Expert Consensus Statement on,clinical diagnosis
Pembrolizumab,is,humanized IgG4 anti-PD-1 antibody consisting of affinity mouse region
Clinical application,is in,precision diagnosis of lung cancer
patients MR data,were reviewed by,two seasoned radiologists
clinical trials,treat patients with,advanced NSCLC
C12 heavy ion beam therapy,theoretically offers advantages compared,high energy x-ray therapy as for example biological efficiency
Department of Pathology,is,West China Hospital of Sichuan University
Medical oncologists,comprise,Department of Pulmonary Oncology
Cancer Research Institute,is,Zhejiang Cancer Hospital
Pembrolizumab,is,humanized monoclonal IgG4 anti-PD-1 antibody consisting of affinity mouse anti-PD-1-derived region grafted with engineered Fc region
mRNA vaccines,are highly suitable for,tumor specific antigens
Department of Pathology,is,Peking University Cancer Hospital & Institute
VEGFR targeting antibody ramucirumab,was,approved by Food Administration for advanced gastric junction adenocarcinoma patients with progression
"Kapodistrian University of Athens , School of Medicine",is,Attikon University Hospital
Methods Human tissue array database,evaluate,clinical relevance
Pembrolizumab,is,humanized monoclonal IgG4 anti-PD-1 antibody consisting of high affinity mouse region grafted onto human IgG4 immunoglobulin molecule with engineered Fc region
Murine model imaging BALB c mice,were provided by,Comparative Medical Center
North Norwegian OSCC patient,is,representative of OSCC patient in Europe regarding site
Johnston S Jr Pivot JPX lapatinib,combined as,first line therapy for postmenopausal hormone receptor
VEGFR targeting antibody ramucirumab,was,approved by Food Administration for advanced gastric junction adenocarcinoma patients with progression on containing chemotherapy
Department of Clinical Oncology,is,University College London Hospital
control cell line,level in,CSCC cell lines
B cells,is in,total PBMCs
ErbB2 overexpression,has,has found in breast cancer patients classified within survival group
Endobronchial biopsy,has,has used for diagnosis for over 40 years
"USA2 Department of Medicine , Division of Cardiology",is,Southern Arizona VA Health Care System
Pembrolizumab,is,cancer immunotherapy most commonly used for tumors
Potential Tumor Suppressor Gene,Is Commonly Inactivated by,Mechanisms in Colorectal Cancer Plos Genet
numerous biomarkers,are under,clinical evaluation for treatment
Department of Radiology and Radiation Oncology,of Department is,Graduate School of Medical Sciences
clinical use,is in,medical community
B cells,are critical to,T cell mediated antitumor immunity induced
Southwest Cancer Cooperative Group,reported,effectiveness of erlotinib for treatment of junction adenocarcinoma
Department of Biomedical Informatics,Department of,Cancer Biology
Marrugo Ramírez José Mir Mònica Samitier Josep Based Cancer Biomarkers,is in,Liquid Biopsy
Whole genome sequencing,has revealed,complexity of HPV18 integration event in HeLa cell line
Transgenic mouse data,was obtained at,Transgenic mouse data
consensus reference genome,is step towards,reference genomes
Department of Otolaryngology,of Department is,Feinberg School of Medicine
Primary Sjögren ’s syndrome,is,in primary Sjögren ’s syndrome autoimmune disorder characterized by infiltration
MUC16 CA125 antigen,is,Moreover used serum marker for diagnosis of cancer
BxPC 3,are,for three cell lines shown in Fig. 1a
Society for Memorial Sloan Kettering Cancer Center,is,Lung Cancer Research Foundation
LINC01234 gene,shows,expression level in group 1 of breast cancer samples
Department of Radiology,is,Westmead Hospital
Department of Biochemistry and Molecular Biology,of Department is,University of Nebraska Medical Center
National Cancer Center Institutional Review Board,Hospital of,Cancer Institute Hospital of Japanese Foundation for Cancer Research Review Board
specific fluorescence hybridization,investigate,ACTN4 amplifications in patients
Pembrolizumab,is,humanized IgG4 antibody consisting of affinity mouse variable region grafted onto IgG4 immunoglobulin molecule
Biomarker analysis,better understand,tumor biology
Clinical data,were obtained from,medical charts
Department of Medical Research and Education,of Department is,Taipei Medical University
Department of Radiology,is,Yonsei University College of Medicine
Radiotherapy,stimulate,tumor specific responses
Department of Nuclear Medicine,is,Royal Melbourne Hospital
MIB 1 proliferation index,was markedly higher with,expression of CXCR4 especially with CXCR4 expression
O’Regan K Hatabu H Shapiro G Personalized tumor response assessment,is in,era of molecular medicine
B cell,is,one major class of cells in immune systems
anti-CTLA-4 antibody ipilimumab,is in,clinical trials for treatment of NSCLC
Pembrolizumab,is,humanized monoclonal IgG4 antibody consisting of high affinity mouse variable region grafted onto human IgG4 immunoglobulin molecule
preoperative qualitative diagnosis,are steps for,clinical treatment strategy
Department of Oncology,is,Shengjing Hospital of China Medical University
reagents Antibodies specific,were purchased from,Santa Cruz Biotechnology
severe immunodeficient xenograft model,reflects,important clinical characteristics of disease Cancer Res 2007 67 8653 8661 10.1158 0008 5472.CAN -07-1198
human cells,are,In assay seeded into denuded rat tracheas
CD146 T cells,were also discovered,CCR7 designated as effector memory T cells
interests Gemcitabine,were,provided by Celgene
Respiratory Medicine,of Department is,Japan Department of Biochemistry
Developmental Therapeutics Program,is of,National Cancer Institute
Brain metastases,are most common site in,patients with SCLC
Thoracic surgeon,is now more familiar with,use in era of lung transplantation
clinical tests,targeted,deep sequencing with MBS
MiRNAs,further inhibit,cellular function of target gene
Multiple clinical trials,are evaluating,use of vismodegib in types of cancer
Department of Medical Genetics,of Department is,Tracheal Diseases Research Center
Department of Biochemistry and Molecular Biology,of Department is,University of Nebraska Medical Center
Pembrolizumab,is,humanized IgG4 anti-PD-1 antibody consisting of affinity mouse region grafted onto IgG4 immunoglobulin molecule with Fc region
umbilical vein cells,were transfected with,based TFAP2B siRNA
Drug Brand name Manufacturer Targets Applications,Approved,years of clinical trials Erdafitinib Balversa Janssen FGFR1 4 locally advanced cancer
TCF 1 gene,encodes,nuclear DNA binding protein uniquely expressed in normal T lineage lymphocytes Blood 1995 86 8 3050 3059 75793 99 20
Primary Sjögren ’s syndrome,is,in primary Sjögren ’s syndrome disorder characterized by focal lymphocytic infiltration of exocrine glands
Department of Biomedical Engineering,is,Center for Bioinformatics and Computational Biology
MISSILE NSCLC study,evaluate outcomes after,treatment approach of SABR followed
BMI1 expression,was related in,SCCHN mice model
serum elevated miR,was proved,to diagnostic biomarker
Biomarker analyses,evaluating,erlotinib onartuzumab in lung cancer
miRNAs,are,Specifically are applied as prognostic biomarkers
National Cancer Center / Cancer Hospital,is,Chinese Academy of Medical Sciences and Peking Union Medical College
biological processes enriched,were,In 513 selected gene set for ADC related either to cell proliferation
"Hematology , Oncology and Blood & Marrow Transplantation",School of,Emory University School of Medicine and Winship Cancer Institute of Emory University
University Hospital for Urology,for Hospital is,School of Medicine and Health Sciences
Pembrolizumab,is,monoclonal IgG4 anti-PD-1 antibody consisting of affinity mouse anti-PD-1-derived region
treatment BALB c mice,housed in,certified level animal facility
Respiratory Medicine,Centre for,Centre for Health Evaluation and Outcome Sciences
Cyclophosphamide murine fibrosarcoma,enhanced,priming of tumor specific CD8
NLRP3 inflammasome,high level of,NLRP3 inflammasome
Molecular Cancer Biology,of Laboratory is,Brazil Molecular Oncology Research Center
Department of Oral Health Sciences and Center for Oral Health Research,is,Hollings Cancer Center
National National Comprehensive Cancer Network,Guidelines in,Oncology
Pembrolizumab,is,humanized monoclonal IgG4 antibody consisting of affinity mouse variable region grafted onto human IgG4 immunoglobulin molecule
Xenografted tumor model BALB c mice,were purchased from,Center of Guangzhou University of Chinese Medicine
radiation oncology,was,medical specialty
Background Epidermal growth factor receptor,is clinically validated target for,therapeutic antibody in management
College of Clinical Medicine of Henan University of Science and Technology,Department of,China Department of Microbiology
University Hospital of Pulmonology,is,Clinical Center of Serbia
human TCF 1 gene,encodes,binding protein uniquely expressed in normal T lineage lymphocytes Blood 1995 86 8 3050 3059 75793 99 20
Her laboratory research,developing,improved therapeutic strategies for specific molecular subsets of lung cancer
Department of Oncology,of Department is,Shanghai University of Traditional Chinese Medicine
diagnostic biomarkers,are,with fast development of liquid biopsy of cancer diagnosis urgently needed for large scale studies
Department of Oncology,of Department is,"Asan Institute for Life Science , Asan Medical Center"
NLRP3 inflammasome components,were overexpressed in,human SCCHN tissues
radiotherapy,is,In many cases valuable method in treatment of lung cancer
Key Laboratory,Laboratory of,Cancer Biomarkers
biomarkers,should incorporate,features of tumor leading to comprehensive assessment of tumor biology
Cells,were,incubated with labeled human antibody in dark
Indicated cells,were cultured with,Matrigel for cell invasion detection
Sun Yat - sen University Cancer Center,Department of,China Department of Clinical Oncology
Cell lines,obtained from,Shanghai Honsun Biological Technology Co.
pathologist,is in,Center for Drug Safety Evaluation of Zhengzhou University
Marine Biomedical Research Institute,is,Guangdong Medical University
European Organization for Research and Treatment of Cancer,Institute of,National Cancer Institute of Canada
Department of Pathology,is,Xiangya Hospital of Central South University
Research Neoadjuvant concurrent chemoradiotherapy,followed by,total mesorectal excision assisted by port surgery for adenocarcinoma
Department of Clinical Science,is,Haukeland University Hospital
gene expression profiles GSE43254,was obtained from,Gene Expression Omnibus database up genes related to tumor associated neutrophils
"Leidos Biomedical Research , Inc.",is,Frederick National Laboratory for Cancer Research
Immunotherapy,targeted,revolutionary breakthrough in cancer therapy Prog Biochem Biophys 2018 45 1178 1186 6
School of Medicine and Life Sciences,of School is,Nanjing University of Chinese Medicine
HRM MAF titration,was,conducted by MAF in DNA sample from 10 %
radiotherapy,is,In cases valuable method in treatment of lung cancer leading
Department of General Surgery - Section of Surgical Oncology,is,Wake Forest School of Medicine
"Bucheon St. Mary ’s Hospital , College of Medicine",’s Hospital is,"Seoul St. Mary ’s Hospital , College of Medicine"
transplantable colon cancer ICD,also augmented,T cell mitochondrial function
T cells,is in,patients with OPSCC
Respiratory Medicine,of Department is,Japan Department of Biochemistry
Department of Pharmaceutical and Health Care Management,Department of,Thoracic Oncology
Imprinting diagnostic models,exhibit,high sensitivity in cancer diagnosis
Clinical Medicine,of Department is,Norway Department of Radiology
bone marrow aspiration protocol,develop,investigational medicinal products
Department of Biomedical Informatics,of Department is,Vanderbilt University School of Medicine
baseline hepatic angiogram,map,anatomy of liver
associated macrophage,were,associated with OS in patients
miR 133a expression levels,indicate,clinical outcome in NSCLC
Pharmacology,of Department is,Department of Pharmacy and Pharmaceutical Technology
Luciferase report gene vectors,was transfected into,HEK293T cells
HRM MAF titration,was,conducted by MAF in mixed DNA sample from 10 % in DNA concentration assay from 0.25 ng
T cells,were,recruited by CXCL11 with DOC based chemotherapy
BMS,have funded,support for presentations of data from TERRITOIRE study
Department of Radiation Oncology,is,Xiamen Cancer Hospital
aMedical Genetics Research Center,is,Faculty of Medical Sciences
circulating miRNAs,have attracted,significant attention regarding diagnosis
Background Cisplatin,are,important anticancer drugs
Cells,subjected to,FACS Calibur flow cytometer
DWI MRI evaluation,has,has reported as tool for differentiating tumors from lesions
Immunohistochemistry,was carried out at,pathology laboratory of City of Hope National Medical Center
Department of Global Public Health and Primary Care,Institute of,Norwegian Institute of Public Health
World Health Organization,divides lung cancer based,its biology
transplantable colon cancer induced ICD,augmented,T cell function
growth factor receptor tyrosine kinase inhibitors,have,In past decades have used as targeted therapy for patients
Background Pancreatic resection,are,powerful tools in multidisciplinary treatment of pancreatic ductal adenocarcinoma
Department of Oncology,of Department is,Fudan University Shanghai Cancer Center
Prospective Department of Surgery,of Department is,University at Birmingham Comprehensive Cancer Center 33 Models Ebenezar et al. 2012
Department of Thoracic & Cardiovascular Surgery,is,Kaohsiung Chang Gung Memorial Hospital and Chang Gung University College of Medicine
Department of Radiation Oncology,of Department is,Department of Radiology
STK11 recoverd cell lines,were cultured with,added 1μg ml puromycine
specific shRNA,Conversely was expressed in,UM SCC 14A cells with expression
Department of Medical Oncology,Laboratory of,Biotherapy
Department of Preventive Medicine and Public Health,of Department is,Korea Pharmaceutical Benefits Department
Clinical Medicine,of School is,Guangdong Academy of Medical Sciences
Department of Cell Biology,is,National Translational Science Center for Molecular Medicine
NIHR Cancer and Nutrition Collaboration,is,Royal College of Anaesthetists
Department of Epidemiology and Biostatistics,is,Tianjin Medical University Cancer Institute and Hospital
Pembrolizumab,is,is tested in patients with GBM
Veterinary Pathology,of Department is,Institute of Life Sciences
Pembrolizumab,is,humanized monoclonal IgG4 antibody consisting of affinity mouse variable region grafted onto human IgG4 immunoglobulin molecule with engineered Fc region
mRNAs,inhibited by,miRNAs
MIAT over-expression enhanced Nrf2 expression,incubated,renal cell line HK 2
Novel pancreatic cancer cell lines,derived from,genetically engineered mouse models spontaneous pancreatic adenocarcinoma
Pembrolizumab,is,humanized monoclonal IgG4 antibody consisting of affinity mouse region grafted
miRNAs,have of,Of these have interest in cancer research as modifiers of transcription
IBM score,be prognostic factor for,OSCC patients
Gupta Probst HC Vuong V Landshammer Muth S Yagita H Radiotherapy,promotes,tumor specific effector CD8
clinical data,were,For tumor samples available from Department
human immortalized oral cells,were,provided by Key Laboratory of Stomatology
CT angiography,alternative to,traditional angiography
Clinical application,is under,development for treatment of cancers
0004 1765 5169 School of Stomatology,of School is,Xiangya Hospital of Central South University
Proper laryngeal anatomy,is,particularly crucial to normal physiology
CAI antibody,was from,Santa Cruz Biotechnology
Japan Department of Biochemistry,is,Nihon University School of Dentistry
AKT inhibitor AZD5363,sensitizes,patient derived cancer xenograft model with PTEN loss
three genomic measures,were used,covariates help in genes with lung cancer gene expression
dClinical Cooperation Unit Radiation Oncology,Centre for,Lung Research
BH3 profiles,be,associated with treatment response to nCRT to serve
T cells,were,recruited by CXCL11 with based chemotherapy
miRNAs,are,As prognostic biomarkers associated with patients survival in different cancers
NY USA Department of Epidemiology and Biostatistics,is,Memorial Sloan Kettering Cancer Center
clinical tests,targeted,sequencing with MBS
Pembrolizumab,is,novel cancer immunotherapy used
sarcoma component,consisted of,mainly osteosarcoma
Internal Medicine,is,Seoul National University Hospital
FLO1 cells,were treated with,EGFR tyrosine kinase inhibitor
Department of Pathology and Laboratory Medicine,University of,University of Vermont College of Medicine
biomarkers,are,with development of biopsy of cancer diagnosis needed for large scale studies
DWI MRI evaluation,has,has yet reported as useful tool for differentiating tumors from ovarian lesions
Department of Medical Oncology,of Department is,Victoria 3084 Australia Department of Medical Oncology
Institute of Pathology,is,University Hospital Heidelberg
treatment BALB c mice,housed in,specific level animal facility at Institute
Radiosurgery Society,organization of,professionals dedicated to SRS SBRT
miRNAs,have,As matter of fact have studied in cancers including lung SCC
Department of Pathology,Department of,USA2 Department of Pathology
Northern Ireland Molecular Pathology Laboratory,was responsible for,construction of tissue microarrays
Brigatinib,is with,combined anti-EGFR antibody
Center of Medicine and Clinical Research,of Center is,Municipal Hospital of Kuopio
Ahn HK Jung M SY Lee JI Park Kim YS Clinical significance,is in,curatively resected non-small cell lung cancer Tumor Biol
Cui G Li C Xu G Sun Z Zhu L Li Z Zheng W Li J Yuan A fibroblasts,contribute to,"expression of immunosuppressive factor indoleamine 2,3 dioxygenase in esophageal cancers"
Pembrolizumab,is,humanized IgG4 anti-PD-1 antibody consisting of affinity mouse variable region grafted onto IgG4 immunoglobulin molecule with Fc region
targeted therapeutics,are,Since are clinically evaluated
Tehran University of Medical Sciences,of University is,Iran4 Hematology
Cells,were cultured in,Dulbecco ’s Modified Eagle Medium F12 supplemented with fetal serum
Van Rooij N van Buuren MM Philips exome analysis,reveals,neoantigen specific T cell reactivity
BICR cell,was,cultured in DMEM with 500ug ml G418
Human tumor xenografted models,mimicking situations in,terms biological features
growth factor receptor tyrosine kinase inhibitors,have,In past few decades have most commonly used as targeted therapy
biomarkers,capture,only tumor biological features linked with CTC enrichment
Radiation Oncology Center,is,Department of Experimental
based chemotherapy,reduce,MDSCs in cancer
anti-tumor gene,is in,Hep 2 cells
Perth Cancer & Palliative Care Health Network,is,Department of Health
diagnostic biomarkers,are,In addition with fast development of liquid biopsy of cancer diagnosis urgently needed for scale studies
C12 heavy ion beam therapy,theoretically offers,biological advantages
Japan Research and Development Center for New Medical Frontiers,is,Kitasato University School of Medicine
human IgG4 anti-PD-1 antibodies,approved as,second line therapy metastatic HNSCC US FDA
Gao G Ren S Li Xu J Xu Q Su C growth factor receptor tyrosine kinase inhibitor therapy,is effective as,first line treatment of advanced lung cancer with mutated EGFR
Activated caspase 8,triggers pathway by,BH3 interacting domain death agonist
Kapodistrian University of Athens School of Medicine,dDivision of,"Hematology / Oncology , University of Pittsburgh School of Medicine"
Regenerative Medicine,is,Juntendo University School of Medicine
Fred Hutchinson Cancer Research Center,Department of,WA USA Department of Biostatistics
medial laparotomy,was,performed with surgical resection of anterior area simultaneously with left nephrectomy
Anti-VEGFR monoclonal antibodies,is,monoclonal antibody
Oncology,of Laboratory is,Collaborative Innovation Center for Cancer Medicine
Targeted therapy,is with,epidermal growth factor receptor
CAR T cell platforms,are under,active trials for refractory multiple myeloma
Thoracic surgeon,is more and more familiar with,use of ECMO especially in era
CAR T cell platforms,are under,active clinical trials for myeloma
Respiratory Medicine,of Department is,Nihon University School of Dentistry
bound antibody,was conjugated with,conjugated antibody
clinical treatment,However should differ due,biological behaviour of rectal mucinous adenocarcinoma
animal studies,were approved by,Ethics Committee of Animal Experiments of Peking University Cancer Hospital
Korea University Ansan Hospital,is,Korea University College of Medicine
effective biomarkers,should ideally incorporate,features of tumor
1st TKI therapy,median duration of was,afatinib group
EML4 ALKEchinoderm,fused to,lymphoma kinase
B cells measured,was associated with,positive prognosis in LUAD cohort
Surgical Oncology,of Division is,Japan Department of Surgery
Department of Medical Oncology,Department of,Italy Department of Medical Oncology
serum molecular diagnostic model,was,In study established for time by BME cytokines
stem cell exosomes,enhance,periodontal ligament cell functions
Department of Radiation Oncology,of Department is,Sun Yat - Sen University Cancer Center
Peter Doherty Institute for Infection and Immunity,at Department is,Australia Department of Surgery
Department of Interventional Radiology,of Department is,Department of Dermatology
Li D Yeung SC Hassan MM Konopleva M Abbruzzese JL Antidiabetic therapies,affect,risk of cancer Gastroenterology
Department of Anatomic Pathology,of Department is,Tom Baker Cancer Centre
Research Dual EGFR blockade,combined with,antibody bevacizumab in advanced solid tumors
Department of Medical Oncology,Laboratory of,State Key Laboratory of Oncology
Institute of Biotechnology,of Institute is,Taiwan Department of Pathology and Laboratory Medicine
Department of Oncology,of Department is,Shanghai University of Traditional Chinese Medicine
SMR3A Myc DDK transgene expression,was confirmed by,Western blot analysis
BH3 profiles,be,associated with treatment response in cancer to serve
adjuvant chemo radiotherapy plays,However still role in,integrated therapy
model imaging BALB c mice,were provided by,Comparative Medical Center of Yang Zhou University
Inadomi K Kumagai H Arita S Tsuruta N Takayoshi K Mishima K Ota S Tanaka M Okumura Y Sagara K Bi-cytopenia,possibly induced by,anti-PD-1 antibody for melanoma of esophagus
major histologic types,is in,Korean men Cancer Epidemiol Biomark
serum CYFRA 21 1 assay,has,In our department has routinely performed at diagnostic workup after radiation based therapy since 2005
Pharmacology,Faculty of,Medicine
Primary Sjögren ’s syndrome,is,in primary Sjögren ’s syndrome chronic autoimmune disorder characterized by focal lymphocytic infiltration
Okayama University Graduate School of Medicine,is,Dentistry and Pharmaceutical Sciences
Cells,incubated overnight with,primary antibody
miRNAs,have become,because they are promising for use as biomarkers for various cancer diseases
Pembrolizumab,is,humanized monoclonal IgG4 anti-PD-1 antibody consisting of high affinity mouse variable region grafted with Fc region
cetuximab,was found,radiosensitizer for head cancer
Major lung resection,may cause,right heart failure with large left right shunt
based protein profiling,reveals,broad dysregulation in cancer ACS Chem Biol 2015 10 7
ROCK kinase inhibitor fasudil,was small molecule for,clinical use
Department of Dermatology,is,"Perelman Center for Advanced Medicine , Hospital of the University of Pennsylvania"
Immunohistochemistry,analyze expression in,NSCLC tissue samples
Medical Oncology,of Department is,Zhengzhou University & Henan Cancer Hospital
primary PDAC cell line PC013,was,propagated from PDAC tumor tissue biopsies as described
Department of Radiation Oncology,Department of,Japan Department of Radiation Oncology
miRNAs,expressed higher,while miRNAs expressed
Novel pancreatic cancer cell lines,derived from,engineered mouse models
Such clinical significance,could,could confirmed by bioactivities
functional lncRNAs,is in,cardiac hypertrophy Oncotarget
Biostatistics and Prevention Institute,Institute for,National Institute for Health Development
specific immunohistochemical markers,can,can very useful in diagnosis of rectal cancer
"Department of Molecular Medicine , School of Advanced Medical Technologies",is,Tehran University of Medical Sciences
Yue J Yu Z Tumor marker index,is factor for,patients with esophageal cell carcinoma Cancer Biomark Sect A Disease
Pembrolizumab,is,IgG4 antibody consisting of high affinity mouse anti-PD-1-derived region grafted with engineered Fc region
China Department of Thoracic Medical Oncology,is,Peking University School of Oncology
diabetic severe immunodeficient xenograft model,reflects,important clinical characteristics
Center for Cancer Control and Information Services,is,National Cancer Canter
Respiratory Care Medicine,Hospital of,First Affiliated Hospital of Guangxi Medical University
Pembrolizumab,is,humanized monoclonal IgG4 antibody consisting of high affinity mouse anti-PD-1-derived variable region grafted onto human IgG4 immunoglobulin molecule with Fc region for stabilization
prognostic biomarkers,Therefore should ideally incorporate,features of tumor leading
In blood brain barrier assay Short term melanoma cultures,were obtained from,resected MBMs
Yue J Yu Z Tumor marker index,is significant prognostic factor for,patients with squamous cell carcinoma Cancer Biomark Sect A Disease
Department of Obstetrics and Gynecology,Department of,Japan Department of Pathology
Methods Patient characteristics SBRT,was,delivered for 30 patients from October 2006 at Tianjin Medical University Cancer Institute
Pembrolizumab,is,humanized monoclonal IgG4 antibody consisting of affinity mouse anti-PD-1-derived region grafted with Fc region for stabilization
Her laboratory research,developing,improved strategies for clinically relevant molecular subsets of lung cancer
Precise tumor margin identification,are,crucial for cure in types of tumors
concurrent chemoradiotherapy,is,As standard of care for HNSCC
Interventional Radiology and Neuroradiology,is,University Hospital Essen
Recent cancer genomics projects,have created,comprehensive catalog across major cancer types
Structural Biology,is,University of Texas Health Science Center
"School of Medicine , College of Medicine",is,Taipei Medical University
Bioinformatic analysis,reveals,pattern of STAT3 associated gene expression specific
Department of Medical Oncology,of Department is,Peter MacCallum Cancer Centre
Ireland School of Medicine,is,Trinity Biomedical Sciences Institute
First Department of Medical Oncology,is,Henry Dunant Hospital Center
University Division of Applied Pharmaceutical Education and Research,Department of,Department of Thoracic Medical Oncology
AChE binding tail PRiMA,is,down regulated with dystrophy by merosin deficiency Chem Biol Interact 2013 203 330 334
Conclusions DCE MRI,may provide,information on fraction of squamous cell carcinoma of uterine cervix
APC gene,has,has reported as tumor suppressor in colorectal cancer
Pembrolizumab,is,humanized IgG4 anti-PD-1 antibody consisting of high affinity mouse variable region grafted onto human IgG4 immunoglobulin molecule with Fc region for stabilization
Department of Internal Medicine,is,Erzurum Region Education and Research Hospital
Research Neoadjuvant concurrent chemoradiotherapy,followed by,transanal total mesorectal excision assisted for lying rectal adenocarcinoma
Department of Pathology,is,Liaquat National Hospital and Medical College
miRNAs,now serve as,cancer biomarkers
using immunohistochemical staining,is with,Ki 67 mouse monoclonal antibody
Tumor bearing nude mice model construction BALB c mice,were purchased from,Beijing Laboratory Animal Research Center
Hamon Center for Therapeutic Oncology Research and Department of Pathology,is,University of Texas Southwestern Medical Center
radical tumor resection,are,crucial for cure in types of tumors
human ESCC cell line TE cells,were obtained from,Cell Bank of Shanghai Institutes for Biological Sciences
candidate related circRNAs,validated,expression of circRNAs
Precise genome editing,also holds,great promise for genetic disease genes
study medication,were,covered by pharmaceutical company
Mouse tumor models,is in,three different mouse tumor models
radiologist,reviewed,LDCT of subjects with pleural abnormalities
Engineering Center of Endoscopy Diagnosis and Treatment,of Center is,Clinical Medical Research Center for Digestive Diseases
Murine model imaging BALB c nude mice,were provided by,Comparative Medical Center of Yang Zhou University
Physical Medicine and Rehabilitation,of Division is,Cumming School of Medicine
Thoracic Oncology,of Department is,Cancer Center
Several clinical trials,reported,clinical response of patients with mutations
MeDIP CGI microarray,showed In,HSC 2 cell line
Pembrolizumab,is,humanized IgG4 antibody consisting of high affinity mouse anti-PD-1-derived variable region grafted onto IgG4 immunoglobulin molecule with engineered Fc region for stabilization
USA Departments of Simmons Comprehensive Cancer Center,is,University of Texas Southwestern Medical Center
HEK293T cells,were,For luciferase reporter assay co-transfected with pGL3 p53 Luc
serum diagnostic model,was,In study established for first time by BME cytokines
based synthetic lethal therapy,are,targeted at oncogenes
Methods Patient characteristics SBRT,was,delivered for 30 patients to June 2016 at Tianjin Medical University Cancer Institute
Affymetrix Human Exon 1.0 ST array hybridisation,was,performed at Molecular Biology Core Facility
Immunology Database,is repository for,clinical data
employing biomarkers,capture,tumor features
Department of Radiology,of Department is,Shanghai Medical College
Department of Epidemiology and Biostatistics,is,Nanjing Medical University
biological mechanisms,ensure,identification of useful biomarkers
"Epidemiology , School of Public Health",is,China Medical University
HRM MAF titration,was,conducted by MAF in mixed DNA sample from 10 % to 0.005 % of Ex19_std in total DNA concentration assay from 0.25 ng μl
Department of Radiotherapy,is,Tianjin Medical University Cancer Institute and Hospital
biomarker research,has,has focused on tumor signatures
Department of Pathology and Laboratory Medicine,of Department is,University of Vermont College of Medicine
Department of System Biology,is,Beckman Research Institute
anti-tyrosine-protein kinase receptor,was,For example employed for recognition of breast cancer
human ESCC cell line TE 1 cells,were obtained from,Cell Bank for Biological Sciences
Chest computed tomography scan,revealing,endobronchial shadow associated with atelectasis of right upper lobe
Western blot analysis,confirmed,higher expression in OSCC cells
Department of Oncology,of Department is,"Institute of Clinical Immunology , Yueyang Hospital of Integrated"
MSI subtypes,were next identified through,immunohistochemistry
Kinoshita T Nohata microRNA 29s,inhibit migration by,targeting laminin integrin signalling in head
diagnostic biomarkers,are,In addition with development of liquid biopsy of cancer diagnosis needed for scale prospective studies
Vascular endothelial growth factor,plays role by,dendritic cell
Cao Y Wang L Nandy D Zhang Y Basu Radisky D Neuropilin,upholds,dedifferentiation phenotypes of renal cell carcinoma cells
radiotherapy,has become,cornerstone of adjuvant therapy for rectal cancer
ROCK kinase inhibitor fasudil,was approved molecule for,clinical use
c Tumorsphere formation assay,showed,effects of JARID1B knockdown in tumorspheres
Western blot analysis,showed expression levels upon,transfection with miR 124
Predictive biomarkers,is in,precision medicine
Department of Gastrointestinal Oncology,of Department is,Sun Yat - sen University Cancer Center
Research Neoadjuvant chemoradiotherapy,followed by,transanal total mesorectal excision assisted by port surgery for lying rectal adenocarcinoma
Xenograft experiments,were,purchased from Vital River Laboratory Animal Technology Co.
Pembrolizumab,is,monoclonal IgG4 anti-PD-1 antibody consisting of affinity mouse anti-PD-1-derived region grafted onto IgG4 immunoglobulin molecule with Fc region
Biostatistics,is,The University of Texas MD Anderson Cancer Center
Pembrolizumab,is,humanized IgG4 anti-PD-1 antibody
Department of Radiation Oncology,of Department is,South Korea3 Department of Radiology
AGS Gr cells,were transfected twice with,siRNA targeting CCKBR
Thoracic surgeon,is now more and more familiar with,use of ECMO
USA Departamento de Bioquímica,is,Instituto de Química
our top 50 miRNAs,were proved,to breast cancer related miRNAs
biomarkers serum levels,were,measured with chemiluminescent microparticle immunoassay for CEA with immuno assay
tissue microarray,was purchased from,Shanghai Biochip Co.
Department of Internal Medicine,is,Seoul National University College of Medicine
Targeted sequencing,reveals TP53 as,potential diagnostic biomarker
ICD BRAFV600E mutation,impeded,induction of ICD Pozzi
Nadu India Centre for Oncology,is,Government Royapettah Hospital & Kilpauk Medical College
Department of Stomatology,of Department is,"USA Department of Preventive Medicine , School of Medicine"
Basic Medicine College,Republic on,Traditional Chinese Medicine
anti-tyrosine-protein kinase receptor,was,For example employed for recognition of HER2 positive breast cancer
Clinical applications,would require,standardization of assays including determination for distinguishing tumors with TMB
Pembrolizumab,is,humanized monoclonal IgG4 anti-PD-1 antibody consisting of high affinity mouse anti-PD-1-derived region grafted onto human IgG4 immunoglobulin molecule with Fc region
Conclusion HNSCC cell line xenograft growth,can,can assessed in CAM assays in manner consistent with mouse xenograft assays
Hofman V Preoperative tumor cell detection,is,prognostic biomarker
Affiliated Stomatological Hospital of Nanchang University,of Hospital is,Key Laboratory
Department of Pulmonology and Immunology,Department of,Lithuania Department of Pathology
Yue J Yu Z Tumor marker index,is prognostic factor for,patients with esophageal squamous cell carcinoma Cancer Biomark Sect A Disease
specific miRNA signature,is in,peripheral blood of glioblastoma patients J Neurochem
successful therapeutic bronchoscopy,is associated with,survival in malignant CAO
Cell proliferation assay,were,For Cell Counting Kit 8 plated
diagnostic biomarkers,are,with development of biopsy of cancer diagnosis needed for scale prospective studies
Pembrolizumab,is,humanized IgG4 antibody consisting of affinity mouse variable region grafted with Fc region for stabilization
Huang stimulated TGF beta1 expression,is regulated by,protein kinase
phase II prospective clinical study,using,radiotherapy combined
Netherlands Department of Pathology,is,University Medical Center Utrecht
Cetuximab,is,targeted biological agent
Della Vittoria Scarpati G Falcetta F Carlomagno C Ubezio P Marchini S De Stefano A specific miRNA signature,correlates with,response to chemoradiotherapy in locally advanced cancer Int J Radiat Oncol Biol Phys 2012 83 1113 1119
Xenografted tumor model Female BALB c nude mice,were purchased from,Center of Experimental Animal of Guangzhou University of Chinese Medicine
Key Laboratory,Hospital of,Nanjing Medical University
Department of Radiation Oncology,Department of,Department of Radiation Oncology
Stem Cell Transplantation Research Center,School of,School of Medicine
Kanzaki M Kikkawa T Shimizu T Maeda H Wachi N Isaka T Presurgical planning,using,model of actual anatomy
Cell viabilities,were assessed by,MTS assay
Institute of Cancer Stem Cell,of Institute is,China Biotherapy Research Center
Diagnosis BRPC,was diagnosed via,16 - slice MDCT
Department of Radiation Oncology,of Department is,China Department of Radiation Oncology
Department of Medical Genetics,of Department is,Shahid Beheshti University of Medical Sciences
Department of Radiation Oncology,Department of,Radiation Oncology
Cell animal experiments data confirmed,explore,role of CHAF1B on cisplatin resistance by NCOR2
Rudolf Magnus Institute of Neuroscience,is,University Medical Center
Respiratory Oncology Unit,is,University Hospitals KU Leuven
Oncology / Hematology,is,Departments of Internal Medicine
Department of Oncology,School of,Medicine
Malabar Cancer Centre,is,tertiary care hospital under Department of Health situated in rural district of Kannur
Profiling Tumor Infiltrating Immune Cells,is with,CIBERSORT BT Cancer Systems Biology
Background Pancreatic resection,are tools in,multidisciplinary local treatment of pancreatic ductal adenocarcinoma
specific immunohistochemical markers,can,Thus can useful in correct diagnosis of cancer to thyroid carcinomas
UM SCC cell lines,test,effect of WNT974 on tumor growth on CAM on distant metastases to liver
Bevacizumab,was,first anti-VEGF antibody
clinical trials,explored,clinical application of MEK inhibitors
mouse tongue SCC cell line AT84,was provided by,Upstate Medical University
based protein profiling,reveals,broad dysregulation of PAFAH1B2 in cancer ACS Chem Biol 2015 10 7
Chinese medicine Fuzheng Kang Ai decoction,sensitized effect through,PI3 K Akt mediated MUC1 expression J Ethnopharmacol 2016 194 918 929
Department of Pathology,Hospital of,Second Xiangya Hospital of Central South University
Pembrolizumab,are,IgG4 anti-PD-1 antibodies approved as line therapy for metastatic HNSCC by US FDA
biofilm,constitutes,main etiological factor
human MIR10B gene,was,For expression in immortalized RDEB KCs cloned downstream of Pol III U6 promoter
three genomic measures,were used,covariates help in genes in lung cancer classifier
SMAC mimetics,promoting,Birinapant mediated anticancer activity
cell biologists,have identified,key role of epithelial mesenchymal transition in cancer cell metastasis
Cells,were treated in,figures with Aurora Inhibitor II
metabolomics,reveal,protective effect of Saponins of Tribulus terrestris fruit against ischemic stroke in rat
Tehran University of Medical Sciences,University of,Tehran University of Medical Sciences
employing single biomarkers,capture,tumor biological features
Pembrolizumab,is,humanized IgG4 antibody consisting of affinity mouse anti-PD-1-derived variable region grafted with engineered Fc region for stabilization
Pembrolizumab,is,humanized monoclonal IgG4 anti-PD-1 antibody consisting of high affinity mouse region grafted onto IgG4 immunoglobulin molecule with Fc region
IL 1 beta alpha 2 macroglobulin complex,upregulate,platelet derived growth factor alpha receptor on rat pulmonary fibroblasts
School of Health Sciences,of School is,Coloproctology Unit
human NSCLC cell line HCC827,were purchased from,Nanjing Cobioer Biological Science
Discussion Cardiac CT,offers,detailed assessment of CAD
Pembrolizumab,is,is evaluated in phase trials in combination with azacitadine
Primary Sjögren ’s syndrome,is,in Sjögren ’s syndrome chronic disorder characterized by infiltration
TMA construction specimens,resected at,Thoraxklinik at Heidelberg University
Aurora kinases,is in,mitotic spindle Open Biol
MIR10B gene,was,For stable expression in immortalized RDEB KCs cloned into pMX IRES Blasticidin vector
Xenograft assay BALB c nude mice,were purchased from,SLAC Laboratory Animal Co. Ltd.
Internal Medicine,is,Seoul National University Hospital
cancer fibroblast gene expression patterns,identify,features of tumour stroma crosstalk
diagnostic biomarkers,are,with fast development of liquid biopsy of cancer diagnosis needed for scale studies
Materials Cell lines,was,obtained from Laboratory
Malabar Cancer Centre,is,tertiary care hospital under Department situated in rural district of Kannur in North Kerala
Yue J Yu Z Tumor marker index,is prognostic factor for,patients with resectable esophageal squamous cell carcinoma Cancer Biomark Sect A Disease
Radiotherapy,can ameliorate,symptoms caused by primary tumor
MUC16 CA125 antigen,is,Moreover routinely used serum marker for diagnosis
"National Registry of Disease Office , Research & Surveillance Division",is,Health Promotion Board
Respiratory Medicine,Department of,Department of Pathology
Department of Radiation Oncology,is,Ordensklinikum Linz
Uonuma Institute of Community Medicine,is,Niigata University Medical and Dental Hospital
Department of Pathology,is,First Affiliated Hospital and College of Basic Medical Sciences of China Medical University
Saarland Cancer Registry,observed,"15,565 diagnoses"
cell biologists,have identified,key role of mesenchymal transition
T cells,has shown in,especially B cell leukemia with CAR T cells
Saitama Medical Center,is,Jichi Medical University
Pembrolizumab,is,is evaluated as therapy in PD L1 NSCLC patients
MBNL3 splicing factor,promotes carcinoma by,PXN expression through splicing of lncRNA PXN AS1 Cell Biol 2017 19 7
Shanghai Jiaotong University School of Medicine,of School is,Tongji University School of Medicine
T cells,were increased after,SB225002 treatment in lung cancer model
Xenografted tumor model Female BALB c mice,were purchased from,Center of Experimental Animal of Guangzhou University
Pembrolizumab,is,cancer immunotherapy used
Background Axitinib,is,active tyrosine kinase inhibitor of endothelial growth factor receptors 1 2
Radiotherapy,has,has established as treatment for tumors in ESCC patients
Cells,were,treated for 72 h with cetuximab
MUC16 CA125 antigen,is,Moreover routinely used serum marker for diagnosis of ovarian cancer
clinical studies,determine,treatment strategy with postoperative SCLC
Tumor differentiation,may,may categorized with stage tumor in situ
positive ANCA antibody,is in,setting of concurrent antigen specific antibody presence
Human tumor xenografted models,closely mimicking situations in,terms biological features
IL 24 gene,was,originally discovered by subtraction hybridization method by melanoma cells to terminal differentiation
Department of Surgery - Division of Public Health Sciences,of Department is,MO USA Division of Public Health Sciences
Shiba Ishii Noguchi M stratifin overexpression,is,regulated by associated CpG demethylation in lung adenocarcinoma
microvascular surgery Seminars,is in,Surgical Oncology 2000 19 226 234
PSMD,were,cancer driver genes with crucial role
Cogle CR Endothelial cell,derived,angiocrine support of acute myeloid leukemia targeted
specific immunohistochemical markers,can,can very useful in diagnosis of cancer to thyroid carcinomas
Near infrared guided surgery,improves,survival rate in orthotopic animal model of head
based chemotherapy,activity against,pancreatic ACC
Biomarker analysis,conducted on,designed EXTREME phase III trial of chemotherapy
Department of Pathology,of Department is,Medical University of Vienna
Sagittal resonance imaging study,showing normal high intensity signals in,lobe pituitary
Fourth Department of Internal Medicine,is,Teikyo University School of Medicine University Hospital
Thoracic Oncology,of Department is,West China Hospital
Cui G Li C Xu G Sun Z Zhu L Li Z Zheng W Li J Yuan A fibroblasts,contribute to,"expression of immunosuppressive factor indoleamine 2,3 dioxygenase"
PSMD,were,cancer driver genes with crucial role with also RPN1 2
clinical data,Int,J Radiat Oncol Biol Phys 1996 36 247 251
Western blot analysis,is with,anti-rTCS monoclonal antibody
Department of Interventional Radiology,School of,Shanghai Jiao Tong University School of Medicine
Background Interleukin 2,is,important immunotherapy cytokine for diseases
MACS,label CTCs with,anti-cytokeratin 8 monoclonal antibody
China Department of Pathology,is,Rui Jin Hospital Lu Wan Branch
Department of Pathology,of Department is,Sichuan Academy of Medical Sciences and Sichuan Provincial People ’s Hospital
Medical Genetics,is,Haukeland University Hospital
complete tracheal sleeve resection,was,In our case performed with anastomosis below resected region
Epidermal growth factor receptor,is,receptor tyrosine kinase
in KSY treatment,suppress,lung cancer mouse model
Cine cardiac magnetic resonance images,showing,3 chamber view of left ventricle
Circulatory miR451,has,has introduced as diagnostic marker of cancer
USA Departments of Radiation Oncology,is,University of Texas Southwestern Medical Center
HRM MAF titration,was,conducted by MAF in mixed DNA sample from 10 % to 0.005 % in increasing DNA concentration assay from 0.25 ng μl
based metabolomics,reveal,protective effect of Saponins of Tribulus terrestris fruit against ischemic stroke in rat
Proton Therapy Center,is,Shizuoka Cancer Center
Okayama University Graduate School of Medicine,is,Dentistry and Pharmaceutical Sciences
Aurora kinase inhibition therapy,target,KRASG12V transformed cells
Tumor samples,were collected at,Instituto Nacional del Cancer
in MTE,is,Chinese medicine used
miRNAs,exert by,their biological functions
Clinical studies,have noted association with,responses after ICI treatment in cancer type
percutaneous endoluminal stent therapy,can quickly and effectively relieve symptoms For,superior vena cava syndrome
Radiation Oncology,of Department is,Shandong Cancer Hospital Affiliated to Shandong University
School of Medicine,is,Chang Gung University College of Medicine
Yue J Yu Z Tumor marker index,is significant factor for,patients with resectable squamous cell carcinoma Cancer Biomark Sect A Disease
Department of Laboratory Medicine,Department of,China Department of Pharmacy
Proper laryngeal anatomy,is,particularly crucial to normal physiology of aspiration
Department of Pathology,of Department is,Second Military Medical University
Thoracic Oncology,of Department is,West China Hospital
Department of Radiology,Department of,China Department of Radiology
Department of Medical Genetics,is,Harbin Medical University
biomarkers,are,with fast development of biopsy urgently needed for scale prospective studies
Human lung cell line BEAS 2B,cultured in,BEGM Bullet kit
Fine Needle Aspiration Cytology,has,has adopted as primary diagnostic procedure for breast
CT coronary angiography,rapidly alternative to,traditional invasive angiography
T cells observed,is indicative of,biologically relevant immune process
Biostatistics and Prevention Institute,Department of,Department of Epidemiology and Biostatistics
our electronic medical records system,identify,men treated at Yunnan cancer hospital
Tumour responses,were confirmed prospectively by,radiologist
Washington University School of Medicine,School of,Washington University School of Medicine
School of Medicine,is,Medical Sciences and Nutrition
Genetic based lethal therapy,are,Currently directly targeted at activated oncogenes
Department of Radiology,of Department is,"Department of Radiology , Obstetrics & Gynecology Hospital"
Li N Maly DJ Chanthery YH Sirkis DW Nakamura JL Berger MS Radiotherapy,followed by,aurora kinase inhibition targets cells in glioblastoma Mol Cancer Ther 2015 14 419 428
Veneto Cancer Registry,Institute of,National Institute of Gastroenterology - Research Hospital
Pembrolizumab,is,IgG4 anti-PD-1 antibody consisting of affinity mouse anti-PD-1-derived variable region grafted with engineered Fc region for stabilization
Department of Thoracic Surgery,Hospital of,Chongqing Medical University
Department of Oncology,is,Institute of Medical Sciences
Immunoblot analysis,revealed,cancer specific MRS overexpression
CD146 T cells,were discovered,CCR7 designated as effector memory T cells
Clinical Medicine,of Department is,German Cancer Consortium
Pembrolizumab,is,humanized IgG4 anti-PD-1 antibody consisting of high affinity mouse variable region grafted with Fc region for stabilization
Discussion Cardiac CT,offers,detailed anatomical assessment
based cancer immunotherapy,containing,sequence optimized mRNAs
laryngeal anatomy,is,particularly crucial to swallowing physiology of aspiration
Department of Surgery,School of,Osaka City University Graduate School of Medicine
BMS,is,Roche Pharma
Respiratory Medicine,of Department is,Hyogo Prefectural Amagasaki General Medical Center
Pembrolizumab,is,IgG4 antibody consisting of high affinity mouse anti-PD-1-derived variable region grafted with engineered Fc region
Cells,were,incubated with human anti-MAGE-A1 antibody in dark
Proton beam therapy Facilities,have grown rapidly,data exists in NSCLC
One biomarker discussed,may appear in,list for biofluid
Integrative genome analyses,identify,key somatic driver mutations of small cell lung cancer
Seoul Korea Institute for Innovative Cancer Research,is,Asan Medical Center
preoperative CRT,can,can performed in rectal SCC for improved disease control
B7H1 PD L1 polyclonal antibody,was purchased from,Santa Cruz Biotechnology
Department of Radiation Oncology,is,UT Southwestern Medical Center
Affymetrix Human Exon 1.0 ST array hybridisation,was,performed at Molecular Biology Core Facility of CRUK Manchester Institute
Pembrolizumab,is,humanized IgG4 anti-PD-1 antibody consisting of high affinity mouse region grafted onto human IgG4 immunoglobulin molecule with engineered Fc region
peri-anal extramammary Paget 's disease,associated with,two differentiated sigmoid carcinomas
Krieg C cell analysis,predicts,response to immunotherapy Nat Med 2018
Immunohistochemical expression,were,performed only in regards to antibody
clinicopathological significance,is in,NSCLC tissues
Kanzaki M Kikkawa T Shimizu T Maeda H Wachi N Isaka T Presurgical planning,using,model of anatomy
Sanger sequencing method HPV genotypes,were determined by,Sanger sequencing method
Nemunaitis J Clayman G Agarwala SS Hrushesky W Wells JR Moore C Biomarkers,predict,p53 gene therapy efficacy in squamous cell carcinoma of head
Clinica Universidad de Navarra,Department of,Spain Department of Oncology
miRNAs,are,are increasingly used as directed therapies as diagnostic prognostic biomarkers
clinical variable model,showed performance based,based clinical variables
integrated genomic approach,identify,biomarkers of response to aurora kinase inhibitor
8227 leukemic cell line,was derived from,primary human AML with consent from donor
tumor genotyping panel,screen lung cancer patients in,clinical trials
Kisfalvi K Guha S Rozengurt E Neurotensin,induce stimulation by,duration in cancer cells J Cell Physiol 2005
cytological diagnosis,using,CT guided fine needle aspiration of primary tumor
Pembrolizumab,is,monoclonal IgG4 anti-PD-1 antibody consisting of affinity mouse region grafted with engineered Fc region for stabilization
human oral mucosal tissue protein,was purchased from,BioChain
miRNAs,contribute to,CXCL12 CXCR4 induced liver metastasis of cancer
Department of Radiation Oncology,is,Hangzhou Cancer Hospital
World Health Organization,classified IMA as,adenocarcinoma subtype
miRNAs,have,As matter have studied in cancers
Peter Doherty Institute for Infection and Immunity,at Department is,Peter MacCallum Cancer Centre
Klinikum der Universitaet Muenchen,is,Arbeitsgruppe Klinische Biochemie
Primary outcome fitness Cardiopulmonary fitness,will,will determined by maximal cardiopulmonary exercise test gold measure
Human KRAS shRNA Plasmid,is pool of,3 target specific vector plasmids
biomarkers,are,with development of biopsy urgently needed for large scale studies
extensive immuno oncology research,has,During past two decades has mainly focused on T cells
T cells,exhibit,infiltration with MSI in Signet ring cell carcinoma
growth factor receptor tyrosine kinase inhibitors,are,used in therapy for non-small cell lung cancer
Jebsen Center for Diabetes Research,Department of,Clinical Science
Stem Cell Transplantation Research Center,Department of,Department of Medical Mycology
Clinical tissue samples Real time PCR,measure raptor expression in,clinical tissue samples from patients
miRNAs,are,are applied as prognostic biomarkers
Pembrolizumab,is,is evaluated in early phase trials in combination with oral azacitadine in NSCLC
MUC16 CA125 antigen,is,already used serum marker for diagnosis of ovarian cancer
Critical Care Medicine,of Department is,Hubei Cancer Hospital
human IgG4 monoclonal antibodies,approved as,line therapy HNSCC US FDA
serum CYFRA 21 1 assay,has,In our department has performed at diagnostic workup after radiation based therapy since 2005
cortical MIAT,significantly reduced in,SCZ of temporal gyrus
Gene mutation information cBioPortal,calculate gene mutation rate in,cancer samples from TCGA database
based doublet chemotherapy,standard for,treatment with type growth factor receptor
B cells,are critical to,T cell mediated antitumor immunity induced by cytotoxic therapy
Department of Oncology,is,Shanghai Medical College
Research Neoadjuvant concurrent chemoradiotherapy,followed by,transanal excision assisted for rectal adenocarcinoma
Human cells,maintained in,ScienCell
early immunotherapies,focused on,T cell activity
Background Immune checkpoint inhibitor therapy,has changed,drug therapy for cell lung cancer
Tumor Suppressive Function,is in,Human Breast Cancer Anticancer Research 2008 28 2135 2139
Bioinformatic analysis,reveals,pattern of associated gene expression specific to basal like breast cancers
Institute of Dermatology,is,Shanghai Academy of Traditional Chinese Medicine
"Center for Precision Health , School of Biomedical Informatics",for Center is,The University of Texas Health Science Center
T cells,is in,total PBMCs
Department of Radiation Oncology,College of,"Daejeon St. Mary ’s Hospital , College of Medicine"
HRM MAF titration,was,conducted by MAF in mixed DNA sample from 10 % in increasing DNA concentration assay from 0.25 ng μl
NIHR Bristol Nutrition Biomedical Research Unit,is partnership between,University Hospitals Bristol NHS Foundation Trust
Chemoradiation Oncology,of Department is,First Affiliated Hospital of Wenzhou Medical University
p53 special inhibitor pifithrin α,overcome,effect of BBR on cell proliferation
clinical variable model,However showed performance based,based only clinical variables in model
Ishikawa T Wondimu Z Oikawa Y Ingerpuu S Virtanen Patarroyo M Monoclonal antibodies,binding of,α6β1 integrin
Department of Medical Oncology,Department of,Australia Department of Surgery
HRM MAF titration,was,conducted by MAF in DNA sample in increasing total DNA concentration assay
Radical esophagectomy,has,has widely acknowledged with paramount importance in cure intended therapy for squamous cell carcinoma
Wu XJ Basic transcription factor,is required via,regulation in Cancer Oncol Res
Institute for Pathology,is,Academic Teaching Hospital Feldkirch
8227 leukemic cell line,was derived from,primary human AML with written consent from donor
C12 ion beam therapy,offers advantages compared,high energy x-ray therapy as for example biological efficiency
targeting monoclonal antibodies,is in,cancer therapy Oncoimmunology
National Cancer Center,is in,China Medicine
TMA construction fixed specimens,resected at,Thoraxklinik at Heidelberg University
Pembrolizumab,is,humanized monoclonal IgG4 antibody consisting of high affinity mouse region grafted with Fc region for stabilization
Illumina gene expression levels,confirm E vs,M identity of cell lines
Cell culture Human bronchial epithelial cell line HBE,were,obtained from Institute of Biochemistry
Department of Radiology,of Department is,Xinhua Hospital
National Center for Biotechnology Information,is,NCBI
Pembrolizumab,is,monoclonal IgG4 anti-PD-1 antibody consisting of affinity mouse variable region grafted
"Department of Pharmacology , College of Medicine",College of,Medicine
Computed tomography,revealed density area without,evidence of tumor of pancreatic duct
Pembrolizumab,is,IgG4 antibody consisting of affinity mouse anti-PD-1-derived region grafted with engineered Fc region
Activated NLRP3 inflammasome,cleaves 1β to,mature bioactive forms
radiotherapy,is,Although most important treatment for NSCLC
HRM MAF titration,was,conducted by MAF in DNA sample in total DNA concentration assay
Department of Oncology,of Department is,Shanghai Jiao Tong University School of Medicine
Molecular Cancer Biology,of Laboratory is,Barretos Cancer Hospital
Bristo Myers Squibb combination regimen,shows,clinically meaningful responses in first line cell lung cancer
Norwegian OSCC patient,is representative of,OSCC patient
Primary Sjögren ’s syndrome,is,in Sjögren ’s syndrome chronic autoimmune disorder characterized by focal infiltration
next generation TRK kinase inhibitor,overcomes resistance to,TRK kinase inhibition in patients with TRK fusion positive tumors Cancer Discov
Western blot analysis,is in,NIH 3 T3 cells
effective biomarkers,Therefore should ideally incorporate,features of tumor leading to comprehensive assessment of tumor biology
transplantable colon cancer induced ICD,also augmented,T cell mitochondrial function
Pembrolizumab,is,IgG4 antibody consisting of high affinity mouse region grafted with Fc region
CancerMolecular Cancer1476 4598BioMed,acts as,functional marker of cancer stem like cells
Cancer Genome Atlas Clinical Explorer,is clinically oriented summary of,genomic proteomic data organized by cancer type
Cells,were,incubated with FITC labeled anti-MAGE-A1 antibody in dark
Department of Oncology,is,Yonsei Cancer Center
Department of Dentistry,is,MacKay Memorial Hospital
Department of Gastrointestinal Surgery,Department of,Department of Molecular and Medical Pharmacology
Clinical significance,is in,human non-small cell lung cancer Tumour Biol
growth factor receptor tyrosine kinase inhibitors,are,used in therapy for cell lung cancer
pharmacological study,evaluate,effects on doxorubicin resistant human multiple myeloma cells
hemicolectomy,was performed following,strict oncologic principles with bloc resection
National Center for Biotechnology Information,is,NCBI
Uterine corpus involvement,is,predictor in uterine cancer J Gynecol Oncol 2008 19 181 184
may important therapeutic target,is in,treatment of human cancers
Tissue Array Research Program & Applied Molecular Pathology Lab.,University of,University of Ulsan College of Medicine
Masuda M Methotrexate,is,excreted into bile by canalicular multispecific anion transporter in rats Cancer Res
pulmonary microvascular cells,were purchased from,ScienCell Research Laboratories
NSCLC cell line HCC827,were purchased from,Nanjing Cobioer Biological Science
DWI MRI evaluation,has,has yet reported as tool for malignant tumors from lesions
Department of Radiology,is,Nantong Cancer Hospital
Grygielewicz P Dymek B Bujak A Gunerka P Stanczak Lamparska Przybysz M mesenchymal transition,confers resistance to,selective FGFR inhibitors in SNU 16 gastric cancer cells
H650 cells,Similarly displayed sensitivity in,our T cell mediated lung cancer cell killing assays
miRNAs,were found Out,2578 analyzed mature miRNAs
growth factor receptor tyrosine kinase inhibitors,have,In past decades have used as targeted therapy
Department of Radiotherapy,Laboratory of,Morocco Laboratory of Cytopathology
Tumor staging,was determined according,seventh edition tumor node metastasis classification of American Joint Committee on Cancer
Gastroenterology,of Division is,Department of Internal Medicine
effective biomarkers,should ideally incorporate,features of tumor leading to assessment of tumor biology
TCF 1 gene,encodes,nuclear protein uniquely expressed in T lineage lymphocytes Blood 1995 86 8 3050 3059 75793 99 20
Colangelo T Polcaro G Ziccardi Proteomic screening,identifies calreticulin as,miR 27a target repressing MHC class I cell surface exposure in colorectal cancer Cell Death Dis 2016 7
human IgG4 monoclonal antibodies,approved as,line therapy metastatic HNSCC
Department of Radiotherapy and Radiation Oncology,of Department is,University of Maryland Medical Center
YM155 induced autophagy,is in,HNSCC cells
Clinical Research Center for Breast Diseases,Laboratory of,Molecular Diagnosis
Department of Obstetrics and Gynecology,of Department is,Leiden University Medical Center
VEGFR targeting antibody ramucirumab,was,approved by Food Administration in United States for junction adenocarcinoma patients with progression
ChIP Assay,evaluating,binding to PD L1 promoter in H1299 cells
Research Center for Industry of Human Ecology,College of,"Taiwan Department of Molecular and Cellular Biology , College of Medicine"
DWI MRI evaluation,has,has reported as useful tool for malignant tumors from lesions
circulating biomarkers,level of be,In clinical application would influence
Female BALB c mice,were obtained in,Experimental Animal Center
Pembrolizumab,is,IgG4 anti-PD-1 antibody consisting of affinity mouse region grafted with engineered Fc region for stabilization
Department of Biomedical Informatics,of Department is,USA2 Center for Quantitative Sciences
clinical trial,is in,treatment of patients with non-small cell lung cancer Ann Oncol
clinical trials,considered tumor PD L1 expression as,robust biomarker
Cancer Genome Atlas Clinical Explorer,is,clinically oriented summary
T cells,mediate,tumour specific response
Department of Stomatology,School of,School of Dental Medicine
Department of Medicine,is,Southern Arizona VA Health Care System
"Department of Pharmacology , College of Pharmaceutical Sciences",Hospital of,Affiliated Suzhou Hospital of Nanjing Medical University
Cancer Genome Atlas Clinical Explorer,facilitates,use of TCGA data by cancer research
Epidermal growth factor receptor tyrosine kinase inhibitors,are,widely used in anti-tumor therapy for cell lung cancer
Department of Biomedical Informatics,of Department is,Vanderbilt University School of Medicine
Department of Internal Medicine - Section of Hematology and Oncology,of Department is,Department of General Surgery - Section of Surgical Oncology
serum CYFRA 21 1 assay,has,In our department has performed at initial diagnostic workup after based therapy since 2005
medicine,directed at,specific targets in tumors
PCR assay,analyzed mRNA level in,three p53 status cell lines
Department of Radiotherapy and Radiation Oncology,is,Faculty of Medicine and University Hospital
circulating biomarkers,level of be,In clinical application would influence of classifications including age
Department of Radiation Oncology,College of,"Daejeon St. Mary ’s Hospital , College of Medicine"
PRMT overexpression,has,has implicated in human cancers of PRMT activity
Cloosen S Cancer specific Mucin glycoforms,are expressed on,myeloma Br J Haematol
"Graduate Institute of Medicine , College of Medicine",of Institute is,Taiwan Department of Otolaryngology
Department of Pathology,is,Yale School of Medicine
lysosome biosynthesis,enhances TKI sequestration TFEB as,key transcription factor
Background Epidermal growth factor receptor,is target for,therapeutic antibody
Pembrolizumab,is,humanized IgG4 anti-PD-1 antibody consisting of affinity mouse region grafted onto human IgG4 immunoglobulin molecule with engineered Fc region
primary curative intent treatment,is with,radiotherapy
human MIR10B gene,was,For expression in immortalized RDEB KCs cloned into pMX IRES Blasticidin vector
Translational Lung Research Center Heidelberg,Center for,Lung Research
Cogle CR cell,derived,angiocrine support
new controlled COPD biopsy trial,is with,roflumilast BMC Pulm Med
Department of Genetics,Department of,Tamil Nadu India Department of Medical Oncology
pharmacological study,evaluate,effects on doxorubicin resistant multiple myeloma cells
eHeidelberg Institute of Radiation Oncology HIRO,of Institute is,"University Hospital of Heidelberg , Institute of Pathology"
Cytology specimens,be,only tumor material available for diagnosis
MEK inhibitor PD98059 LY294002,were obtained from,Calbiochem
Radiotherapy,of fDepartment is,Shandong Academy of Medical Sciences
NIHR Cambridge Biomedical Research Centre,is,"Deptartment of Oncology , University of Cambridge"
serum CYFRA 21 1 assay,has,In our department has routinely performed at diagnostic workup after radiation based therapy
Single cell analysis,reveals,stem cell program in breast cancer cells
Cloosen S Cancer specific Mucin 1 glycoforms,are expressed on,myeloma Br J Haematol
tumor model BALB c mice,were purchased from,Center of Experimental Animal of Guangzhou University
Pembrolizumab,is,humanized IgG4 anti-PD-1 antibody consisting of affinity mouse variable region grafted onto IgG4 immunoglobulin molecule with Fc region for stabilization
Cogle CR Endothelial cell,derived,angiocrine support
based chemotherapy,was only available therapy for,advanced NSCLC
Cancer Research Center,is,Herbal Medicine Research Division
Department of Interventional Radiology,of Department is,Department of Imaging
MRI,provided accuracies in,preoperative T staging of NSCLC
transverse coloplasty pouch,was,In patients created for anastomosis
Japan Clinical Oncology Group,reported In,their analysis of 72 patients treated by CRT
Preoperative modified folfirinox treatment,followed by,capecitabine based chemoradiation for borderline resectable pancreatic cancer
Clinical Radiology Service,is,Kyoto University Hospital
BMI1 expression,was closely related in,SCCHN mice model
Department of Gastrointestinal Surgery,Department of,Department of Anatomy
Pembrolizumab,are,human IgG4 antibodies approved
"Department of Preventive Medicine , School of Public Health",School of,"Centre for Genetic Epidemiology , School of Life Sciences"
Human pulmonary cells,maintained in,ScienCell
Department of Oncology,is,Shanghai Medical College
First Department of Internal Medicine,of Department is,Department of Internal Medicine
pembrolizumab,showed,clinical activity
Background Pancreatic resection,are,powerful tools in multidisciplinary local treatment of pancreatic adenocarcinoma
BM,developed,BM developed in 30.3 %
Primary outcome Cardiopulmonary fitness fitness,will,will determined by maximal cardiopulmonary exercise test gold measure of fitness
Her laboratory research,developing,improved therapeutic strategies for molecular subsets of lung cancer
Immunohistochemistry,showed,thyroid transcription factor
Li Y Zhou YB Pancreatic stellate cells,increase cancer cells invasion through,hepatocyte growth factor met survivin regulated by P53 P21 Exp Cell Res
Department of Oncology,is,Tongji Hospital of Tongji Medical College
IL USA Department of Thoracic Oncology,is,Moffitt Cancer Center
Affiliated Cancer Hospital of Zhengzhou University,is,Henan Cancer Hospital
specific immunohistochemical markers,can,Thus can useful in diagnosis of cancer
Department of Surgery,of Department is,Department of Clinical Laboratory
prognostic biomarker,is in,colorectal cancer RNA Biol 2019
European Organization for Research and Treatment of Cancer,Questionnaire including,brain module
Cancer Genome Atlas Research Network,performed,genomic analysis of 178 squamous cell lung cancers
Pembrolizumab,is,monoclonal IgG4 anti-PD-1 antibody consisting of high affinity mouse anti-PD-1-derived variable region grafted
PD gene,be,used as markers for distinguishing between stages of lung adenocarcinoma
Tumor cells,engaging,cellular omics
immunohistochemistry,confirms,novel ALK Rearrangemnet in patient with metastatic non-small-cell lung Cancer J Thorac Oncol
Carnat A Medicinal Lamiaceae,source of,rosmarinic acid Pharm Acta Helv
transplantable colon cancer ICD,augmented,T cell mitochondrial function
New South Wales Cancer Registry,is,For cancer outcomes gold standard
Cells,were pre-incubated with,specific MAPK ERK inhibitors
Conclusion Tumor stroma CD57,was,associated with lymphnode status
effective prognostic biomarkers,should incorporate,features of tumor leading to comprehensive assessment of tumor biology
Department of Radiation Oncology,of Department is,National Clinical Research Center of Cancer
Sagittal resonance imaging study,showing intensity signals in,posterior lobe pituitary
c Tumorsphere formation assay,showed,effects in NSCLC derived tumorspheres
Institute of Pathology,of Institute is,National Center for Tumor Diseases
clinical treatment,However should differ due,behaviour of rectal adenocarcinoma
Department of Radiology,is,Maastricht University Medical Centre
Medical Innovation,College of,Seoul National University College of Medicine
Guo Y Antibody engineering,promotes,nanomedicine
relevant consensus reference genome,is step towards,reference genomes
"Department of Internal Medicine , Division of Oncology",Department of,USA Department of Biomedical Engineering
BRCA1 expression,modulate,human breast tumor phenotype J Clin
Coroller TP Agrawal V Narayan V Radiomic phenotype features,predict,response in cell lung cancer Radiother Oncol 2016 119 480 486
Genomic Medicine,is,Manchester Academic Health Science Centre
human cells,were,provided by Key Laboratory
Clinical studies,have noted with,responses after ICI treatment in single cancer type
IBMs,prediction for,OSCC patients
Pembrolizumab,are,IgG4 antibodies approved as second line therapy for HNSCC by US FDA
Pembrolizumab,is,humanized IgG4 antibody consisting of affinity mouse variable region grafted onto human IgG4 immunoglobulin molecule with engineered Fc region
Radical esophagectomy,has,has widely acknowledged with importance in therapy for esophageal squamous cell carcinoma
Sade Feldman M Defining T cell states,associated with,response to checkpoint immunotherapy in melanoma Cell 2018 175 998 1013
biomarkers,predict,outcome of ESCC patients
Yue J Yu Z Tumor marker index,is factor for,patients with squamous cell carcinoma Cancer Biomark Sect A Disease
Department of Oncology,is,National Institute of Oncology
Department of Pathology and Laboratory Medicine,Division of,"Department of Internal Medicine , Division of Hematology / Oncology , University of California Davis"
Fig. Western blot analysis,confirms,CAI as two expressed proteins in NSCLC
Multiplex IHC,identified,cellular co-expression
OSCC tissues,evaluate,clinical significance
biomarkers,are,In addition with fast development of biopsy of cancer diagnosis needed for large scale studies
Pembrolizumab,is,humanized IgG4 antibody consisting of affinity mouse anti-PD-1-derived region grafted with engineered Fc region for stabilization
tumor suppressors P53,are,because particularly important in cellular senescence
Pembrolizumab,is,monoclonal IgG4 antibody consisting of high affinity mouse anti-PD-1-derived region grafted with Fc region for stabilization
human oral cells,were,provided by Key Laboratory
Methods Antibodies Antibodies specific,were purchased from,Santa Cruz Biotechnology
biomarkers,are under,currently clinical evaluation for treatment of esophagogastric cancer
Department of Gastroenterology,Department of,Department of Gastroenterology
serum CA19 9 level,is,predictor for prognosis in patients with resectable pancreatic adenocarcinoma
Turkey Department of Radiation Oncology,is,Kayseri State Hospital of Research and Education
Shanghai Pulmonary Hospital,School of,Tongji University School of Medicine
Graduate School of Medicine,is,Nippon Medical School
Department of Respiratory Medicine,is,Royal Melbourne Hospital
mRNA vaccines,Therefore are suitable for,targeting tumor specific antigens
School of Medicine,is,Taipei Medical University
bilateral adrenalectomy,survival of,murine model of PDAC
Immunohistochemistry,confirm,ultimate histological diagnosis
week old male BALB c mice,were obtained from,Shanghai SLAC Laboratory Animal Center
neuropilin isoform NRP2b,uniquely supports,TGF progression in lung cancer Science Signaling
single agent nivolumab,was granted,FDA approval for patients following based chemotherapy
diagnostic significance,macules,Pediatr Clin N
tracheal resection,arising from,membranous trachea
Lung metastasis models,were generated by,labeled A549 P GR cells
MIB proliferation index,was markedly higher with,expression of CXCR4 with CXCR4 expression
Department of Gastroenterology and Hepatology,is,Hokkaido University Graduate School of Medicine
Whole genome sequencing,reveals,genomic signatures associated with inflammatory microenvironments in Chinese NSCLC patients
Department of Radiation Oncology,of Department is,Maastricht University Medical Center
Department of Radiology,is,Wake Forest School of Medicine
Department of Radiation Oncology,Center for,National Cancer Center / National Clinical Research Center for Cancer / Cancer Hospital
Center for Cancer Research,is,National Cancer Institute
BAE scores,are,in biomarkers
Cogle CR Endothelial cell,derived,support of myeloid leukemia targeted
product AferBio,created by,biochemist
Matrigel cells,were,For Transwell invasion assay placed in chambers of Transwell plates
Primary Sjögren ’s syndrome,is,in primary Sjögren ’s syndrome chronic disorder characterized by lymphocytic infiltration of exocrine glands
National Center for Biotechnology Information,is,NCBI
UM SCC cell lines,test,effect of WNT974 on CAM on metastases to liver
Department of Gynecologic Oncology,is,Northside Hospital Cancer Institute
DWI MRI evaluation,has,has yet reported as useful tool for tumors from ovarian lesions
clinical index forpatients,treated in,National Cancer Institute of Canada
Her laboratory research,developing,improved strategies for specific relevant subsets of lung cancer
pancreatic stellate cell,is player in,complex regulation of pancreatic tumor microenvironment
Germany Department of Radiation Oncology,is,University Hospital
biomarkers,predict pCR after,SABR treatment with study on tumour
Epidermal growth factor receptor tyrosine kinase inhibitors,are,used in therapy for non-small cell lung cancer
Integrative genomic studies,have identified,at least four molecular subgroups of medulloblastoma
stage lung cancer xenograft models,determine with,anti-PD-1 antibody
Pembrolizumab,is,humanized IgG4 anti-PD-1 antibody consisting of high affinity mouse region grafted onto human IgG4 immunoglobulin molecule with Fc region for stabilization
Radiation Oncology,Department of,Department of Gynaecology
Department of Otorhinolaryngology,Department of,Norway Department of Clinical Pathology
Cell culture Human lung cancer cell line A549,was,authenticated by morphology at Microread Inc.
Critical Care Medicine,College of,Seoul National University College of Medicine
Department of Pathology,of Department is,Department of General Surgery
Department of Stomatology,of Department is,School of Dental Medicine
Med Res Rev,in poly is,ADP ribosylation
Subcutaneous xenograft in model NOD SCID mice,were acquired from,National Cheng Kung University Laboratory Animal Center
Concurrent cisplatin based chemoradiotherapy,showed improvement compared,sequential chemoradiotherapy
Single cell transcriptome,is in,identification of disease biomarkers
Department of Gastroenterology,School of,Shanghai Jiaotong University School of Medicine
Representative IHC images,is in,serial sections of NSCLC tissues
Department of Oncology,Hospital of,Affiliated Lianyungang Hospital of Xuzhou Medical University
KF Zhang L Huang CD163 macrophages,cells in,squamous cell carcinoma Biomed Res Int
medicine,is,used clinically in combination with ACT
Background Metformin,was,approved as line of drug since decades
Pembrolizumab,is,monoclonal IgG4 anti-PD-1 antibody consisting of affinity mouse anti-PD-1-derived variable region grafted onto human IgG4 immunoglobulin molecule with Fc region
Bioinformatics and Systems Biology Center,is,Beth Israel Deaconess Medical Center
Shandong Cancer Hospital and Institute,Department of,China Department of Radiology
biomarkers,select treatment strategy Compared,biomarkers
Pembrolizumab,is,humanized IgG4 anti-PD-1 antibody consisting of affinity mouse region grafted onto IgG4 immunoglobulin molecule with engineered Fc region for stabilization
predictive biomarker,is in,metastatic NSCLC
serum molecular diagnostic model,was,established for first time by BME cytokines
Department of Medical Oncology,of Department is,Victoria 3065 Australia Department of Pathology
MIB 1 proliferation index,was higher with,expression of CXCR4 with CXCR4 expression
Biomarker analysis,identify,personalized neoadjuvant therapies
Department of Oncology,is,Shanghai Medical College
Pembrolizumab,is,humanized IgG4 anti-PD-1 antibody consisting of affinity mouse anti-PD-1-derived region grafted with Fc region for stabilization
Whole exome sequences,paired blood samples from,study of 41 NSAID users
-020-01284-x Primary Research MiR,regulates autophagy by,targeting FBXW7 in non-small cell lung cancer Wang Hui 1
outcome Cardiopulmonary fitness Cardiopulmonary fitness,will,will determined by maximal cardiopulmonary exercise test gold measure of fitness
Mouse polyclonal antibodies,were,used as antibodies with labeled IgG
Department of Radiation Oncology,of Department is,"P.R. China 4 Department of Oncology , Second Affiliated Hospital of Anhui Medical University"
DCE MRI,has,has determined as tool for diagnosis of tumors
Pembrolizumab,is,humanized IgG4 anti-PD-1 antibody consisting of high affinity mouse anti-PD-1-derived region grafted with Fc region
In cellular targeting assay,examine,targeting levels in human lung cancer cells
T cells,were,recruited by CXCL11 in tumor of NSCLC patients Chemokines
Department of Surgical Pathology,is,Hokkaido University Hospital
Our microarray analysis,identified,three miRNAs
single agent gemcitabine,was,Despite its limited activity first line treatment for patients with disease
T cells,finding with,implications for design of immunotherapies for PDAC
Critical Care Medicine,of Department is,Second Military Medical University
LUAD tissue samples,were,collected from Department of Surgery
Pembrolizumab,is,humanized monoclonal IgG4 antibody consisting of affinity mouse anti-PD-1-derived variable region grafted onto IgG4 immunoglobulin molecule with engineered Fc region
Department of Basic Pharmaceutical Sciences,of Department is,108 Biomedical Drive
Department of Medical Oncology,Laboratory of,Clinical Study
specific immunohistochemical markers,can,Thus can useful in diagnosis of rectal cancer
systemic treatment,Accordingly is recommended for,patients with BM
Oncology,of Laboratory is,P.R. China Department of Radiation Oncology
brainstem,are,risk areas for BMs
human IgG4 anti-PD-1 antibodies,approved as,second line therapy HNSCC US FDA
Discussion Radiotherapy,has,has used as therapeutic option for patients with cervical cancer in past
Anders Department of Clinical Sciences Lund,Division of,Oncology
systematic lymphadenectomy,is,At present standard treatment for ESCC
Department of Internal Medicine,is,Yonsei University College of Medicine
Inadomi K Kumagai H Arita S Tsuruta N Takayoshi K Mishima K Ota S Tanaka M Okumura Y Sagara K Bi-cytopenia,possibly induced by,antibody for malignant melanoma of esophagus
Pembrolizumab,is,IgG4 anti-PD-1 antibody consisting of high affinity mouse anti-PD-1-derived region grafted with engineered Fc region for stabilization
T cells,contribute to,development of induced ATIN
Animal Laboratory Center,is,Shanghai Pulmonary Hospital
biomarkers,are,with development of biopsy urgently needed for scale studies
Bone biochemical markers,include,secretory cytokines in BME
NCI H82 cells,see,if regulated by miRNAs
EBUS TBNA procedure,was,performed by same endoscopic physician for patients
Yoon SS Lauren histologic type,is important factor following,resection of adenocarcinoma Ann Surg
biomarkers,have,have demonstrated as novel tools for detection of cancers
Chen F Sato K Sakai H Miyahara R Bando T Okubo K Pulmonary resection,Interact,Cardiovasc Thorac Surg
biomarkers,are,In addition with development of liquid biopsy of cancer diagnosis needed for large scale studies
Cells,were transfected with,1 μM palbociclib
College of American Pathologists,is,International Association for the Study of Lung Cancer
MYC dependence,is lethal in,TNBC cell lines
Cancer Genome Atlas Clinical Explorer,facilitates,clinical use by cancer research
Internal Medicine,College of,Seoul National University College of Medicine
T cells,is In,NSCLC tumor microenvironment
essential physiological process,is in,embryo development
TFEB gene,is part of,cancer specific translocation t
MRIdian platform,facilitates,radiotherapy
Robotic thoracic surgery,offers advantages over,VATS with accuracy in bronchial plastic surgery
Ultrasound Research and Education Institute,is,Tongji University School of Medicine
Yue J Yu Z Tumor marker index,is significant factor for,patients with resectable esophageal cell carcinoma Cancer Biomark Sect A Disease
current immune checkpoint inhibitors,take brakes,While early immunotherapies focused on accelerating T cell activity
XS serum Gamma glutamyltranspeptidase,predicts prognosis after,Liver transplantation Sci Rep 2016
HDACs overexpression,has,has described in types of human malignancy associated with crucial clinicopathological parameters for patients management
National Center for Biotechnology Information,is,NCBI
Department of Pathology,is,Hospital of Lithuanian University of Health Sciences
Masuda M Methotrexate,is,excreted into bile by canalicular multispecific organic anion transporter
Proton Therapy Center,is,Shizuoka Cancer Center
Department of Surgery,Department of,Department of Pathology
Pembrolizumab,is,humanized monoclonal IgG4 antibody consisting of affinity mouse anti-PD-1-derived region grafted onto human IgG4 immunoglobulin molecule with Fc region for stabilization
HSC6 cells,were treated,siNC rCCL18 treatment served as controls
percutaneous lung needle biopsy,revealed,marked fibroelastosis
Pancreatic stellate cells,are,main cells
Germany Institute of Pathology,is,University Hospital Essen
Department of Radiation Oncology,is,The University of Texas MD Anderson Cancer Center
MIB 1 proliferation index,was higher with,positive expression especially with positive CXCR4 expression
our miRNAs,be,related miRNAs
Shioya Hospital,is,International University of Health and Welfare
Department of Radiation Oncology,of Department is,University of Colorado Anschutz Medical Campus
human immortalized oral cells,were,kindly provided by Key Laboratory of Stomatology
Department of Radiation Oncology,is,University Health Network
Bioinformatic analysis,reveals,pattern of STAT3 associated gene expression specific to like breast cancers
Bacteroidales,Increased,Treg anti-tumor response Mouse Human
Background Cisplatin,is used as,key anticancer drug for solid cancers including lung cancer
Department of Medical Oncology,of Department is,First Affiliated Hospital of Wenzhou Medical University
Xenografted tumor model in BALB c mice,were purchased from,Center of Guangzhou University of Chinese Medicine
MCF 7 breast cancer cell line,was,For study transduced with vector
Shoemaker R Deng J specific methylation,is contributed by,CpG SNPs in human genome Genome Res
Tumor cells,were,cultured with CAFs in spheroids
Surgical Oncology,Hospital of,First University Hospital of China Medical University
Systems Oncology,Faculty of,Medicine
three genomic measures,were used,covariates help in genes with lung cancer associated gene expression
Pembrolizumab,is,monoclonal IgG4 antibody consisting of affinity mouse anti-PD-1-derived variable region grafted
USA Department of Pharmaceutical Sciences and Opthalmology,of Department is,CO 80045 USA Department of Pathology
Fig. 1 Gefitinib treatment,transcriptionally induces interferon response hallmark pathways in,human HNSCC cell lines
Department of Radiation Oncology,Department of,Department of Thoracic Surgery
Xenografted tumor model Female BALB c mice,were purchased from,Center of Experimental Animal
miRNAs,are considered In,view of close relationship between miRNAs
miRNAs,may,may biomarkers for patients
KYSE510 cells,were,For xenograft model injected into flanks
SACC LM cells,possessed expression level compared,SACC 83 cells
Kawase T Yasui Y Nishina S Fibroblast activation fibroblasts,promote,progression of adenocarcinoma BMC Gastroenterol
Cells,immunoblotted with,indicated antibodies
Institute of Biotechnology,Department of,Taiwan Department of Biomedical Engineering
CT coronary angiography,rapidly alternative to,traditional invasive angiography for screening
Bevacizumab,was,first anti-VEGF monoclonal antibody
MG132 treatment,increased,amount of STAT1 bound
Background Pancreatic resection,are,tools in multidisciplinary treatment of ductal adenocarcinoma
human umbilical endothelial tubular formation,was obviously inhibited by,anlotinib supernatant
miRNAs,have of,Of these have particular interest in cancer research as modifiers
University Division of Applied Pharmaceutical Education and Research,of Division is,Department of Thoracic Medical Oncology
Vascular endothelial growth factor,combination of,VEGF directed anti-angiogenic therapy with platinum based doublet chemotherapy
treatment BALB c mice,housed in,certified specific pathogen free level animal facility with cages at Institute of Radiation Medicine
Cogle CR cell,derived,angiocrine support of acute leukemia targeted by receptor tyrosine kinase inhibition Leuk Res
Pembrolizumab,is,humanized monoclonal IgG4 anti-PD-1 antibody consisting of affinity mouse variable region grafted onto IgG4 immunoglobulin molecule with engineered Fc region
Primary Sjögren ’s syndrome,is,in Sjögren ’s syndrome disorder characterized by lymphocytic infiltration of exocrine glands
Thoracic Oncology,of Department is,Kanagawa Cancer Center Hospital
Cetuximab RT patients,experience,more severe rash symptoms consistent with toxicity profile for cetuximab
medical imaging,are still methods for,clinical diagnosis leading eventually to biopsy
PIK3CA gene,is becoming,promising target for discovered drugs
kidney cell line 293T,maintained in,MEM supplemented with 10 % inactivated bovine serum
HRM MAF titration,was,conducted by MAF in mixed DNA sample from 10 % to 0.005 % of Ex19_std in DNA concentration assay from 0.25 ng
RCSC treatment,resulted in,significant reduction in cell viability in cell line of colon cancer
Department of Pathology,Department of,Japan Department of Pathology
HNSCC xenograft model,was,developed by transplantation of HNSCC cells in mice
Aurora kinase inhibitors,induced response in,clinical study
Pembrolizumab,is,humanized monoclonal IgG4 antibody consisting of high affinity mouse anti-PD-1-derived variable region grafted
Pembrolizumab,are,human IgG4 antibodies approved as line therapy for metastatic HNSCC
medical imaging,are methods for,clinical diagnosis leading
Pembrolizumab,is,monoclonal IgG4 anti-PD-1 antibody consisting of high affinity mouse anti-PD-1-derived variable region grafted onto IgG4 immunoglobulin molecule
Pembrolizumab,is,humanized IgG4 anti-PD-1 antibody consisting of high affinity mouse variable region grafted onto human IgG4 immunoglobulin molecule with Fc region
Pembrolizumab,is,humanized monoclonal IgG4 anti-PD-1 antibody consisting of high affinity mouse anti-PD-1-derived region
Jikei University School of Medicine,of School is,Japan Red Cross Medical Center
Shalem O Sanjana NE Zhang F throughput functional genomics,using,CRISPR Cas9 Rev Genet 2015 16 299 311
Department of Pathology,is,Hunan Cancer Hospital
Combined clinical signatures,based on,gene copy number alterations BMC Genomics 2015
EBUS bronchoscopies,were performed by,radial EBUS bronchoscopies
Pembrolizumab,is,humanized monoclonal IgG4 antibody consisting of high affinity mouse anti-PD-1-derived region
Assoc Cancer Res Cosponsored,results from,National Health Interview Survey Cancer Epidemiol Biomark Prev Publ
Radical esophagectomy,has,has acknowledged with importance in cure intended therapy for squamous cell carcinoma
Several CAR T cell products,are under,active clinical trials for RR multiple myeloma
Human pulmonary endothelial cells,were purchased from,ScienCell Research Laboratories
GI Endoscopy Unit,is,Policlinico Universitario Campus Bio-Medico University
Pembrolizumab,is,humanized IgG4 anti-PD-1 antibody consisting of high affinity mouse variable region grafted onto IgG4 immunoglobulin molecule
Programmed cell death protein 1,is,cell surface receptor found in T cells
National Cancer Center / National Clinical Research Center for Cancer / Cancer Hospital,is,Chinese Academy of Medical Sciences and Peking Union Medical College
Translational Genomics,is,Samsung Medical Center
Precise genome editing,holds,great promise for genetic disease genes
Paclitaxel transplantable ovarian cancer,induced,transplantable breast cancer TAM
Pembrolizumab,is,humanized monoclonal IgG4 anti-PD-1 antibody consisting of affinity mouse region grafted
serum CYFRA 21 1 assay,has,In our department has routinely performed at initial diagnostic workup after therapy since 2005
Radiation Oncology,Practice for,Medical Practice for Radiotherapy and Radiation Oncology
Background Pancreatic resection,are,powerful tools in local treatment of ductal adenocarcinoma
Integrative genome analyses,identify,key somatic driver mutations of small cell lung cancer
Pembrolizumab,is,humanized IgG4 anti-PD-1 antibody consisting of affinity mouse anti-PD-1-derived region grafted onto human IgG4 immunoglobulin molecule
Clinical Rebiopsy Bank Project for Comprehensive Cancer Therapy Development,is in,Nippon Medical School
Department of Clinical Pathology,is,University Hospital of North Norway
Department of Internal Medicine,is,Yonsei University College of Medicine
pharmacological study,evaluate,effects of CDKi roscovitine on human myeloma cells
aSurgical Oncology Research Center,Department of,Department of Biology
transplantable murine colon cancer induced ICD,augmented,T cell mitochondrial function
Department of Oncology,Department of,Department of Oncology
S1PR1 signaling inhibition treatment,resulted in,inhibition in pancreatic cancer cells via STAT3 pathway
PD gene,be,used as markers for distinguishing lung adenocarcinoma staging in Northeast Han population
Cogle CR cell,derived,angiocrine support of acute leukemia targeted
HRM MAF titration,was,conducted by MAF in DNA sample from 10 % to 0.005 % of Ex19_std in total DNA concentration assay from 0.25 ng
Dana - Farber Cancer Institute,is,Harvard Medical School
Cancer susceptibility gene2,is,characterized cancer related lncRNA
National Comprehensive Cancer Network,recommends,BRCA1 2 analysis for all diagnosed with pancreatic adenocarcinoma
Department of Neurosurgery,is,University Hospital Essen
clinical model,showed power with,clinical model
ESCC cell lines,were purchased from,CellBank of Chinese Academy of Sciences
Medical Oncology,of Department is,Harvard Medical School
Regional lymph node status,is defined by,computed tomography
Two stents,were implanted,while treated with stent drilling mesh technique
molecular target therapy,has exerted survival benefit With,development of management of lung cancer
"Department of Gastroenterology , Hepatology & Nutrition",is,The University of Texas MD Anderson Cancer Center
rectal SCC lesion,was first interpreted Based,pathologist ’s reports of ovaries
Oncology,of Department is,Department of Pathology
VEGF family,has,has identified as angiogenic factors in tumor proliferation
three genomic measures,were used,covariates to help in selecting genes with lung cancer gene expression in lung cancer classifier
HRM MAF titration,was,conducted by MAF in DNA sample from 10 % to 0.005 % of Ex19_std in DNA concentration assay from 0.25 ng
Institute of Biotechnology,of Institute is,Taiwan Department of Otolaryngology
Radiation Oncology,is,Niigata University Graduate School of Medical and Dental Sciences
Simultaneous chemotherapy,was,administered with cetuximab as agent
Department of Internal Medicine,is,University of Kansas School of Medicine
MIB 1 proliferation index,was markedly higher with,expression especially with CXCR4 expression
circulating biomarkers,level of be,In practical clinical application would influence
DWI MRI evaluation,has,has reported as tool for malignant tumors from lesions
Department of Internal Medicine - Section of Hematology and Oncology,Department of,Department of Radiation Oncology
Thoracic surgeon,is now more familiar with,use of ECMO especially in era
Ministry of Education Key Laboratory of Contemporary Anthropology and State Key Laboratory of Genetic Engineering,Department of,China2 Department of Pneumology
Japan Clinical Oncology Group,is with,West Japan Oncology Group
Pembrolizumab,is,is evaluated in early phase trials in combination with oral azacitadine
kidney cell line 293T,maintained in,MEM supplemented with 10 % serum
Critical Care Medicine,of Department is,Tongji Medical College
"Graduate Institute of Medicine , College of Medicine",of Institute is,Kaohsiung Municipal Ta - Tung Hospital
Stem Cell Transplantation Research Center,School of,Medicine
Pembrolizumab,is,humanized monoclonal IgG4 antibody consisting of high affinity mouse anti-PD-1-derived region grafted onto human IgG4 immunoglobulin molecule with Fc region
medicine,directed at,specific molecular targets
Bioinformatic analysis,reveals,pattern of gene expression specific in human tumors Proc
multiplex NGS assay,opportunity,CUP patients to benefit from personalized therapies
Hunan P. R. China 3 Institute of Clinical Pharmacology,Center for,Hunan Province Cooperation Innovation Center for Molecular Target New Drug Study
transplantable colon cancer induced ICD,also augmented,T cell function
Taiwan Department of Pathology,is,Tri-Service General Hospital
multiplex NGS assay,opportunity,for CUP patients benefit from new personalized therapies
Cancer Genome Atlas Clinical Explorer,is summary of,genomic proteomic data organized by cancer type
Cumming School of Medicine,of School is,Department of Surgery
Human papillomavirus,is in,United States J Clin Oncol
Masuda M Methotrexate,is,excreted into bile by canalicular multispecific anion transporter
Nuclear Medicine,of Department is,CHA Bundang Medical Center
Department of Biological Sciences,of Department is,Department of Animal Sciences
licensee BioMed Central Ltd. 2014This article,is published under,license to BioMed Central Ltd.
miRNAs,Recently have garnered lot as,potential blood based biomarker
Pembrolizumab,is,humanized IgG4 antibody consisting of high affinity mouse region grafted
Computed tomography,revealed density mass in,body of pancreas
based chemotherapy,has,has established as core multimodal therapy
Clinical applications,would require,standardization of assays including determination for distinguishing tumors
Research Neoadjuvant chemoradiotherapy,followed by,transanal mesorectal excision assisted for adenocarcinoma
our electronic medical records system,identify,men treated for penile SCC at Yunnan cancer hospital
Radiotherapy,plays role in,curative management of cell lung cancer
pharmacological study,evaluate,effects on doxorubicin resistant myeloma cells
NSCLC cell lines,generated from,primary patient tissues University Pittsburgh
Pembrolizumab,was,approved by FDA in 2017 for MSI high tumors irrespective
Respiratory Medicine,of Department is,Japan Division for Health Service
Department of Oncology,Department of,Radiation Oncology
Cells,were,treated with concentrations of MTE for 24 h
Integrative genomic analyses,reveal,RNAs in human cancer Nat Struct Mol Biol
Respiratory Medicine,of Department is,School of Medicine
Department of Dermatology,Institute of,Research Institute of Vaccine Therapy for Tumors
Center for Cancer Research,is,National Cancer Institute
18F FAMT PET CT studies,are performed at,our hospital
Institute of Biotechnology,of Institute is,Taiwan Department of Radiation Oncology
human IgG4 anti-PD-1 monoclonal antibodies,approved as,second line therapy HNSCC US FDA
human Evi5 gene,was,originally isolated with stage 4S neuroblastoma with chromosome translocation
Prospective Department of Otorhinolaryngology,Tiqva of,Medicine 19 Vairaktaris
Clinical Laboratory,Department of,Department of Clinical Laboratory
Department of Genetics,Centre for,Nadu India Centre for Oncology
full length human HIF 1α,construct,HIF 1α overexpression vector
Department of Pulmonology and Immunology,of Department is,Medical Academy
Stoop HJA Peppelenbosch MP van Eijck CH Sleijfer S Tumor cell expression,predict,cancer specific survival
Department of Radiology,Center for,National Clinical Research Center for Cancer
Pembrolizumab,is,humanized IgG4 anti-PD-1 antibody consisting of high affinity mouse anti-PD-1-derived region grafted onto IgG4 immunoglobulin molecule
Pathologist,’s,Role in Era of Personalized Medicine
Research Neoadjuvant concurrent chemoradiotherapy,followed by,transanal mesorectal excision assisted for lying adenocarcinoma
Fig. Computer tomography image,obtained from,patient with colorectal adenocarcinoma located
Primary human cells,were from,Cell Biologics
biomarkers,level of be,In clinical application would influence of classifications
Italy Department of Radiotherapy,is,State Hospital
"Bucheon St. Mary ’s Hospital , College of Medicine",’s Hospital is,Republic of Korea4 Department of Thoracic Surgery
IgG4 anti-PD-1 monoclonal antibodies,approved as,second line therapy metastatic HNSCC US FDA
PSMD,were,cancer driver genes with crucial role in proteasome pathway
clinical trials,were,Although focused on PARP inhibitors efficacy in BRCA1 2 cancers
VEGFR targeting antibody ramucirumab,was,approved by Food Administration in United States for gastric junction adenocarcinoma patients with progression
T cells,were,recruited by CXCL11 with chemotherapy
Cogle CR cell,derived,angiocrine support of myeloid leukemia targeted by receptor tyrosine kinase inhibition Leuk Res
CEBPA Bcl2,is in,oral squamous cell carcinoma Cancer Biol Ther 2018 19 3 205 213 29281 558 29
our diagnostic panel,could,could utilized for liquid biopsy for ESCC
Cell culture lung cancer cell line A549,was,authenticated by morphology at Microread Inc.
"Department of Public Health , School of Public Health",is,China Medical University
peri-anal extramammary Paget 's disease,associated with,two differentiated invasive sigmoid carcinomas
Cao XY Jia ZF Jin MS Cao DH Kong F Suo J Jiang J Serum pepsinogen II,is,diagnostic marker
KF Zhang L Huang CD163 macrophages,correlated,cells in oral squamous cell carcinoma Biomed Res Int
Respiratory Medicine,of Department is,First Hospital of Jilin University
cancer immunotherapy,Recently has shown,great clinical benefit in multiple types of cancers
Key Laboratory of Tumor Immunopathology of Ministry of Education of China,is,Southwest Hospital
Center Komagome Hospital,’s,medical records
Her laboratory research,developing,improved strategies for specific relevant molecular subsets of lung cancer
National Comprehensive Cancer Network,recommends,BRCA1 2 analysis for all diagnosed
Tamura T Kurishima K Nakazawa K Specific organ metastases,is in,metastatic non-small-cell lung cancer Mol Clin Oncol
Six week old male BALB c mice,were obtained from,Shanghai SLAC Laboratory Animal Center
Bioinformatic analysis,reveals,pattern of associated gene expression specific in human tumors Proc
Surgical treatment,should emphasise,principle of radical mastectomy
phase 2 clinical trial,conducted at,Massachusetts General Hospital
AChE binding tail PRiMA,is regulated by,merosin deficiency Chem Biol Interact 2013 203 330 334
hippocampal gyrus,manages memory As,gyrus area in brain temporal lobe
HEK293T cell line,grown in,DMEM supplemented with 10 % calf serum under 5 %
Background Pancreatic resection,are,powerful tools in treatment of adenocarcinoma
Pembrolizumab,was,approved by FDA for MSI high solid tumors
BAE scores,are,in efficient biomarkers for lesions
KYSE510 cells,were,For xenograft model injected into dorsal flanks of BALB c nu mice
Pembrolizumab,is,humanized monoclonal IgG4 anti-PD-1 antibody consisting of affinity mouse variable region grafted onto human IgG4 immunoglobulin molecule with Fc region for stabilization
clinicopathological significance,mechanisms of,miRNAs in NSCLC
TLR7 8 agonist imiquimod,may,For VSCC tumors may therapeutic agent
Immunohistochemistry,identify,protein expression of S1PR1
PDEC2 cells,resistance than,PDEC1 cells
STK11 recoverd cell lines,were cultured with,1μg puromycine
Cancer Genome Atlas Clinical Explorer,facilitates,clinical use by broader cancer research
Tazuke Kofukai Medical Research Institute,Department of,Respiratory Medicine
kidney cell line 293T,maintained in,MEM supplemented with 10 % inactivated fetal serum
Bioinformatic analysis,reveals,pattern of STAT3 associated gene expression specific to breast cancers in human tumors Proc
clinical trials,Currently are ongoing with,targeted therapies for tumors
Radical esophagectomy,has,has acknowledged with importance in cure intended therapy for esophageal cell carcinoma
Monoclonal rabbit anti-human PDCD4 antibody,was used for,Western blot analysis
operable patients,often have disease after,curative surgery
MISSILE NSCLC study,evaluate outcomes after,treatment approach of SABR followed by resection
Clinical experience,Pretreated,metastatic NSCLC Anti-PD-1 agents
patient study file,was registered with,study approved by Institutional Review Board for Respiratory Medicine
biomarkers,guide,immune checkpoint blockade in cancer therapy Rev Cancer
Department of Surgery,is,Seoul National University College of Medicine
Background Pancreatic resection,are,powerful tools in multidisciplinary local treatment of ductal adenocarcinoma
Methods Clinical materials Imaging diagnosed,were obtained,cancer imaging archive
Molecular Pharmacology Group,Center for,Center for Cancer Research
KYSE30 cells,is with,CASC2 overexpression
biomarkers,improve,cancer specificities
Cell proliferation assay,is in,BEAS 2B cells on right
Department of Diagnostic Radiology,is,National Cancer Center Hospital East
Brachytherapy,consisted of,2 separate endocavitary insertions with help of Fletcher Suit
HEK293T cell line,grown in,DMEM supplemented with 10 % calf serum
human lung cancer cell line 95D,was obtained from,Cell Bank of Chinese Academy of Sciences
Biomarker development,is in,precision medicine era
Medical Practice and Research Center,is,Department of Thoracic Surgery
Primary Sjögren ’s syndrome,is,in Sjögren ’s syndrome autoimmune disorder characterized by focal infiltration of exocrine glands
Biomedical Sciences,is,Department of Pathology
our top 50 miRNAs,were proved,related miRNAs with accuracy
Department of Radiation Oncology,of Department is,Chinese Academy of Medical Sciences and Peking Union Medical College
based biomarkers,predict pCR after,SABR treatment with study on explanted tumour as gold standard
metastatic work up,confirmed,diagnosis of stage IV cSCC with liver metastases
Immunohistochemistry assay Tissue microarrays,was,obtained at Vanderbilt University Medical Center
Medical DIMEC,Unit of,Medical Physics
HRM MAF titration,was,conducted by MAF in DNA sample from 10 % in DNA concentration assay
National Cancer Institute,is,National Institutes of Health
anti-tumor activity,were,For cell lines observed with reduction of cell proliferation
Department of Ophtalmology,is,University Hospital Bichat - Claude Bernard
Novel pancreatic cancer cell lines,derived from,genetically engineered mouse models pancreatic adenocarcinoma
Department of Radiotherapy,Center for,National Clinical Research Center for Cancer
based chemotherapy,is,For advanced NSCLC mainstay of line treatment
Immunohistochemistry,was carried out at,molecular pathology laboratory of City
B cells,are critical to,T cell mediated antitumor immunity induced by cytotoxic therapy for glioblastoma Neoplasia
National RNAi Core Facility,is,Academia Sinica
Department of Radiation Oncology,of Department is,Oregon Health & Science University
Department of Biomedical Informatics,School of,Vanderbilt University School of Medicine
MIB proliferation index,was higher with,expression of CXCR4 especially with CXCR4 expression
Mammalian mitochondria,are depicted,cylindrical particles originated in cells
Department of Clinical Laboratory,is,Cheeloo College of Medicine
Epidermal growth factor receptor tyrosine kinase inhibitors,are used in,anti-tumor therapy
TCF 1 gene,encodes,nuclear binding protein uniquely expressed in normal T lineage lymphocytes Blood 1995 86 8 3050 3059 75793 99 20
medicine Fuzheng Kang Ai decoction,sensitized effect through,inactivating MUC1 expression J Ethnopharmacol 2016 194 918 929
engineered T cells,has opened,era with living drugs for cancer immunotherapy
Department of Radiotherapy,of Department is,National Institute of Oncology
CD133 breast CSCs,have,BMI1 expression
Targeted genome engineering,is in,human cells
Department of Medical Research,is,Kaohsiung Medical University Hospital
Radiation Oncology,of Department is,Department of Radiation Oncology
Cells,were cultured in,FBS supplemented with 100 U penicillin
HRM MAF titration,was,conducted by MAF in mixed DNA sample from 10 % to 0.005 % in increasing DNA concentration assay
Department of Radiation Oncology,of Department is,Chinese Academy of Medical Sciences and Peking Union Medical College
T cells,expressing,LMP1 specific antigen receptor
Department of Pathology,is,Seoul National University Hospital
Respiratory Medicine,of Department is,China4 Department of Forensic Biology
tracheal sleeve resection,was,In our case performed with anastomosis of regions below resected region
Radiation Oncology,of Department is,China Medical University
Western blot analysis,expression in,panel of OSCC cell lines
Department of Radiation Oncology,is,Cross Cancer Institute
anti-mouse CD40 monoclonal antibody,were purchased from,Elabscience Biotechnology Co. Ltd.
performing bronchial needle aspiration,is with,radial EBUS guidance
Department of Internal Medicine,is,University of Kansas School of Medicine
Xenograft transplanted tumor models,were,established through ECA109 into nude mice
Department of Radiation Oncology,of Department is,Chinese Academy of Medical Sciences and Peking Union Medical College
National Cancer Data Base,2004 to,2012 Int J Radiat Oncol Biol Phys 2016 96 5
increased MIR31HG expression,was,For instance found in LUAD NSCLC tissues
PIK3CA gene,is becoming,promising target for discovered anticancer drugs
Department of Radiation Oncology,is,Emory University School of Medicine and Winship Cancer Institute of Emory University
Department of Medical Oncology,is,National Cancer Center / National Clinical Research Center for Cancer / Cancer Hospital
Department of Kinesiology & Health Sciences,is,Virginia Commonwealth University Health System
cellular p53 status,is in,human malignant glioma xenografts
Thoracic Oncology,of Division is,Wakayama Medical University
Severance Biomedical Science Institute,is,Yonsei University College of Medicine
human normal cell line,was used as,control cell line
medial laparotomy,was,performed with surgical resection of rectal area simultaneously with left nephrectomy
Della Vittoria Scarpati G Falcetta F Carlomagno C Ubezio P Marchini S De Stefano A specific miRNA signature,correlates with,pathological response in cancer Int J Radiat Oncol Biol Phys 2012 83 1113 1119
Zhang T Zhang derived gastric carcinoma xenograft mouse models,faithfully represent,human tumor diversity PLoS One
bioinformatics,analyze,biological characteristics of Rab GDIβ
Department of Medicine,is,Dell Medical School
HRM MAF titration,was,conducted by MAF in mixed DNA sample from 10 % to 0.005 % of Ex19_std
Pembrolizumab,is,humanized monoclonal IgG4 antibody consisting of high affinity mouse anti-PD-1-derived variable region grafted onto IgG4 immunoglobulin molecule with Fc region
Ramnath N Neill H Induction chemotherapy,followed compared,chemoradiotherapy for stage III Non-small-cell lung cancer
State Key Laboratory of Oncology,from Guan is,Sun Yat - Sen University Cancer Center
Peter Doherty Institute for Infection and Immunity,at Department is,Australia School of Cancer Medicine
Guangdong Provincial Key Laboratory of Stomatology,is,Guanghua School of Stomatology
Pembrolizumab,is,humanized monoclonal IgG4 anti-PD-1 antibody consisting of affinity mouse anti-PD-1-derived variable region grafted onto IgG4 immunoglobulin molecule with engineered Fc region
USA Departments of Radiation Oncology,Departments of,USA Departments of Simmons Comprehensive Cancer Center
Hepatobiliary Liver Transplantation Center,Department of,Department of Radiology
School of Public Health,is,Harbin Medical University
TLR7 8 agonist imiquimod,may,For VSCC tumors may promising applied agent
Malabar Cancer Centre,is,tertiary care hospital under Department of Health situated
tumor subtypes,may,In cancers may distinguished by circulating miRNAs
Medical Oncology,of Division is,Yale School of Medicine
CCR2 cells,potential of,cell specific molecular imaging techniques for noninvasive diagnosis of lung IRI
Department of Oncology,is of,Department of Cell Biology
autologous anti-tumor antibody responses,have,have correlated with tumor antigen expression in SCLC
Comprehensive Cancer Center,is,H. Lee Moffitt Cancer Center & Research Institute
Department of Medical Oncology,Department of,Australia Department of Microbiology and Immunology
Clinical Radiology Service,of Division is,Gunma University Graduate School of Medicine
final histological diagnosis,was,made by surgical resection in patients
Anti-VEGFR monoclonal antibodies,is,humanized antibody
Department of Medical Laboratory Science and Biotechnology,is,Yuanpei University of Medical Technology
Head & Neck Surgical Oncology Program,is,Cumming School of Medicine
Spain Department of Pathology,is,Clinica Universidad de Navarra
Luo Y Duan H Qian Y Feng L Wu Z Wang F Macrophagic CD146,promotes formation during,atherosclerosis Cell Res
Department of Virology,is,Medical University of Lublin
CRISPR Cas9,is,RNA guided nuclease involved
Central Anatomy,of eDepartment is,Edouard Herriot Hospital
USA4 Department of Oncology,is,Beijing Friendship Hospital of Capital Medical University
Department of Gastroenterology and Hepatology,of Department is,Hokkaido University Hospital
Author 2015 Body Background Tumours,metastasize frequently to,central nervous system
its biological roles,is in,NSCLC tumorigenesis
radiotherapy,are,At present main treatments for LSCC
Biomarker analyses,evaluating,erlotinib in advanced non-small-cell lung cancer
Department of Molecular Bases of Medicine,Department of,Poland Department of Chest Surgery
Thoracic surgeon,is now familiar with,use of ECMO in era of lung transplantation
Department of Biological Sciences,of Department is,Department of Medicine
Biological Sequence Analysis,for Center is,Massachusetts USA Harvard Medical School
Department of Medical Oncology,of Department is,Thoracic Cancer Institute
British Thoracic Society,recommends,assessment for surgery based
Department of Gastrointestinal Oncology,School of,Tongji University School of Medicine
Group of Pathology Oncology,is,National Cancer Institute
Department of Oncology,is,Shanghai Medical College
based metabonomics approach,was utilized to,profile metabolites in ESCC plasma samples
Ematologia,is ed of,Radioterapia Oncologica
BM,developed,while BM developed in 30.3 % of patients
anti-CTLA-4 antibody ipilimumab,is in,currently clinical trials
Tianjin Medical University Cancer Institute and Hospital,is,National Clinical Research Center for Cancer
biomarkers,are,In addition with fast development of biopsy of cancer diagnosis needed for scale prospective studies
pathologist score,showed,increase in xenografts
Department of Pathology and Laboratory Medicine,is,Perelman School of Medicine
effective prognostic biomarkers,should incorporate,features of tumor leading
MiRNA profiling,using Agilent microarrays in,miRNAs
Department of Medical Oncology,Hospital of,Kunming Medical University
Pembrolizumab,is,IgG4 antibody consisting of high affinity mouse anti-PD-1-derived variable region grafted with Fc region
surgical indications,underwent,percutaneous stenting
Cancer Medicine,of Center is,Sun Yat - sen University Cancer Center
Pembrolizumab,is,monoclonal IgG4 anti-PD-1 antibody consisting of high affinity mouse anti-PD-1-derived variable region grafted with engineered Fc region
Department of Pathology,College of,Yeungnam University College of Medicine
related IBMs,were omitted from,IBM score C index
HRM MAF titration,was,conducted by MAF in DNA sample from 10 % in increasing DNA concentration assay from 0.25 ng
serum BME cytokines,had,high diagnostic values for bone metastasis
Stem Cells,for Laboratory is,China8 Department of Anesthesiology and Operating Room of East Division
Radical esophagectomy,has,has acknowledged with paramount importance in therapy for esophageal cell carcinoma
Pembrolizumab,is,is evaluated in early phase trials in combination with azacitadine in NSCLC
miRNAs,have of,have particular interest in cancer research as modifiers of transcription
Gastroenterological Medicine,is,Cancer Institute Hospital of Japanese Foundation for Cancer Research
Matrigel cells,were,For Transwell invasion assay placed in upper chambers of Transwell plates
Mammalian mitochondria,are depicted,as cylindrical particles originated through endosymbiosis
Bocca P Di Carlo E Caruana mediated tumor vasculature remodelling,improves tumor infiltration in,neuroblastoma model
epidermal growth factor receptor tyrosine kinase inhibitors,have,In past decades have commonly used as targeted therapy for patients
Nuclear Medicine,of Department is,Yonsei Cancer Center
biomarkers,guide,immune checkpoint blockade in cancer therapy Rev Cancer
BrdU incorporation,was measured by,cell proliferation assay
targeted tyrosine kinase inhibitors,have shown,tumor response in mutated NSCLC
LINC01234 gene,shows,higher expression level in group 1 breast cancer samples than in group 2
Department of Oncology,is,Karolinska University Hospital
Bioinformatics Core lab of Department of Molecular Medicine,is,City of Hope Medical Center
Pembrolizumab,is,humanized monoclonal IgG4 anti-PD-1 antibody consisting of high affinity mouse region grafted with engineered Fc region for stabilization
Department of Radiation Oncology,is,Henry Ford Health System
HNSCC cells,analyze,impact of SLPI on growth of HNSCC cells
HeLa cells transfected,were significantly lower than,HeLa cells transfected by pcDNA 3.1 plasmid
T cells,establish memory in,patients with advanced leukemia Sci Transl Med 2011
our HisCoM mimi model,can efficiently account for,biological relationships
Yoon SS Lauren histologic type,is important factor associated following,resection of gastric adenocarcinoma Ann Surg
human TCF 1 gene,encodes,binding protein uniquely expressed in T lineage lymphocytes Blood 1995 86 8 3050 3059 75793 99 20
DWI MRI evaluation,has,has reported as useful tool for differentiating tumors from benign lesions
Bioinformatic analysis,reveals,pattern of associated gene expression specific to like breast cancers in human tumors Proc
School of Medicine,is,Shiraz University of Medical Sciences
China Center for Genetic & Genomic Analysis,is,Genesky Biotechnologies Inc.
Rietzel E Respiratory motion management,is in,particle therapy Med Phys 2010 37 449 460
National Clinical Research Center for Cancer,is,Key Laboratory of Cancer Prevention and Therapy
MSCs,be tool for,cell based therapies
miRNAs,are,are increasingly used as therapies as diagnostic prognostic biomarkers
rectal SCC lesion,was first interpreted Based,pathologist ’s reports
Li N Maly DJ Chanthery YH Sirkis DW Nakamura JL Berger MS Radiotherapy,followed by,aurora kinase inhibition targets propagating cells in human glioblastoma Mol Cancer Ther 2015 14 419 428
Samsung Medical Center,is,Sungkyunkwan University School of Medicine
tumor model mice,were purchased from,Henan Research Center of Laboratory Animal
Department of Oncology,of Department is,Medical College of Yangzhou University
based synthetic therapy,are,targeted at oncogenes
human tracheal basal cells,are,In assay seeded into denuded rat tracheas
Mouse polyclonal antibodies,were,used as antibodies with labeled anti-Rabbit IgG used
biofilm,Even constitutes,main etiological factor
Methods Basigin 2 expression,was evaluated in,biopsy tissue specimens of 20 lung cancer patients with bone metastases
Pembrolizumab,is,humanized IgG4 anti-PD-1 antibody consisting of affinity mouse variable region grafted with engineered Fc region
CD40 antibody,has displayed,excellent antitumour activity
immunohistochemistry,are helpful for,diagnosis of gastric IMT
based biomarkers,predict pCR after,SABR treatment with study
Pembrolizumab,is,humanized monoclonal IgG4 antibody consisting of affinity mouse anti-PD-1-derived region grafted onto IgG4 immunoglobulin molecule with engineered Fc region for stabilization
biomarker panel,might,might applied in liquid biopsy of ESCC
National Center for Biotechnology Information,is,NCBI
Department of Psychiatry,is,Kuopio University Hospital
Pembrolizumab,is,monoclonal IgG4 anti-PD-1 antibody consisting of high affinity mouse anti-PD-1-derived region grafted with engineered Fc region
epidermal growth factor receptor tyrosine kinase inhibitors,have,In past few decades have used as therapy for patients with types
Zhang SE associated fibroblasts,contribute via,mediated miR 34a 5p EBioMedicine
clinical characteristics,provide,evidence of clinical management of malignancy
BH3 profiles,be,associated with treatment response in esophageal cancer to serve as basis for
Pembrolizumab,is,humanized IgG4 antibody
T cells,promote,prognosis in cancer Clin Cancer Res
Research Neoadjuvant concurrent chemoradiotherapy,followed by,transanal excision assisted by port surgery for adenocarcinoma
Oncogenic role,is in,breast cancer biogenesis
clinical trials,reported,clinical response of patients
Department of Radiology,of Department is,Shanghai Medical College
Radiotherapy,has,has established as treatment for unresectable tumors in ESCC patients
reptin remodelling complex,is in,cancer metastasis Nat Cell Biol
Department of Pathology,Department of,USA2 Department of Radiation Oncology
using specific antibodies,influenced,function of stem cells
human CGI oligonucleotide microarray,scanned with,G2565BA microarray scanner
PD gene,be,used as markers for distinguishing between early stages of lung adenocarcinoma
miRNAs,deregulated in,radiochemotherapy cell culture model
Department of Radiation Oncology,is,Massachusetts General Hospital
Genetic based lethal therapy,are,targeted at oncogenes
Predictive biomarker research,has,has focused on tumor signatures
Germany Department of Biochemistry and Molecular Biology,Department of,Germany Department of Obstetrics and Gynaecology
Cetuximab,is,only targeted biological agent approved for use in HNSCC
Department of Biomedical Informatics,is,University of Arkansas for Medical Sciences
ESCC cell line TE cells,were obtained from,Cell Bank of Shanghai Institutes for Biological Sciences
Department of Radiology,is,Institute of Clinical Sciences
Institute of Biotechnology,of Institute is,Taiwan Department of Biomedical Engineering
Norwegian OSCC patient,is,representative of OSCC patient in Europe regarding site
Department of Radiation Oncology,is,Weill Cornell Medical College
YX Clinical study,is in,treatment of liver cancer Hebei Med
kidney cell line 293T,maintained in,MEM supplemented with 10 % fetal serum
Department of Radiation Oncology,is,London Health Sciences Centre
Clinical Laboratory,Laboratory of,Key Laboratory of Laboratory Medicine
Primary Sjögren ’s syndrome,is,in primary Sjögren ’s syndrome chronic autoimmune disorder characterized by lymphocytic infiltration of exocrine glands
based metabolomics,reveal,effect of Saponins against stroke in rat
intra-tumoral IGHG4 expression levels,were associated with,better prognosis for LUAD cohort
intra-tumor line variance,was,For PET calculated as fraction of variance
Whole genome sequencing,has,has added to diagnostic portfolio
patient ’s medical history,led to,diagnosis of intrapancreatic bile duct cancer
week old female ICR mice,were obtained from,Henan Provincial Medical Laboratory Animal Center
Department of Biomedical Informatics,of Department is,Vanderbilt University Medical Center
Pembrolizumab,is,monoclonal IgG4 antibody consisting of affinity mouse anti-PD-1-derived variable region grafted with Fc region
"Graduate Institute of Medicine , College of Medicine",Department of,"Taiwan Department of Otorhinolaryngology , School of Medicine , College of Medicine"
Persian Gulf Tropical Medicine Research Center,University of,Kerman University of Medical Sciences
Caspase 3 activity assay,was carried out in,Gefitinib combined with Gefitinib
radiotherapy,is superior to,radiotherapy in treatment of anal cancer
Department of Radiation Oncology,of Department is,Department of Radiation Oncology
Pembrolizumab,is,humanized monoclonal IgG4 antibody consisting of high affinity mouse anti-PD-1-derived region grafted onto IgG4 immunoglobulin molecule with engineered Fc region
Guangdong Key Laboratory for Research and Development of Natural Drugs,for Laboratory is,Department of Pathology
MS HRM analyses,were,performed on tumor sample in duplicate with duplicates
epidermal growth factor receptor tyrosine kinase inhibitors,have,In past few decades have commonly used as targeted therapy
blood TCR repertoire profiling,may facilitate,patient stratification for immunotherapy
Human vein cells,were transfected with,based TFAP2B siRNA
Human vein cells,were transfected with,DC based TFAP2B siRNA
National Institutes of Health,is of,National Institutes of Health
Pembrolizumab,is,is tested in combination with bevacizumab with MRI guided laser ablation
Gleason system,is quintessential factor in,radical prostatectomy
"Department of Pharmacology , College of Medicine",of Department is,Institute of Basic Medical Sciences
Tongji University School of Medicine,Republic of,"Department of Gastroenterology , Hepatology & Nutrition"
In antitumor activity,is augmented by,radiotherapy
Department of Radiation Oncology,is,The University of Colorado School of Medicine
Pembrolizumab,is,humanized monoclonal IgG4 anti-PD-1 antibody consisting of affinity mouse anti-PD-1-derived variable region grafted onto IgG4 immunoglobulin molecule
Department of Oral Pathology and Microbiology,Lab for,Research Lab for Oral - systemic Health
key immune effector,required in,MYC driven mouse model
Department of Clinical Laboratory,of Department is,Shandong Cancer Hospital and Institute
HRM MAF titration,was,conducted by MAF in mixed DNA sample in increasing DNA concentration assay
Pancreatic stellate cells,increase invasion through,stromal CXCR4 axis Pancreatology
Vascular Immunology,of Laboratory is,Autonomous Institute of Department of Biotechnology
specific immunohistochemical markers,can,can useful in diagnosis of rectal cancer
miRNAs,are,are increasingly used as therapies as biomarkers
Pembrolizumab,was,approved in 2014 by FDA for treatment of patients with advanced melanoma
neuropilin isoform NRP2b,uniquely supports,TGF beta mediated progression in lung cancer Science Signaling
Diagnosis BRPC,was,diagnosed via 16 - slice MDCT with pancreas protocol with 2 mm slice thickness
database clinical esophageal carcinoma samples,correlated in,Cancer Genome Atlas
SAS cells,were,For generation of TRAF6 knockdown cell line transfected with vector
Respiratory Medicine,of Department is,China2 Department of Medical Oncology
St. Michael ’s Hospital,is,Unity Health Toronto
Department of Radiation Oncology,Hospital of,University Hospital of Heidelberg
H650 cells,displayed sensitivity In,our lung cancer cell killing assays
CT coronary angiography,alternative to,traditional invasive angiography
Monoclonal antibodies,are under,intensive clinical evaluation for treatment of NSCLC
traditional medicine,is,In China used clinically with ACT
T cells,have,have studied in immunotherapy
"Bucheon St. Mary ’s Hospital , College of Medicine",’s Hospital is,Republic of Korea5 Department of Thoracic Surgery
Pembrolizumab,is,is evaluated in early phase trials in combination with azacitadine in pretreated NSCLC
medical radiotherapy,are,main treatment options for patients combined with vena cava syndrome
hippocampal gyrus,manages memory As,important neural gyrus area in brain temporal lobe
Integrative genomic analyses,reveal,RNAs in cancer Nat Struct Mol Biol
miRNAs,facilitated cancer diagnosis In,NSCLC patient for example
pharmacological study,evaluate,effects of new CDKi roscovitine on doxorubicin resistant human myeloma cells
Department of Internal Medicine - Section of Hematology and Oncology,of Department is,Wake Forest School of Medicine
Takai K Hara J Matsumoto K Hepatocyte growth factor,promotes,hematopoiesis Blood
National Clinical Research Center for Cancer,for Center is,Department of Epidemiology and Biostatistics
Heidelberg Institute of Radiation Oncology,Department of,Department of Radiation Oncology
Department of Gastroenterology,of Department is,Hubei University of Medicine
Department of Oncology,University of,Shanghai University of Traditional Chinese Medicine
Two guide RNAs,were rationally designed to,specifically MIR10B
North Central Cancer treatment Group,Previously compared,European Organization for Research of Cancer Quality
"Graduate Institute of Medicine , College of Medicine",of Institute is,Taiwan Department of Family Medicine
Department of Radiation Oncology,of Department is,School for Oncology Biology
Cells,attach,mounted into xCELLigence machine
Benard G Nouette Gaulain K Rossignol R Antiproliferative activity,ribonucleotide on,cancer cells of variable bioenergetic profile
PD gene,be,used as markers for distinguishing between early stages of lung adenocarcinoma in Northeast Han population
MUC16 CA125 antigen,is,Moreover already used serum marker for diagnosis of cancer
HRM MAF titration,was,conducted by MAF in DNA sample from 10 % to 0.005 % in total DNA concentration assay from 0.25 ng μl
Four UM SCC cell lines,test,effect on CAM on distant metastases to liver
Ethical Committee and Institutional Review Board of the Cancer Hospital,is,Chinese Academy of Medical Sciences
Nakamura T Nakao T Ashihara E Yoshimura N suppressor cells,recruit,Foxp3 T cells in allograft
Department of Molecular Cell Biology,of Department is,Sungkyunkwan University School of Medicine
Medical Oncology,Hospital of,First Affiliated Hospital of Guangxi Medical University
epidermal growth factor receptor,development of is,important milestone in therapy
Department of Biomedical Informatics,of Department is,"TN USA 6 Center for Precision Health , School of Biomedical Informatics"
medical imaging,are methods for,clinical diagnosis leading to biopsy
Diagnostic Radiology,of Department is,Gunma University Graduate School of Medicine
Genetic based synthetic lethal therapy,are,targeted at activated oncogenes
Bioluminescence assay SPC A-1 cells,were transduced with,indicated lentiviruses
Robinson G Vascular growth factor,is,autocrine survival factor for breast carcinoma cells
Critical Care Medicine,Center of,Respiratory Medicine
Research Neoadjuvant concurrent chemoradiotherapy,followed by,transanal excision assisted by port surgery for rectal adenocarcinoma
PRMT overexpression,has,Since has implicated in various human cancers of PRMT activity
Real time FDG guided bone biopsy,is in,patient with two primary malignancies
Research Neoadjuvant concurrent chemoradiotherapy,followed by,transanal excision assisted for lying adenocarcinoma
Aurora kinase,drives evolution to,third generation EGFR inhibitors in lung cancer Nat Med
National Cancer Institute,is,CTEP / NCI
Department of Surgical Emergency,is,University Teaching Hospital of Lomé
Cancer Genome Atlas Clinical Explorer,translates data into,list of clinically relevant cancer drivers including genes
Murine NIH 3T3 cells,generated from,NIH Swiss mouse embryo fibroblasts
Zhang T Zhang derived carcinoma xenograft mouse models,represent,human tumor diversity PLoS One
Department of Pathology,of Department is,Yeungnam University College of Medicine
clinical significance,is dissipating with,development of novel biomarkers
Epidemiology Unit,Ministry of,Ministry of Public Health
our top 50 miRNAs,were proved,to miRNAs with accuracy of 100 %
MIB proliferation index,was higher with,positive expression especially with positive CXCR4 expression
antibody pembrolizumab,showed,anti-tumor activity
Brain,is rare site of,metastases from HNSCC
serum CYFRA 21 1 assay,has,has performed at diagnostic workup after based therapy since 2005
Department of Pathology,is,Yonsei University College of Medicine
mTORC1 inhibitor rapamycin,comparable modification of,cellular properties of CAL33
Oncology,of eDepartment is,Cancer Institute
anti-mouse CD40 monoclonal antibody,were purchased from,Elabscience Biotechnology Co.
8227 leukemic cell line,was derived from,primary human AML with informed consent from donor
Yonsei University College of Medicine,Division of,Medical Oncology
Intrathecal injection,kills,cell bodies
Pembrolizumab,is,humanized monoclonal IgG4 anti-PD-1 antibody consisting of affinity mouse anti-PD-1-derived variable region grafted onto human IgG4 immunoglobulin molecule
Thoracic surgeon,is familiar with,use in era of lung transplantation
sarcoma component,consisted of,mainly osteosarcoma
Albarakati N Abdel Fatah TM Doherty R Russell Moseley P Targeting BRCA1 BER deficient breast cancer blockade,is with,cisplatin for personalized therapy Mol Oncol 2015 9 1 204 217 25205 036 90
Pembrolizumab,is,humanized IgG4 antibody consisting of affinity mouse anti-PD-1-derived variable region grafted with Fc region
Pembrolizumab,is,monoclonal IgG4 antibody consisting of affinity mouse anti-PD-1-derived variable region
ERK1 polyclonal antibody,was provided by,Santa Cruz Biotechnology
Department of Otorhinolaryngology,of Department is,Norway Department of Clinical Pathology
Pembrolizumab,are,human IgG4 anti-PD-1 monoclonal antibodies approved as line therapy
Fig. Computer tomography image,obtained from,patient with mucinous adenocarcinoma located in colon 55 cm from anus
Prospective Biomedical Optics Research Unit,Faculty of,Faculty of Medicine
Radiation Oncology,Department of,Department of Oncology
Primary Sjögren ’s syndrome,is,in primary Sjögren ’s syndrome chronic autoimmune disorder characterized by infiltration
miRNAs,also showed,tight correlation in types of tumors
Department of Obstetrics and Gynecology,Hospital of,Tumor Hospital of Chinese Academy of Medical Sciences
Department of Oncology,University of,Shanghai University of Traditional Chinese Medicine
Department of Respiratory Medicine,of Department is,Medical Center
traditional medicine,is,mainly used clinically
Human PECAM1 CD31,were analyzed in,large series established from 8 different tumor types
Department of Medical Oncology,of Department is,West China Hospital
T cells,were,recruited by CXCL11 with DOC based chemotherapy in tumor of NSCLC patients Chemokines
White VA Lewallen S Clinical factors,associated in,patients ocular surface neoplasia Kilimanjaro Christian Medical Centre
extensive immuno oncology research,has,has focused on T cells
Bioinformatic analysis,reveals,pattern of gene expression specific to like breast cancers in tumors Proc
Thoracic Oncology,of Division is,Japan Clinical Trial Coordination Office
using specific antibodies,also influenced,function of stem cells
Pembrolizumab,is,humanized IgG4 anti-PD-1 antibody consisting of high affinity mouse anti-PD-1-derived region grafted with Fc region for stabilization
Department of Pathology,is,CMH Institute of Medical Sciences
serum CYFRA 21 1 assay,has,In our department has performed at initial diagnostic workup
Shirali AC Perazella MA Gettinger S Association of Acute Interstitial Nephritis,is with,Programmed Cell Death 1 inhibitor therapy in lung Cancer patients
Collaborative Innovation Center for Cancer Medicine,is,Sun Yat - sen University Cancer Center
Zhang T Zhang gastric carcinoma xenograft mouse models,faithfully represent,human tumor diversity PLoS One
Figure 3 Endogenous EGFR,is in,NSCLC cells
metabolic profile,provides cancer cells with,ATP synthesis for biosynthesis
Metabolic Disorders Research Center,University of,Golestan University of Medical Sciences
Bronchogenic Carcinoma Cooperative Group,is of,Spanish Society of Pneumology
Department of Surgery,is,Nagasaki University Graduate School of Biomedical Sciences
Human umbilical vein endothelial cells,were transfected with,based TFAP2B siRNA
MIB 1 proliferation index,was higher with,expression of CXCR4 with positive CXCR4 expression
SCC cells,increase tumor size in,murine tumor model
pharmacological study,evaluate,effects of CDKi roscovitine on myeloma cells
SPC Genes,GO,Biological Processes X6 ADAM6 8755
systematic lymphadenectomy,is,At present treatment for resectable ESCC
T cells,acquire ability via,their expression of C X-C motif chemokine receptor 3
City Hospital,is,National Hospital Organization Kyusyu Cancer Center
Department of Pathology,is,National Cancer Center / National Clinical Research Center for Cancer / Cancer Hospital
sarcoma component,consisted of,mainly osteosarcoma characterized by bone
based doublet chemotherapy,standard for,treatment of NSCLC with type growth factor receptor
Pembrolizumab,are,human IgG4 anti-PD-1 monoclonal antibodies approved
Internal Medicine,School of,Sungkyunkwan University School of Medicine
Conclusions DCE MRI,may provide,information on fraction of cell carcinoma of cervix
Cancer Institute & General Surgery Institute,Hospital of,First Affiliated Hospital of China Medical University
Pathologist ’s Role,is in,Era of Personalized Medicine
biomarkers,form signature in,stratifying adenocarcinoma
Yoest J Clinical,pathophysiology of,immune related events in checkpoint inhibitor treatments in cancer
matricellular protein CCN1,enhances,signaling in fibroblasts
"Department of Pediatrics , Division of Pediatric Oncology / Hematology",of Department is,Wexner Medical Center
Department of Radiation Oncology,of Department is,Second Military Medical University
Human Biology,of Division is,Fred Hutchinson Cancer Research Center
Gastroenterological Medicine,of Department is,National Cancer Center Hospital East
APC gene,has,has reported as important tumor suppressor in colorectal cancer
IL 24 gene,was,originally discovered by subtraction hybridization method by human melanoma cells to differentiation
Department of Otolaryngology,is,Medical Faculty
TMA construction fixed embedded specimens,resected at,Thoraxklinik at Heidelberg University
Department of Gastrointestinal Surgery,of Department is,Department of Oncology
successful bronchoscopy,is associated with,improved survival in malignant CAO
China Department of Radiology,is,Shandong Cancer Hospital and Institute
Heidelberg Institute of Radiation Oncology,Center for,National Center for Radiation Oncology
anti- ERK1 polyclonal antibody,was commercially provided by,Santa Cruz Biotechnology
Oncological Pulmonology,is,Medical University of Lodz
biomarkers,Currently are approved for,clinical use
Cells,were stained with,CD95 antibody
MIB proliferation index,was higher with,expression of CXCR4 especially with positive CXCR4 expression
Department of Oncology,of Department is,University Hospital of Besançon
medial laparotomy,was,performed with resection of rectal area simultaneously with nephrectomy
clinical trials,So far considered as,robust biomarker
"Hematology , Oncology and Blood & Marrow Transplantation",School of,Emory University School of Medicine and Winship Cancer Institute of Emory University
Human pancreatic adenocarcinoma tissues,were obtained from,Pathology Unit of Sant’Andrea Hospital
Peripheral blood TCR repertoire profiling,may facilitate,patient stratification for immunotherapy against melanoma Cancer Immunol Res
Department of Surgery,is,Kashiwara Municipal Hospital
Discussion Cardiac CT,offers,detailed assessment of CAD comparable to invasive angiography
miRNAs,are involved in,tumor specific functional categories detected
Nuclear Medicine,of Department is,Yonsei University College of Medicine
Guangdong Province 510120 China Department of Medical Oncology,is,Guangdong Provincial Hospital of Chinese Medicine
Synaptonemal complex protein 3,is,associated with lymphangiogenesis in cell lung cancer patients
only HSCC cell line,was purchased from,Shanghai Institute of Biology
Department of Oncology,University of,Shanghai University of Traditional Chinese Medicine
clinical significance,could,could confirmed by cytological bioactivities with interference of rpS6 activation
Department of Medical Oncology,of Department is,Victoria 3050 Australia Department of Surgical Oncology
Pembrolizumab,is,IgG4 anti-PD-1 antibody consisting of affinity mouse anti-PD-1-derived variable region
Signet ring cells,predict,response to preoperative chemoradiation Ann Thorac Surg
radiotherapy,has become,cornerstone of adjuvant therapy for advanced cancer
Her laboratory research,developing,improved therapeutic strategies for specific clinically relevant subsets of lung cancer
Oncology,of Department is,"Norway Institute of Clinical Medicine , Faculty of Health Sciences"
Kyorin University School of Medicine,is,Kyorin University Hospital
IL gene,was,originally discovered by subtraction hybridization method by melanoma cells to terminal differentiation
Pembrolizumab,is,humanized IgG4 anti-PD-1 antibody consisting of affinity mouse anti-PD-1-derived region grafted onto IgG4 immunoglobulin molecule with engineered Fc region for stabilization
Guangzhou Medical University,is,Guangzhou Medical University
systemic i.v. infusion,reduced,NCI H460 tumor volume
M cells,SRAMs compared,E cells
Critical Care Medicine,of Department is,Hubei University of Medicine
Pembrolizumab,is,monoclonal IgG4 antibody consisting of high affinity mouse anti-PD-1-derived variable region grafted with Fc region
Prospective University Medical Centre Groningen,Division of,Oncology
23 clinical LUSC samples,further prove,clinical value of miR -182-5p
Our hospital,is,professional diagnosis
CDK family inhibitor Dinaciclib,had,effect on BIN1 c MYC interaction in NSCLC cells
upper gastrointestinal endoscopy,is with,histological biopsy
Pembrolizumab,is,humanized monoclonal IgG4 antibody consisting of affinity mouse anti-PD-1-derived variable region grafted onto human IgG4 immunoglobulin molecule
NSCLC cells,were,After treated with SNH
laryngeal anatomy,is,particularly crucial to physiology
HRM MAF titration,was,conducted by MAF in DNA sample from 10 % to 0.005 % of Ex19_std
IL gene,was,originally discovered by subtraction hybridization method by exposing melanoma cells
Medical Center,Faculty of,Medicine
Department of Respiratory Medicine,of Department is,Medical Center
specific transcription profiles,IS,HNSCC subgroup in male patients
Department of Oncology,of Department is,Institute for Innovative Cancer Research
clinical investigations,have demonstrated,treatment benefits of niraparib in patients
LUAD tissue samples,were,Simultaneously collected from Department of Surgery
Applied Life Sciences,is,Institute of Biomedical and Health Sciences
Methods Antibodies reagents Antibodies specific,were purchased from,Santa Cruz Biotechnology
Kinoshita T Nohata microRNA 29s,inhibit migration by,targeting laminin integrin signalling
Kaohsiung Medical University Hospital,is,Kaohsiung Medical University
Department of Genome Sciences,University of,"Department of Medicine , University of Washington , Division of Human Biology"
Research Center of Pediatric Infectious Diseases,of Center is,Department of Biological Sciences
miRNAs,cross-talk in,breast cancer Biomed Res Int
Pembrolizumab,is,humanized monoclonal IgG4 anti-PD-1 antibody consisting of affinity mouse region grafted with engineered Fc region
CCR2 cells,promote breast cancer metastasis to,lung Biol Chem 2009 284 29087
Bmi1 silencing,decreased,primary pancreatic tumor xenograft growth
surgical status,underwent,percutaneous endovascular stenting
Pembrolizumab,is,humanized monoclonal IgG4 anti-PD-1 antibody consisting of high affinity mouse anti-PD-1-derived region grafted with Fc region for stabilization
Department of Laboratory Medicine,Department of,China Department of Neonatology
Several CAR T cell products,are under,clinical trials
Methods Patient characteristics SBRT,was,delivered to June 2016 at Tianjin Medical University Cancer Institute
KYSE510 cells,were,For xenograft model injected into dorsal flanks
biomarkers,guide,checkpoint blockade in cancer therapy Nat Rev Cancer
Respiratory Care Medicine,of Department is,Affiliated Jiangning Hospital
Bristo Myers Squibb combination regimen,shows,clinically meaningful responses
Bioinformatic analysis,reveals,pattern of associated gene expression specific to breast cancers
Department of Gastrointestinal Oncology,of Department is,Department of Gastric Surgery
Department of Biochemistry and Molecular Biology,is,Nanjing Medical University
In cellular targeting assay,examine,targeting levels in lung cancer cells
Tang J Jiang R Deng L Circulation RNAs,act as,biomarkers
NPC cells,express,specific subgroup including EBNA 1
Wu XJ Basic transcription factor 3,is required via,regulation of FOXM1 in Cancer Oncol Res
clinical characteristics,were reviewed from,clinical records
Simultaneous chemotherapy,was,administered with cetuximab as most commonly used systemic agent
surgical team,will mark,specimen for location of N1 lymph node stations
Department of Radiotherapy,of Department is,China Department of Oncology
Prospective Department of Otorhinolaryngology,is,Rabin Medical Center
Immunoblot analysis,revealed,MRS overexpression
Cell lines,obtained from,Shanghai Honsun Biological Technology Co. Ltd
clinical features,were obtained from,medical records
Clinical Research,of Principles is,China Pharmaceutical Technology Publishing House
Eastern Cooperative Oncology Group performance status,of Assessment is,Charlson co-morbidity index
Department of Oncology,University of,University of Ulsan College of Medicine
Our hospital,is,clinical diagnosis
Lorlatinib,demonstrated,clinical activity in advanced NSCLC patients with ROS1 fusion including those
based synthetic therapy,are,Currently directly targeted at activated oncogenes
Cells,were analyzed on,BD LSRII equipped
Single cell analysis,reveals,stem cell program in human metastatic breast cancer cells
THP cells,were,In our cell model induced into macrophages by LPS
Research Neoadjuvant chemoradiotherapy,followed by,transanal excision assisted for rectal adenocarcinoma
Union Hospital,is,Tongji Medical College
Wang G Proteomic analysis,reveals,MEK5 Erk5 mediated mesenchymal transition phenotype Breast Cancer Res
Department of Internal Medicine,of Department is,Henan Cancer Hospital
Department of Biomedical Informatics,Department of,Department of Psychiatry
-020-01284-x Primary Research MiR,regulates autophagy by,targeting FBXW7 in human cell lung cancer Wang Hui 1
animal studies,were approved by,Institutional Animal Care Committee at Guangzhou Medical University
serum CYFRA 21 1 assay,has,In our department has routinely performed at diagnostic workup after based therapy
SIRT1 overexpression,is independent prognosticator for,patients with ESCC
Institute Research Medical Ethics Committee,is of,National Cancer Center / National Clinical Research Center for Cancer / Cancer Hospital in Chinese Academy of Medical Sciences and Peking Union Medical College
effective biomarkers,should ideally incorporate,features of tumor leading
Predictive biomarkers,are practice with,modern targeted therapies
metabonomics approach,was utilized to,profile metabolites in ESCC plasma samples
Integrative genomic analyses,reveal,clinically relevant RNAs in human cancer Struct Mol Biol
Targeted sequencing,reveals TP53 as,potential biomarker
Tumor nude mice model construction BALB c male mice,were purchased from,Beijing Laboratory Animal Research Center
Kirsten rat sarcoma,are,most frequent mutated oncogenes
miRNAs,are,In view considered as potential targets for anti-cancer therapies
clinical LUSC samples,prove,clinical value of miR -182-5p
Bioinformatic analysis,reveals,pattern of STAT3 associated gene expression specific to like breast cancers in tumors Proc
Whole genome bisulfite sequencing,marks from,whole genome
"Department of Internal Medicine , Division of Oncology",of Department is,USA The Genome Institute
Department of Obstetrics and Gynaecology,of Department is,Academic Health Science Centre
Pembrolizumab,is,humanized IgG4 anti-PD-1 antibody consisting of high affinity mouse region grafted onto IgG4 immunoglobulin molecule with engineered Fc region for stabilization
Therapeutic anti-EGFR antibody,generates,responses in murine de EGFR lung carcinomas J Clin Invest 2007
in anti-metastatic activity,has,has demonstrated in various animal tumor models especially suppression
Schwann cells,have,have identified in histogenesis
targeted antibodies,have also demonstrated,cetuximab in cancer
biological mechanisms,ensure,identification of biomarkers
Immunotherapy,dominant strategy in,cancer therapy
Wu C Li M Hu C Duan H Clinical significance,miR in,patients with esophageal squamous cell carcinoma Mol Biol Rep
serum elevated miR,was proved,to promising biomarker
Pembrolizumab,is,humanized IgG4 antibody consisting of high affinity mouse region grafted onto human IgG4 immunoglobulin molecule with engineered Fc region for stabilization
clinicopathological significance,mechanisms of,miRNAs
"Department of Virology , School of Public Health",is,Tehran University of Medical Sciences
Several CAR T cell platforms,are under,active trials for refractory multiple myeloma
Illumina HumanMethylationEPIC array,is with,minfi Bioinformatics
Biomarkers,are,breast cancer markers found in list
Department of Medical Biology,Faculty of,Health Sciences
Mammalian mitochondria,are usually depicted,elongated cylindrical particles originated in cells
Cell proliferation assay,were,For Cell Kit 8 plated in 96 well plates at density
Department of Medical Oncology,is,Thoracic Oncology Division
Laboratory medicine,of Department is,Keio University Health Center
labeled Taqman assay,labeled,Taqman assay for GUSB
Lgr5 cells,be,origin of gastric carcinoma in histotype
Department of Pharmacology,is,"Guangzhou Institute of Snake Venom Research , School of Pharmaceutical Sciences"
Department of Radiation Oncology,is,Medical Faculty
MIR10B gene,was,For expression cloned into pMX IRES Blasticidin vector downstream of Pol III U6 promoter
Gastroenterology,of Division is,Department of Experimental Therapeutics
circulating miRNAs,may also play roles except,functioning as biomarkers
CAR T cell products,are under,clinical trials
Pembrolizumab,is,monoclonal IgG4 anti-PD-1 antibody consisting of affinity mouse anti-PD-1-derived variable region grafted with engineered Fc region
human tumor types,next identify,predictive biomarkers
Background Pancreatic resection,are,powerful tools in local treatment of pancreatic adenocarcinoma
biomarkers,stratify,LUAD patients for identifying cancers
ArticleHigh postoperative monocyte,indicates after,characteristics in lung adenocarcinoma
Mammalian mitochondria,are usually depicted,as elongated particles originated in cells
USA11 Department of Biological Chemistry and Molecular Pharmacology,is,Harvard Medical School
biomarker DR70,showed sensitivity with,diagnostic value for lung carcinoma
Pembrolizumab,is,humanized monoclonal IgG4 anti-PD-1 antibody consisting
VEGF family,has,has identified as specific factors in tumor proliferation
College of Clinical Medicine of Henan University of Science and Technology,Faculty of,Faculty of Biochemistry
Whole genome bisulfite sequencing,may provide,information regarding biological impact of methylation
Proper laryngeal anatomy,is,crucial to physiology
Computational Biomedicine,of Division is,American College of Radiology Imaging Network
Simultaneous chemotherapy,was,administered with cetuximab as used systemic agent
Thoracic Oncology,of Department is,West China Hospital
Autoantibody signatures,combined as,biomarker panel detection
Endothelial expression,is associated with,tumor progression in pituitary adenoma Brain Pathol
Chinese medicine Fuzheng Kang Ai decoction,sensitized effect through,inactivating MUC1 expression J Ethnopharmacol 2016 194 918 929
Nuclear Medicine,of Department is,Korea Department of Pathology
CT coronary angiography,effective alternative to,traditional invasive angiography
Tumor sphere formation assay,Transfected,SPC A-1 cells
Oncogenic miR 21,abrogate,CASC2 mediated inhibition
DWI MRI evaluation,has,has reported as tool for malignant tumors from benign ovarian lesions
Pembrolizumab,is,humanized monoclonal IgG4 anti-PD-1 antibody consisting of affinity mouse variable region grafted onto IgG4 immunoglobulin molecule with Fc region
eHeidelberg Institute of Radiation Oncology HIRO,of Institute is,University Hospital of Heidelberg
Cogle CR Endothelial cell,derived,support of leukemia targeted by receptor tyrosine kinase inhibition Leuk Res
premier therapy,is In,EGFR mutant NSCLC
"Department of Internal Medicine , Division of Oncology",of Department is,USA Department of Biomedical Engineering
Pembrolizumab,is,is currently tested in combination in patients with GBM
Human bronchial cells 16HBE,were kindly provided by,tumor Cell Library of Chinese Academy of Medical Sciences
MDA MB 231 metastatic tumors,were observed viz. after,LPA treatment on organs
Department of Gastrointestinal Surgery,of Department is,School of Basic Medical Science
Cogle CR Endothelial cell,derived,angiocrine support of myeloid leukemia targeted by receptor tyrosine kinase inhibition Leuk Res
MSI subtypes,were identified through,immunohistochemistry
Integrative genome analyses,identify,key somatic driver mutations of small cell lung cancer
Robinson G endothelial growth factor,is,autocrine survival factor for breast carcinoma cells
Affiliated Stomatological Hospital of Nanchang University,Laboratory of,Oral Biomedicine
Complicated mucoceles,resulting in,right hemicolectomy
Department of Radiation Oncology,of Department is,Asan Medical Center
Rudolf Magnus Institute of Neuroscience,is,University Medical Center
MSI testing,was,As proof performed on adenocarcinoma
Primary tracheal cells,were stained marker CD45 for,epithelial specific marker CD326 EpCAM
immunohistochemistry,confirms,Crizotinib sensitive ALK Rearrangemnet in patient
National Center for Radiation Research in Oncology,is,Faculty of Medicine and University Hospital
Genetic based therapy,are,Currently targeted at activated oncogenes
Department of Diagnostic Radiology,is,National Cancer Center / National Clinical Research Center for Cancer / Cancer Hospital
Bioinformatics,Division of,Biostatistics and Bioinformatics
tracheal cells,are,In assay seeded into rat tracheas
Key Laboratory,Department of,China Department of Bioscience and Nutrition
BH3 profiles,be,associated with treatment response in esophageal cancer serve as basis
Graduate School of Medicine,is,Nippon Medical School
Molecular Engineering Laboratory and Formerly Pharmacological Biochemistry,Department of,Department of Pharmaceutical Sciences
Germany Clinic of Nuclear Medicine,is,University Medical Center Charité
NSCLC cell line data NSCLC data,were used for,validation of correlation between CDK7 p38α MYC axis
Della Vittoria Scarpati G Falcetta F Carlomagno C Ubezio P Marchini S De Stefano A specific miRNA signature,correlates with,complete pathological response in cancer Int J Radiat Oncol Biol Phys 2012 83 1113 1119
Department of Oncology,Laboratory of,France Laboratory of Cytopathology
Cells,treated with,BSA for 30 min.
clinical trials,are ongoing with,targeted therapies for tumors
biomarkers,are common practice with,modern therapies like anti HER2
human MIR10B gene,was cloned downstream For,stable expression of miR 10b
immune cell protein,are,biomarkers
useful biomarkers,predict,outcome of ESCC patients
Human normal gastric epithelial cell line GES 1,was obtained from,Institute of Oncology in Beijing University
Candidate biomarkers,were validated in,human NSCLC cohort
Hanazaki K Intrahepatic cystadenoma,demonstrated by,intraoperative cholangiography Hepatogastroenterology
MUC16 CA125 antigen,is,Moreover serum marker
traditional medicine,is,In China mainly used clinically with ACT
recent clinical trials,have exhibited effects,Although therapeutic target
Center of Medicine and Clinical Research,of Center is,"Institute of Clinical Medicine , School of Medicine"
World Health Organization,is,International Agency for Research on Cancer
NCBI,at,Gene Expression Omnibus
Department of Radiation Oncology,University of,Fujian University of Traditional Chinese Medicine
based metabolomics,reveal,protective effect of Saponins against ischemic stroke in rat
cortical MIAT,significantly reduced in,SCZ of superior gyrus
combined bortezomib,is with,IR treatment of SAS cells
based metabonomics approach,was,In present study utilized to profile metabolites from pCR
Maxillofacial Surgery,is,Japan Labor Health and Welfare Organization
biomarkers,are,In addition with fast development of liquid biopsy of cancer diagnosis needed for scale studies
Tumorsphere formation assay,showed,effect of JARID1B knockdown on tumorsphere formation
Department of Chemistry and Applied Biosciences,is,Institute of Pharmaceutical Sciences
Inadomi K Kumagai H Arita S Tsuruta N Takayoshi K Mishima K Ota S Tanaka M Okumura Y Sagara K Bi-cytopenia,possibly induced by,anti-PD-1 antibody for primary malignant melanoma
BCL proteins,hence emerged with,development of BH3 mimetics
China Department of Radiation Oncology,is,The University of Texas M. D. Anderson Cancer Center
based biomarkers,were,confirmed as candidate biomarkers for ESCC
serum CYFRA 21 1 assay,has,In our department has routinely performed after radiation based therapy
targeting MYO6,is in,human non-small cell lung cancer Biosci Biotechnol Biochem 2019 83 212 220
Germany Department of Radiotherapy and Special Oncology,is,Germany Department of Radiation Oncology
Female BALB c mice,were,in mice obtained in Experimental Animal Center
Several clinical trials,reported on,activity of therapy in pancreatic cancer
Research Neoadjuvant concurrent chemoradiotherapy,followed by,transanal excision assisted for adenocarcinoma
Japan First Department of Medicine,is,Hokkaido University School of Medicine
Mandible reconstruction,is with,microvascular surgery Seminars in Surgical Oncology 2000 19 226 234
Research Neoadjuvant chemoradiotherapy,followed by,transanal mesorectal excision assisted
Key Laboratory,Department of,China Department of Thoracic Medical Oncology
PRMT overexpression,has,has implicated in various cancers of PRMT activity
Faculty of Medicine,is,Department of Gastroenterology
BM,developed,while BM developed
Radical esophagectomy,has,has acknowledged with importance for cell carcinoma
Hanazaki K Intrahepatic cystadenoma,demonstrated by,cholangiography Hepatogastroenterology
Department of Surgery,School of,Osaka City University Graduate School of Medicine
Pembrolizumab,is,monoclonal IgG4 antibody consisting of high affinity mouse region grafted with Fc region
biomarkers,are,with development of biopsy of cancer diagnosis urgently needed for scale studies
MiRNAs,inhibit,cellular function of target gene
Pembrolizumab,is,humanized IgG4 antibody consisting of affinity mouse anti-PD-1-derived variable region grafted onto IgG4 immunoglobulin molecule with engineered Fc region
Four UM SCC cell lines,test,effect of WNT974 on CAM on metastases to liver
bioprinting technologies,will,will improved by bioengineering
Pembrolizumab,is,humanized monoclonal IgG4 antibody consisting of affinity mouse anti-PD-1-derived variable region grafted
White VA Lewallen S Clinical factors,associated in,patients surface neoplasia Kilimanjaro Christian Medical Centre
Department of Radiation Oncology,of Department is,Collaborative Innovation Center for Cancer Medicine
dResearch Center for Biochemistry and Nutrition,University of,Kashan University of Medical Sciences
Department of Radiation Oncology,University of,University of Ulsan College of Medicine
stem cell markers expression,is in,Biochem Biophys Res Commun
HNSCC cell lines,treated with,cetuximab
TN USA 11 Department of Urology,is,Radboud University Medical Center
PD 1 gene,be,used as markers for distinguishing lung adenocarcinoma staging
miRNAs,have become,they are promising for use as biomarkers for various cancer diseases
College of Pharmaceutical Science,is,Guangzhou Medical University
pathologists,is in,Department of Pathology
Department of Medicine,of Department is,BIDMC Genomics
tumor suppressors P53,are,important in cellular senescence
biological data,coupled with,published data from melanoma
Cetuximab,is,only biological agent approved for use
Institute for Pathology,is,University Hospital RWTH Aachen
MEK inhibitor trametinib,was approved for,clinical use
Pembrolizumab,was,approved by FDA for MSI high tumors
Asan Medical Center,is,Ulsan University College of Medicine
Expanded DNT cells,co-cultured with,indicated NSCLC cell lines
induced Bmi1,promotes transition via,PI3K Akt signal Mol Biol Cell 2014
stress response gene,is,involved in CTSL expression regulation under stress conditions in carcinoma cells
miRNAs,are associated As,prognostic biomarkers
targeted therapeutics,has,has developed for treatment of NSCLC
Department of Pathology,of Department is,"University of Colorado , Anschutz Medical Campus"
Taiwan Department of Family and Community Medicine,is,Chung Shan Medical University Hospital
Gene Expression Omnibus microarray GSE28735 cancer microarrays,were analysed from,NCBI Gene Expression Omnibus
human alveolar epithelial cells,were resistant,expressed in cells
miRNAs,are,In view of close relationship between miRNAs presently considered as potential targets for anti-cancer therapies
Department of Translational Medicine,Department of,Department of Laboratory Medicine and Pathobiology
Clinical studies,have noted association with,improved responses after ICI treatment in cancer type
human palmitoyl protein thioesterase 2,is in,major histocompatibility complex
Oral Oncology,of Section is,Fukuoka 812-8582 Japan Maxillofacial Diagnostic
"Department of Systems Biology , College of Bioinformatics Science and Technology",is,Harbin Medical University
radiotherapy,highlighting,importance of R0 resection in HNSCC patients
SCC25 cells,were obtained from,Japanese Collection of Research Bioresources
Oncology,of eDepartment is,Fudan University Shanghai Cancer Center – Institute Merieux Laboratory
Metabolomic analysis,demonstrated,profile from obese EAC patients
National Comprehensive Cancer Network,recommends,BRCA1 2 analysis for all diagnosed with adenocarcinoma
18F FAMT PET CT studies,However are always performed at,our hospital
tissue microarray,was conducted by,Shanghai Biotechnology Corporation
NLRP3 inflammasome,was,demonstrated as negative regulator in liver cancers
Radical esophagectomy,has,has acknowledged with paramount importance in intended therapy for esophageal cell carcinoma
"Department of Preventive Medicine , School of Public Health",Centre for,"Centre for Genetic Epidemiology , School of Life Sciences"
medical imaging,are still main methods for,clinical diagnosis leading to biopsy
Indicated cells,were,cultured in upper chamber with Matrigel for cell invasion detection
treatment BALB c mice,housed in,certified level animal facility at Institute of Radiation Medicine
system cells,analysed with,BD Biosciences
Pembrolizumab,is,humanized monoclonal IgG4 anti-PD-1 antibody consisting of high affinity mouse anti-PD-1-derived region grafted onto human IgG4 immunoglobulin molecule with Fc region for stabilization
phase II clinical trial,is with,EGFR blocking monoclonal antibody cetuximab Int J
Male BALB c mice,were obtained from,Charles River Laboratory Animal CO.
b Wound healing assay,silenced pre-treated,MDA MB 231
Integrative genomic analyses,reveal,clinically relevant RNAs in cancer Nat Struct Mol Biol
Oncology Division,is,Department of Molecular Biology
biomarkers,are needed with,development of biopsy of cancer diagnosis
Proper anatomy,is,particularly crucial to normal swallowing physiology of aspiration
miRNAs,be used as,diagnostic markers for NSCLC
standard anticancer drug,was,performed by assay as previously described
human MIR10B gene,was,For stable expression cloned into pMX IRES Blasticidin vector
cytopathological features,determined by,two experienced cytopathologists
Tehran University of Medical Sciences,University of,Tehran University of Medical Sciences
Whole genome sequencing,provides,new insights into clonal architecture of Barrett ’s esophagus
Pembrolizumab,is,humanized monoclonal IgG4 antibody consisting of affinity mouse variable region grafted onto IgG4 immunoglobulin molecule with engineered Fc region
Colangelo T Polcaro G Ziccardi Proteomic screening,identifies calreticulin as,miR 27a direct target MHC class I cell surface exposure in colorectal cancer Cell Death Dis 2016 7
"Department of Obstetrics and Gynecology , School of Medicine , College of Medicine",is,Taipei Medical University
Background associated tumor suppressor gene,has,has identified as tumor suppressor gene in malignant tumors
Pembrolizumab,is,humanized monoclonal IgG4 antibody consisting of high affinity mouse anti-PD-1-derived variable region grafted with Fc region
nonobese diabetic severe combined immunodeficient xenograft model,reflects,clinical characteristics
Western blot analysis,MEK on,protein lysates from NSCLC cell lines HCC827
College of American Pathologists,is,International Association for the Study of Lung Cancer
Fig. 1 IHC analysis,is in,OSCC tissues
Department of Pulmonology and Immunology,of Department is,Lithuania Department of Heart
Medical Oncology,of Division is,University of Colorado Anschutz Medical Campus
Fibroblast growth factor receptor gene amplification,is,associated with survival in patients with resected squamous cell lung cancer J Clin Oncol
Department of Genome Sciences,of Department is,Department of Epidemiology
Chinese medicine,is,mainly used clinically in combination with ACT
in anti-metastatic activity,has,has demonstrated in various animal tumor models suppression of rat breast cancer metastasis
Sun X Serum microRNA 221,functions as,potential diagnostic marker
Pembrolizumab,is,monoclonal IgG4 antibody consisting of affinity mouse anti-PD-1-derived region grafted with engineered Fc region for stabilization
Hofman V Preoperative circulating tumor cell detection,is,prognostic biomarker
Department of Oncology,Department of,Department of Medical Oncology
MDSCs,have,role in tumor angiogenesis
diagnostic biomarkers,are,with development of biopsy of cancer diagnosis needed for large scale studies
human immortalized cells,were,kindly provided by Key Laboratory of Stomatology
Norwegian OSCC patient,is,representative of OSCC patient in Europe regarding primary site
Pandini G Frasca F Mineo R Sciacca like growth factor I hybrid receptors depending insulin receptor isoform,involved,J Biol Chem 2002 277 39684
EGFR targeted therapy,is,new biologic therapy
B cells,are critical to,antitumor immunity induced by cytotoxic therapy for glioblastoma Neoplasia
anti-mouse CD40 antibody,were purchased from,Elabscience Biotechnology Co. Ltd.
clinical trials,focused on,EGFR TKIs including erlotinib in combination
biomarkers,are,In addition with fast development of liquid biopsy of cancer diagnosis urgently needed for scale prospective studies
serum elevated miR,was proved,diagnostic biomarker
Department of Radiation Oncology,University of,The University of Texas MD Anderson Cancer Center
Department of Mycobacteriology,Institute of,National Institute of Infectious Diseases
Department of Pathology,is,Zhongnan Hospital of Wuhan University
Imaging biomarkers,are,corner stone of modern radiology
Cells,cultured with,2 ng ml active human TGF β1
DWI MRI evaluation,has,has reported as useful tool for tumors from ovarian lesions
single agent nivolumab,was granted,FDA approval for patients with SCLC following based chemotherapy
Major lung resection,may cause,heart failure with left right shunt
Background Epidermal growth factor receptor,is clinically validated target for,therapeutic antibody in management of cancer
Candidate biomarkers,were selected from,high throughput DNA methylation microarrays from TCGA project
expressed miRNAs,have,As matter of fact have studied in cancers
Cells,were,treated with EGF as indicated
KDR VEGFR2 Clinical trials,are,ongoing Bevacizumab Humanized mAb VEGF Individualized treatment
Department of Radiology and Radiation Oncology,of Department is,Ion Beam Therapy Center
medicine,is,mainly used clinically
Pembrolizumab,are,IgG4 antibodies approved as line therapy
THZ1 treatment,suppressed,MYC transcriptional activity
cortical MIAT,reduced in,SCZ of superior temporal gyrus
miRNAs,have,As matter have studied in cancers including lung SCC
texture IBMs,could strongly reflect,intra-tumour heterogeneity
Pembrolizumab,is,IgG4 anti-PD-1 antibody consisting of high affinity mouse region
BH3 profiling,successfully predict response to,targeted therapy in clinical samples
In blood brain barrier assay term melanoma cultures,were obtained from,MBMs
Columbia University Medical Center,is,Hematology / Oncology
National Cancer Institute,chose QLQ C30 as,questionnaire in clinical trials
Proper anatomy,is,particularly crucial to swallowing physiology
Quality of Life in Oncology Unit,is,University Hospital of Besançon
Department of Radiation Oncology,is,University Clinic Augsburg
tumor model in BALB c nude mice,were purchased from,Center of Experimental Animal of Guangzhou University
Faculty of Health Sciences,is,Department of Medical Engineering
Nuclear Medicine,of Department is,Yonsei University College of Medicine
biomarkers,are,are targeted in CAR T cell trials
Respiratory Medicine,of Department is,Teikyo University School of Medicine University Hospital
Department of Urology,is,Yokohama City University Graduate School of Medicine
Jiangsu Provincial Institute of Health Emergency,is,Xuzhou Medical University
Pembrolizumab,is,humanized monoclonal IgG4 anti-PD-1 antibody consisting of affinity mouse region grafted onto human IgG4 immunoglobulin molecule with Fc region
miRNAs,are involved in,significant number of biological processes
Pembrolizumab,is,humanized monoclonal IgG4 anti-PD-1 antibody consisting of affinity mouse anti-PD-1-derived variable region grafted onto IgG4 immunoglobulin molecule with Fc region for stabilization
Colangelo T Polcaro G Ziccardi Proteomic screening,identifies calreticulin as,miR 27a target MHC class I cell surface exposure in colorectal cancer Cell Death Dis 2016 7
SKOV3 cells,were incubated with,amounts of gefitinib
Anti-VEGFR monoclonal antibodies,is,humanized monoclonal antibody
Department of Radiation Oncology,of Department is,Translational Lung Research Center Heidelberg
Department of Molecular Cell Biology,School of,Sungkyunkwan University School of Medicine
human oral tissue protein,was purchased from,BioChain
Department of Radiation Oncology,Hospital ’s,"Daejeon St. Mary ’s Hospital , College of Medicine"
our top 50 miRNAs,be,related miRNAs
mRNAs,were independently selected from,miRNAs
Pulmonology,of bCentre is,Vilnius University Hospital Santariskiu Klinikos
DWI MRI evaluation,has,has reported as tool for malignant tumors from benign lesions
kidney cell line 293T,maintained in,MEM supplemented with 10 % fetal bovine serum
Urologic Surgery,is,Washington University School of Medicine
Department of Clinical Sciences,School of,Sweden3 School of Biotechnology
"Department of Internal Medicine , Institute of Gastroenterology",is,Yonsei University College of Medicine
Clinical T status,were determined mainly via,endoscopic ultrasound performed by endoscopists at our facility
Pembrolizumab,is,humanized IgG4 anti-PD-1 antibody consisting of high affinity mouse region grafted onto IgG4 immunoglobulin molecule with Fc region for stabilization
Faculty of Biology,is,Medicine and Health
Department of Oncology,of Department is,Second Clinical Medical College of Guangzhou University of Chinese Medicine
Potential Tumor Suppressor Gene,Is Inactivated by,Mechanisms in Colorectal Cancer Plos Genet
Timely airway stenting,improves,survival in patients with malignant central airway obstruction Ann Thorac Surg
Clinical data,were collected through,medical record management system
Department of Surgical Pathology,Department of,Cardiovascular
related OPSCC patients,demonstrated protein expression in,immunohistochemistry
Xinhua Hospital,is,Shanghai Jiao Tong University School of Medicine
targeted vaccines,are in,now clinical studies for lung cancer
Surgical Oncology,of Department is,The University of Texas MD Anderson Cancer Center
Background Interleukin 2,is,immunotherapy cytokine for diseases
ECOG Eastern Cooperative Oncology Group,is,CTCA Cancer Treatment Centers of America
Background Cisplatin,is used as,key drug for solid cancers
percutaneous cardiopulmonary bypass support,is with,severe hypercapnia Artif Organs
Yue J Yu Z Tumor marker index,is significant prognostic factor for,patients with resectable esophageal cell carcinoma Cancer Biomark Sect A Disease
VA USA The Toledo Hospital,University of,OH USA Medical University of South Carolina
DCE MRI,was,For study performed in participants with OTSCC from May 2016
Integrative genomic alterations,is in,TCGA dataset of HNSCC tumors
our ddPCR assay,may,with prevalence of HPV related OPSCC may viable mode of high risk patient groups
current tumor staging system,lacks,criteria for diagnosis of MPLC
SRB assay Long term effects,were assessed by,performing clonogenic SRB
clinical genomic approach,was predictive compared,clinical model
MSI dMMR tumors,exhibiting,high level MSI
Paclitaxel ovarian cancer,induced,transplantable breast cancer TAM
Pembrolizumab,is,monoclonal IgG4 antibody consisting of high affinity mouse anti-PD-1-derived variable region grafted
SIRT1 overexpression,is prognosticator for,patients with ESCC
Section of Nuclear Medicine,Department of,Radiology
Department of Thoracic Surgery,is,Fudan University Shanghai Cancer Center
Takeda A Kunieda E Ohashi T Aoki Y Koike N Takeda T Stereotactic body radiotherapy,is in,comparison with primary lung cancer Radiother Oncol
engrafted primary tracheal cells,gave rise to,well differentiated mucociliary epithelia
prognostic biomarker,is in,NSCLC pathogenesis
bound antibody,subsequently was conjugated with,conjugated antibody
Xenograft assay BALB c mice,were purchased from,SLAC Laboratory Animal Co.
Pembrolizumab,was,approved by FDA for treatment of patients with advanced melanoma
Department of Global Public Health and Primary Care,of Department is,Norwegian Institute of Public Health
Peter Doherty Institute for Infection and Immunity,at Department is,Australia Department of Microbiology and Immunology
NPC xenograft tumor growth mode BALB c mice,were purchased from,Medical Experimental Animal Center of Guangdong Province
Stem Cells,for Laboratory is,China6 Department of Cardiothoracic Surgery of East Division
Human bronchial cells 16HBE,were provided by,tumor Cell Library of Chinese Academy of Medical Sciences
distinctive TME,response to,PD 1 antibody
Faculty of Medicine,Department of,Department of Internal Medicine
Department of Oral Molecular Pathology,is,Institute of Biomedical Sciences
StemPro Accutase Cell Dissociation Reagent,were,bought from Thermo Fisher Scientific Inc.
Anti-VEGFR monoclonal antibodies,is,humanized monoclonal antibody against VEGFR
Nanjing Stomatological Hospital,Hospital of,First Affiliated Hospital of Bengbu Medical College
our ddPCR assay,may,with rising prevalence of HPV related OPSCC may viable mode of high risk patient groups
NSCLC cells,were,For reporter assays co-transfected with type reporter plasmid
Eighteen female BALB c mice,was injected with,PC3 cells
National Cancer Institute,Institutes of,National Institutes of Health
Upper GI Clinical Studies Group,is of,National Cancer Research Institute UK
VU 147T cells,were,cultured in DMEM F12 with 10 % bovine serum
Pembrolizumab,is,humanized IgG4 antibody consisting of high affinity mouse region grafted onto IgG4 immunoglobulin molecule
diagnostic biomarker,is,To date serum CA19 9 level
Denmark3 Department of Radiology,is,Aalborg University Hospital
Department of Surgery,is,Keio University School of Medicine
Department of Radiotherapy,of Department is,Faculty of Medicine and Health Sciences
Pembrolizumab,is,is tested in combination with MRI guided laser ablation in patients with GBM
our electronic medical records system,identify,men treated at Yunnan cancer hospital in China
based doublet chemotherapy,standard for,treatment of NSCLC with type epidermal growth factor receptor
Immunotherapy Response Assessment,is in,Neuro Oncology criteria
anti-CTLA-4 antibody ipilimumab,is in,clinical trials
Department of Laboratory Medicine and Pathobiology,of Department is,University Health Network
Department of Pathology,of Department is,USA2 Department of Pathology
our miRNAs,were proved,breast cancer related miRNAs
biofilm,Even constitutes,main etiological factor for diseases
Basic Medical Sciences,of College is,Luohe Medical College
Department of Pulmonology and Immunology,Department of,Lithuania Department of Heart
DWI MRI evaluation,has,has reported as tool for differentiating malignant tumors
clinical molecular variable model,However showed performance based,based only clinical variables in model
integrated positron emission computerised tomography,is in,patients with non-small-cell lung cancer Eur J Cardiothorac Surg
Several CAR T cell products,are under,active clinical trials
Human microvascular cells,were purchased from,ScienCell Research Laboratories
SKOV3 cells,were,incubated with combination of JAKi at JAKi gefitinib molar ratios
Pembrolizumab,is,is tested in combination with bevacizumab with MRI guided laser ablation in patients
Siolas D Hannon GJ derived tumor Xenografts,transforming,clinical samples
Tumour staging,is done through,clinical investigations
single agent gemcitabine,was,Despite its limited activity first line treatment for patients with advanced disease
MBT cells,analyzed with,BrdU PI staining
three genomic measures,were used,covariates help in selecting genes in lung cancer classifier
Background Cisplatin,is used as,key drug for cancers
Primary Sjögren ’s syndrome,is,autoimmune disorder characterized
Oncological Pathology,is,Shantou University Medical College
specific shRNA,Conversely was stably expressed in,UM SCC 14A cells with expression
Department of Medical Oncology,of Department is,Victoria 3168 Australia Department of Surgery
our top 50 miRNAs,were proved,breast cancer related miRNAs with accuracy of 100 %
Immunology Database,is critical repository for,clinical data
Drug Brand name Manufacturer Targets Applications,Approved,years Erdafitinib Balversa Janssen FGFR1 4 advanced cancer
human dickkopf WNT signaling pathway inhibitor 3,of regions is,SMAD specific E3 ubiquitin protein ligase 2
based assay,have,access to pembrolizumab in event of assay
Pulmonary Medicine,College of,Hanyang University College of Medicine
Genetic based synthetic therapy,are,directly targeted at activated oncogenes
BRAF MEK inhibitors,showed benefit of,epidermal growth factor receptor
Pembrolizumab,was,approved by FDA for treatment of patients with IPI treated melanoma
HPV genotyping,revealed,strong bands specific for HPV6 11
Bruton 's tyrosine kinase inhibitor ibrutinib,exerts effects through,regulation of infiltrating macrophages Oncotarget 2017
Department of Radiation Oncology,of Department is,University Hospital
human bronchial epithelial cells,were maintained according,protocol provided by Clonetics
Research Radiotherapy,combined with,gefitinib for patients with advanced cell lung cancer
DCE MRI,was carried out immediately after,DW MRI
Department of Pulmonology and Immunology,University of,Lithuanian University of Health Sciences
MCC950 treatment,blocked,NLRP3 inflammasome
Several clinical trials,have shown,benefits of CHM in cancer chemoprevention
Thoracic surgeon,is more and more familiar with,use in era of lung transplantation
clinical drug library screen,identifies clobetasol propionate as,NRF2 inhibitor with potential efficacy
biomarkers,is with,vaccine in ipilimumab refractory melanoma J Clin
Pembrolizumab,is,IgG4 anti-PD-1 antibody consisting of high affinity mouse anti-PD-1-derived region grafted with Fc region for stabilization
Department of Oncology,is,Wayne State University School of Medicine
Department of Oncology,is,First Hospital of Qinhuangdao
in anti-metastatic activity,has,has demonstrated in animal tumor models suppression of rat breast cancer metastasis
Belgium Radiology,is,University Hospitals Leuven
Department of Medical Oncology,of Department is,Sun Yat - Sen University Cancer Center
"OrigiMed Co. , Ltd",Ministry of,Ministry of Public Health
diagnostic biomarkers,are needed with,development of biopsy
Pembrolizumab,is,humanized monoclonal IgG4 antibody consisting of high affinity mouse anti-PD-1-derived variable region grafted onto IgG4 immunoglobulin molecule with engineered Fc region
tumor model Male nude mice,were purchased from,Henan Research Center of Laboratory Animal
HRM MAF titration,was,conducted by MAF in mixed DNA sample
SAS cells,were,For generation of TRAF6 knockdown cell line transfected with lentiviral vector
important biomarkers,form signature in,stratifying adenocarcinoma
General Internal Medicine,is,Department of Medicine
KF Zhang L Huang CD163 macrophages,correlated,cells in squamous cell carcinoma BioMed research
Tumor Mutational Burden,has emerged as,promising biomarker in setting
Current clinical trials,focused on,EGFR TKIs including erlotinib in combination
targeted NGS,identify,patients with SCLC
protein kinase,is localized through,its specific association in cells
thyroid transcription factor 1,is in,adenocarcinoma of lung Arch Pathol Lab Med
phase II clinical study,using,radiotherapy combined
Oncologists,should use,biomarkers
Department of Microbiology and Immunology,is,Schulich School of Medicine & Dentistry
Pembrolizumab,is,humanized IgG4 antibody consisting of affinity mouse anti-PD-1-derived variable region grafted
KYSE510 cells,were,For lung metastasis model injected into NOD SCID mice
"Department of Internal Medicine , Division of Oncology",School of,Washington University School of Medicine
based chemotherapy,was therapy for,advanced NSCLC
clinical application,has further confirmed,role of EGFR in development of RAC
Department of Pathology,is,School of Medicine
Department of Dentistry,is,School of Dentistry
Acknowledgements DCE MRI,was conducted at,MRI Core Facility
medical imaging,are still main methods for,clinical diagnosis leading eventually to biopsy
miRNAs,may represent,biomarkers
Gene status,correlates with,patterns in patients with cancer J Clin Oncol
Pembrolizumab,is,is studied in combination with ipilimumab
Department of Pathology,of Department is,Lithuanian University of Health Sciences
miRNAs,were found Out,2578 mature miRNAs unique to human
MIR10B gene,was,For expression in immortalized RDEB KCs cloned downstream of constitutive Pol III U6 promoter
Radical esophagectomy,has,has acknowledged with paramount importance for esophageal squamous cell carcinoma
Department of Internal Medicine,Department of,Department of Global Health
Department of Radiotherapy,is,Sun Yat - sen University Cancer Center
ddPCR Cells,transferred in,AM7021 ThermoScientific
"Department of Biology , College of Science",Department of,"Department of Virology , School of Public Health"
Uterine corpus involvement,is,predictor of metastasis in uterine cancer J Gynecol Oncol 2008 19 181 184
Department of Cardiothoracic Surgery,of Department is,Second Military Medical University
Oncologic Surgery Department,is,Institut de Cancérologie de Lorraine
metabolomics,reveal,effect of Saponins against ischemic stroke in rat
Department of Medical Oncology,Department of,Australia Department of Surgery
T cells,is with,STAT1 cells Th1 derived IFN
Otolaryngology,Department of,Department of Immunology and Microbiology
AChE binding tail PRiMA,is,regulated with dystrophy by merosin deficiency Chem Biol Interact 2013 203 330 334
Research Neoadjuvant concurrent chemoradiotherapy,followed by,total mesorectal excision assisted for rectal adenocarcinoma
MUC16 CA125 antigen,is,Moreover serum marker for diagnosis of ovarian cancer
Department of Epidemiology and Biostatistics,Institute for,EMGO Institute for Health and Care Research
Department of Otorhinolaryngology,is,Affiliated Cixi Hospital of Wenzhou Medical
neuropilin isoform NRP2b,supports,TGF beta mediated progression in lung cancer Science Signaling
Pastina P Nardone V Croci S Anti-cancer activity,is,paralleled by immune modulation in advanced squamous NSLC patients J Thorac Dis
KYSE 180 cells,demonstrated tendencies,as observed in KYSE 170 cells
MDA MB 231 metastatic tumors,were observed after,LPA treatment on visceral organs
Pembrolizumab,is,IgG4 anti-PD-1 antibody consisting of affinity mouse anti-PD-1-derived region grafted with Fc region
Department of Oncology,of Department is,Department of Medical Oncology
Sunitinib Solid tumors NCT02484404 PD 1,is with,SBRT Multi-kinase inhibitor
based chemotherapy,has,has established as core therapy
stem cell exosomes,promote,regeneration Acta Biomater 2019 89 252 264
Tyrosine Kinase Inhibitor Resistance,is with,Allele specific DNAzyme Molecular therapy Nucleic acids
Pembrolizumab,is,humanized monoclonal IgG4 anti-PD-1 antibody consisting of affinity mouse anti-PD-1-derived region grafted onto IgG4 immunoglobulin molecule with engineered Fc region
Oncology,of Laboratory is,China2 Department of Geratology
Belgium6 Department of Pathology,is,Antwerp University Hospital
Department of Medical Oncology,Affiliated to,Tongji Medical College of Huazhong University of Science and Technology
Huang stimulated TGF beta1 expression,is,regulated by mitogen activated protein kinase in mesangial cells Kidney Int
Samsung Medical Center,is,Sungkyunkwan University School of Medicine
Pembrolizumab,are,human IgG4 monoclonal antibodies approved as second line therapy for HNSCC by US FDA
Multiple clinical trials,have,for mucinous colorectal adenocarcinoma have performed
targeted therapeutics,are,Since are clinically evaluated as promising option
VEGFR targeting antibody ramucirumab,was,approved by Food Administration in United States for advanced gastric junction adenocarcinoma patients
AKT inhibitor AZD5363,sensitizes,patient derived gastric cancer xenograft model with PTEN loss
Discussion LncRNAs,exert effects by,competing for miRNAs
Department of Oncology,Department of,Department of Oncology
USA2 Center for Quantitative Sciences,is,Vanderbilt University Medical Center
Bcl 2 family,function via,their interaction with core autophagy factor Beclin family
Tumor differentiation,may,may categorized as variables with stage tumor like grade dysplasia carcinoma
biomarkers,are,with fast development of liquid biopsy of cancer diagnosis urgently needed for scale studies
5 Fluorouracil transplantable murine CRC,favored MDSC differentiation,immunosuppression in context of FOLFIRI Kanterman et al
clinical treatment,should differ due,biological behaviour of adenocarcinoma
Pembrolizumab,is,is currently tested in combination with bevacizumab with MRI guided laser ablation in patients
Cancer Genome Atlas Clinical Explorer,is summary of,proteomic data organized by cancer type
Department of Radiology,is,Peking Union Medical College Hospital
Department of Medical Parasitology & Mycology,of Department is,Shiraz University of Medical Sciences
Cells,incubated followed,incubation with conjugated antibody
only diagnostic biomarker,is,serum CA19 9 level
Lorlatinib,demonstrated,clinical activity in NSCLC patients with ROS1 fusion
Thoracic surgeon,is more familiar with,use of ECMO in era of lung transplantation
aImmunology Research Center,is,Mashhad University of Medical Sciences
biomarker DR70,showed sensitivity with,high diagnostic value for lung carcinoma
Institute of Human Genetics,of Institute is,Thoraxklinik at University Hospital Heidelberg
"Department of Biostatistics , School of Public Health",of Department is,Harbin Medical University
Cells,were,incubated with labeled human anti-MAGE-A1 antibody in dark
Key Laboratory of Obstetric & Gynecologic and Pediatric Diseases and Birth Defects of Ministry of Education,is,West China Second University Hospital
In blood brain barrier assay Short term melanoma cultures,were obtained from,MBMs
National Hospital Organization Osaka National Hospital,is,Kobe University Hospital
human immortalized epithelial cells,were,provided by Key Laboratory of Stomatology
Pembrolizumab,is,is currently tested in combination with MRI guided laser ablation
Western blot analysis,revealed,effect of miR 205 on CDK2AP1 expression
Yue J Yu Z Tumor marker index,is factor for,patients with esophageal squamous cell carcinoma Cancer Biomark Sect A Disease
National Cancer Center / National Clinical Research Center for Cancer / Cancer Hospital,is,Chinese Academy of Medical Sciences and Peking Union Medical College
engrafted tracheal cells,gave rise to,well differentiated mucociliary epithelia
DCE MRI,was,In study performed in patients with OTSCC
Cell animal experiments confirmed,explore,role on cisplatin resistance by NCOR2
outcome fitness Cardiopulmonary fitness,will,will determined by cardiopulmonary exercise test gold standard measure
biomarkers,are urgently needed with,development of biopsy
Clinical applications,would require,standardization of assays including determination for tumors with TMB
CD133 breast CSCs,also have,BMI1 expression
National Center for Biotechnology Information,is,NCBI
Zhang SE associated fibroblasts,contribute via,miR 34a 5p EBioMedicine
epidermal growth factor receptor,is,As cell membrane receptor highly expressed in various types of cancer
IL gene,was,originally discovered by subtraction hybridization method by human melanoma cells to terminal differentiation
"Graduate Institute of Medicine , College of Medicine",of Institute is,Kaohsiung Medical University
Brain metastases,are site in,patients with SCLC
Research Neoadjuvant concurrent chemoradiotherapy,followed by,transanal excision assisted
Pembrolizumab,are,human IgG4 antibodies approved as second line therapy
Lawson Imaging Research Program,School of,Schulich School of Medicine and Dentistry
regulated miR 125b expression,was associated with,radioresistance mechanisms in oral squamous cell carcinoma
laryngeal anatomy,is,crucial to physiology
Kelley RK Wang G Venook AP Biomarker Use,is in,Colorectal Cancer Therapy J Natl Compr Canc Netw
Conclusions DCE MRI,may provide,information on fraction of squamous cell carcinoma of cervix
Research Neoadjuvant chemoradiotherapy,followed by,mesorectal excision assisted for adenocarcinoma
Microbiology and Immunology,is,Department of Oral Biology and Tissue Engineering
Department of Radiology and Radiotherapy,is,Fondazione IRCCS Istituto Nazionale dei Tumori
mRNA expression demonstrated,is considered,most specific marker for biologically relevant HPV infection
Department of Radiation Oncology,Department of,South Korea3 Department of Radiology
Department of Urology,is,Chonnam National University Medical School
Tehran University of Medical Sciences,of University is,Tehran University of Medical Sciences
bound primary antibody,was conjugated with,conjugated antibody
growth factor receptor tyrosine kinase inhibitors,have,In past few decades have used as targeted therapy for patients
Department of Medical Laboratory Science and Biotechnology,is,China Medical University
Computed Tomography,documented in,right ventricle
promising therapeutic target,is in,Cancer Front Oncol 2016
exosomic miR level,may,may potential prognostic biomarker
Stem Cells,for Laboratory is,China3 Department of Biochemistry
Shandong Cancer Hospital and Institute,Department of,China Department of Internal Medicine
Pulmonology Service,is,Thoracic Department
Bayes tree,was,As result powerful model for diagnosis
bronchial cells 16HBE,were kindly provided by,tumor Cell Library
BH3 profiles,be,associated with treatment response in esophageal cancer serve
diagnostic biomarkers,are,In addition with fast development of biopsy of cancer diagnosis needed for large scale studies
best preclinical PDX models,further evaluate,antitumor activity of SHR6390
KF Zhang L Huang CD163 associated macrophages,cells in,oral cell carcinoma Biomed Res Int
College of Medicine,is,Kaohsiung Medical University Hospital
human TCF 1 gene,encodes,protein uniquely expressed in T lineage lymphocytes Blood 1995 86 8 3050 3059 75793 99 20
biomarkers,are,In addition with development of biopsy of cancer diagnosis needed for scale studies
Department of Pathology,is,School of Dental Medicine
Conclusions RNA circSATB2,can regulate FSCN1 expression via,direct binding to miR 326
human normal bronchial cell line,was used as,control cell line
T cells,is in,total PBMCs
Eastern Cooperative Oncology Group trial J Clin Oncol,Am,Soc Clin Oncol
Institute of Global Health,Faculty of,Medicine
Center of Medicine and Clinical Research,Faculty of,Faculty of Health Sciences
Clinical translation PARP inhibitors,are well established in,treatment of mutated breast
Research Neoadjuvant concurrent chemoradiotherapy,followed by,transanal mesorectal excision assisted for lying rectal adenocarcinoma
Shah KN Bhatt R Rotow J Rohrberg J Olivas V Wang VE Aurora kinase,drives evolution to,third generation EGFR inhibitors in lung cancer Nat Med
driven biomarkers,guide,immune checkpoint blockade in cancer therapy Nat Rev Cancer
MDA MB,transduced For,tumor model
Department of Rehabilitation Medicine,of Department is,First Affiliated Hospital of Nanjing Medical University
Masuda M Methotrexate,is,excreted into bile by multispecific organic anion transporter in rats Cancer Res
Aurora kinase inhibitors,were effective against,SCLC cell lines
Department of Oncology,Center for,Center for Applied Medical Research
Department of Interventional Radiology,Department of,Department of Imaging
increasing BMI,was protective,BMI indicated
Pembrolizumab,is,humanized monoclonal IgG4 antibody consisting of affinity mouse region grafted onto IgG4 immunoglobulin molecule with Fc region for stabilization
Pembrolizumab,are,human IgG4 anti-PD-1 monoclonal antibodies
Department of Haematological Medicine,is,King ’s College Hospital NHS Foundation Trust
Pembrolizumab,is,IgG4 anti-PD-1 antibody consisting of high affinity mouse anti-PD-1-derived region grafted
Human mesenchymal stem cells,efficiently manage,oxidative stress Stem Cells
biological role,is in,Clin Cancer Res
UM SCC cell lines,test,effect of WNT974 on tumor growth on CAM on metastases
Clinical application,is under,development for treatment of cancers caused
clinicopathological significance,However mechanisms of,miRNAs
Lung Institute,Department of,PA USA Department of Medicine
Our hospital,is,professional diagnosis of esophageal cancer in China
HRM MAF titration,was,conducted by MAF in mixed DNA sample from 10 % to 0.005 % of Ex19_std in DNA concentration assay
three genomic measures,were used,covariates to help in selecting genes with lung cancer associated gene expression
KYSE510 cells,were,For xenograft model injected
human Evi5 gene,was,originally isolated in patient with constitutional chromosome translocation
Bocca P Di Carlo E Caruana mediated tumor vasculature remodelling,improves tumor infiltration in,neuroblastoma preclinical model
Xenografted tumor model Male mice,were purchased from,Henan Research Center of Laboratory Animal
human cells,stained with,indicated antibodies
Lgr5 cells,be,origin of invasive carcinoma specifically in histotype
"Bucheon St. Mary ’s Hospital , College of Medicine",Hospital ’s,"Seoul St. Mary ’s Hospital , College of Medicine"
Oncology,of Division is,Stanford University School of Medicine
Dental Disease Research Center,is,Zahedan University of Medical Sciences
USA Hamon Center for Therapeutic Oncology,is,The University of Texas Southwestern Medical Center
hippocampal gyrus,manages memory As,important gyrus area
Such clinical significance,could,could confirmed by bioactivities with interference
Washington University School of Medicine,of School is,MO USA Medical Oncology
specific immunohistochemical markers,can,Thus can very useful in correct diagnosis of rectal cancer
Department of Medical Oncology,Hospital of,First Affiliated Hospital of Guangxi Medical University
clinical records diagnosed,were obtained,cancer imaging archive
Department of Radiation Oncology,is,Catalan Institute of Oncology
Tumor differentiation,may,may categorized with early stage tumor like grade dysplasia carcinoma
Xenografted tumor model in Female BALB c nude mice,were purchased from,Center of Guangzhou University of Chinese Medicine
Dana - Farber Cancer Institute,is,Harvard Medical School
Department of Pathology,is,National Hospital Organization Kure Medical Center
next generation TRK kinase inhibitor,overcomes resistance to,TRK kinase inhibition in patients with TRK fusion positive tumors Cancer Discov
Department of Medicine and Molecular Science,is,Graduate School of Medicine
Critical Care Medicine,is,Department of Medicine
B cells,play roles in,TME of tumors
Peripancreatic major vessel invasion,was evaluated based,length of tumor vessel contact on MDCT
CCR2 cells,potential of,cell specific molecular imaging techniques for diagnosis of lung IRI
Cancer Genome Atlas Research Network Comprehensive characterization,defines,human glioblastoma genes
Autoantibody signatures,combined as,biomarker panel detection nasopharyngeal carcinoma Cancer Prev Res
radical tumor resection,are,crucial for cure in many types of tumors
Cell proliferation assay,were,For Cell Counting Kit 8 plated at density
umbilical endothelial formation,was inhibited by,anlotinib supernatant
H650 cells,displayed sensitivity in,our T cell mediated lung cancer cell killing assays
Belgium Leuven Cancer Institute,is,University Hospitals Leuven
Nuclear Medicine,of Department is,Korea Department of Radiology and Research Institute of Radiological Science
KYSE510 cells,were,For lung metastasis model injected into NOD SCID mice through tail vein
Luciferase reporter gene vector,were co-transfected into,HEK293T cells
Representative axial PET CT image,shows,level III lymph node compatible with HNSCC
diagnostic biomarkers,are,In addition with development of biopsy of cancer diagnosis needed for scale studies
parahippocampal gyrus,showed,BM involvement
"Department of Public Health , College of Medicine",Division of,Gastroenterology
Department of Dermatology,of Department is,Shanghai University of Traditional Chinese Medicine
Department of Medical Oncology,is of,Cancer2051 - 1426BioMed Central London
tumor suppressor miRNA,let,7a 1 gene as direct target
Otorhinolaryngology,of Department is,Juntendo University School of Medicine
Needle Aspiration Cytology,has,has adopted as primary diagnostic procedure for breast
Yoest J Clinical,pathophysiology of,events in checkpoint inhibitor treatments in cancer
q Colon formation assay,proliferation of,BEAS 2B cells
FLO1 cells,were seeded on,esophageal fibroblast matrix
Tumorsphere formation assay,showed,effect of JARID1B knockdown
Johnson Douglas B. Vanderbilt University Medical Center,is,"Department of Medicine , Division of Hematology and Oncology"
Front BMC CancerBMC CancerBMC 2407BioMed Central London 26475437173710.1186 s12885 -015-1737-4Research ArticleClinical,is in,intrahepatic cholangiocarcinoma Lee Kyung Hun
MIR10B gene,was,For expression in immortalized RDEB KCs cloned into pMX IRES Blasticidin vector
biomarker panel,shows,improved sensitivity for detection of ovarian cancer
biomarkers,are,with fast development of liquid biopsy of cancer diagnosis needed for scale studies
Pembrolizumab,is,IgG4 anti-PD-1 antibody consisting of high affinity mouse variable region grafted with engineered Fc region
Sade Feldman M T cell states,associated with,response in melanoma Cell 2018 175 998 1013
State Key Laboratory of Genetic Engineering and Ministry of Education Key Laboratory of Contemporary Anthropology,of Laboratory is,China Department of Pneumology
Pembrolizumab,is,IgG4 anti-PD-1 antibody consisting of affinity mouse variable region grafted with engineered Fc region
NSCLC cell line A549,was purchased from,Shanghai Institute of Cell Biology
Pembrolizumab,is,humanized IgG4 antibody consisting of high affinity mouse anti-PD-1-derived variable region grafted with engineered Fc region for stabilization
Background Cisplatin,is used as,key drug for cancers including lung cancer
Pembrolizumab,is,monoclonal IgG4 anti-PD-1 antibody consisting of high affinity mouse anti-PD-1-derived variable region grafted with engineered Fc region for stabilization
growth factor receptor tyrosine kinase inhibitors,have,In past few decades have commonly used as targeted therapy
Department of Nasopharyngeal Carcinoma,of Department is,Sun Yat - sen University Cancer Center
clinical treatment,should differ due,biological behaviour of mucinous adenocarcinoma
Department of Internal Medicine,of Department is,Zhejiang University School of Medicine
Guangdong Key Laboratory for Research and Development of Natural Drugs,for Laboratory is,Marine Medical Research Institute
Hong X Cui B Wang L Xu Q Systemic inflammation index,is useful for,predicting prognosis in cell lung cancer Tohoku J Exp Med
Pembrolizumab,is,humanized monoclonal IgG4 anti-PD-1 antibody consisting of affinity mouse anti-PD-1-derived variable region grafted onto human IgG4 immunoglobulin molecule with engineered Fc region
Tumor bearing mice model construction BALB c male nude mice,were purchased from,Beijing Laboratory Animal Research Center
Bae J Hideshima T Tai YT Song Y Richardson P Raje N Histone deacetylase inhibitor ACY241,enhances,activities of antigen specific central memory cytotoxic T lymphocytes
CA USA Departments of Pediatrics and Molecular Microbiology & Immunology,is,Norris Comprehensive Cancer Center
Western blot analysis,expression in,panel of human OSCC cell lines
employing single biomarkers,capture,tumor biological features linked with CTC enrichment
Department of Medical Genetics,of Department is,Urogenital Stem Cell Research Center
dResearch Center for Biochemistry and Nutrition,for Center is,Kashan University of Medical Sciences
guided lung lobe segmentation,is in,Med Imaging IEEE Trans
Pembrolizumab,is,humanized monoclonal IgG4 anti-PD-1 antibody consisting of affinity mouse anti-PD-1-derived variable region grafted with Fc region
intra-arterial chemotherapy,is,facilitated by implantation via Jet Port Allround catheters
"Graduate Institute of Medicine , College of Medicine",of Institute is,Kaohsiung Medical University Hospital
Primary Sjögren ’s syndrome,is,chronic autoimmune disorder characterized
Department of Surgery,of Department is,Department of Pathology
fClinical Research Development Center,University of,Shahid Beheshti University of Medical Sciences
Li N Maly DJ Chanthery YH Sirkis DW Nakamura JL Berger MS Radiotherapy,followed by,aurora kinase inhibition targets cells in human glioblastoma Mol Cancer Ther 2015 14 419 428
AChE binding tail PRiMA,is,regulated in muscle of mice by merosin deficiency Chem Biol Interact 2013 203 330 334
medial laparotomy,was,performed with surgical resection of anterior area with left nephrectomy
Department of Oncology,of Department is,Shanghai University of Traditional Chinese Medicine
Gonzalez Rivas D de la Torre M Fernandez R Mosquera VX port assisted left lobectomy,Interact,Cardiovasc Thorac Surg 2011 13
dMolecular Oncology Research Center,is,Barretos Cancer Hospital
exosomic miR -222-3p level,may,may potential biomarker for gemcitabine sensitivity in NSCLC patients
main cellular component,were,evaluated in BALF after irradiation
specific shRNA,was stably expressed in,UM SCC 14A cells
potential prognosis biomarker,is in,triple negative breast cancer Pharmacol Res
Graduate Institute of Life Sciences,of Institute is,Chung Shan Medical University Hospital
Thoracic Oncology,of Department is,Cancer Center
immunohistochemistry,is with,EGFR antibody
HRM MAF titration,was,conducted by MAF in mixed DNA sample from 10 % in total DNA concentration assay from 0.25 ng μl
T cells,suppress growth in,derived xenografts of hepatocellular carcinoma Front Immunol 2016
MNSC cells,were,treated with MiR 126 mimetic at increasing concentration
DWI MRI evaluation,has,has yet reported as useful tool for differentiating malignant tumors
our ddPCR assay,may,Moreover with prevalence of HPV related OPSCC may viable mode of high risk patient groups
Primary human alveolar cells,were from,Cell Biologics
clinical trial data,is with,ICOS agonist GSK3359609
"Department of Biology , College of Science",of Department is,"Department of Virology , School of Public Health"
Brigatinib,overcomes,osimertinib resistance in mutated non-small-cell lung cancer
based chemotherapy,be reasonable for,patients with SCLC
Dox tg transgenic line,was obtained from,Jackson laboratory
Department of Radiation Oncology,of Department is,Department of Radiology
Department of Internal Medicine,is,University of Michigan Comprehensive Cancer Center
Esophageal cancer Tumor suppressor NOTCH3,inhibits,TGF β mediated EMT
Tumor staging,was determined according,seventh edition tumor node metastasis classification
Pembrolizumab,is,IgG4 anti-PD-1 antibody consisting of high affinity mouse region grafted with Fc region for stabilization
Vascular endothelial growth factor,combination of,anti-angiogenic therapy with based doublet chemotherapy
medical imaging,are main methods for,clinical diagnosis leading eventually
pembrolizumab,are,currently approved anti PD 1 treatments for cancer types
targeted PI3Kα inhibition,is under,active clinical investigation for HNSCC patients
Clinical applications biopsy,is,new diagnostic tool performed on blood
Ongoing early phase oncology trials,focuses solely on,early phase oncology trials at MDACC mainly
OSCC tissues,further evaluate,clinical significance
B cells,are critical to,T cell mediated antitumor immunity induced by therapy for glioblastoma Neoplasia
Human PECAM1 CD31,were analyzed in,series established from 8 tumor types
human immortalized epithelial cells,were,provided by Key Laboratory
Department of Radiation Oncology,is,National Cancer Center / National Clinical Research Center for Cancer / Cancer Hospital
NLRP3 inflammasome,is in,SCCNH cell line
CT coronary angiography,alternative to,traditional invasive angiography for screening
Pulmonary Medicine,of Department is,Chinese Academy of Medical Science
biomarkers,are,with fast development of liquid biopsy of cancer diagnosis needed for scale prospective studies
Environmental Medicine,is,Kaohsiung Medical University
Department of Biochemistry and Molecular Biology,School of,Medicine
CBCT acquisition Patients,underwent,based CBCT scan for correction
bilateral pulmonary resection,is considered Compared,bilateral pulmonary resection
Ramnath N Neill H Induction chemotherapy,followed compared,chemoradiotherapy for advanced stage III Non-small-cell lung cancer
Inadomi K Kumagai H Arita S Tsuruta N Takayoshi K Mishima K Ota S Tanaka M Okumura Y Sagara K Bi-cytopenia,possibly induced by,anti-PD-1 antibody for malignant melanoma
prognostic biomarker,is in,clinical use
AKT inhibitor AZD5363,sensitizes,cancer xenograft model with PTEN loss
Pembrolizumab,is,humanized monoclonal IgG4 anti-PD-1 antibody consisting of high affinity mouse variable region grafted onto IgG4 immunoglobulin molecule with engineered Fc region
AGS Gr cells,were transfected with,siRNA targeting CCKBR
miRNAs,had,matching sites of MIAT
Genetic based synthetic therapy,are,Currently directly targeted at oncogenes
Lozza L Mariani G Di Cosimo S Gennaro M Radiotherapy,is with,anti-programmed cell death ligand 1 immune checkpoint blocker avelumab
Pembrolizumab,is,humanized IgG4 anti-PD-1 antibody consisting of high affinity mouse region grafted onto IgG4 immunoglobulin molecule
RNActive cancer immunotherapy,containing,optimized mRNAs
targeted antibodies,have also demonstrated,cetuximab
MOE Key Laboratory of Bioinformatics,Division of,Bioinformatics and Center for Synthetic and Systems Biology
Department of Medicine,is,Yale School of Medicine
Dermatology,of Department is,University Hospital of LMU
Pediatric Radiology,is,Bern University Hospital
Investigational drugs PLX 9486 Plexxikon KIT,Combined with,pexidartinib for KIT GIST
right hemicolectomy,was performed following,strict oncologic principles with bloc resection
human cells,were stained marker CD45 for,specific marker CD326 EpCAM
Pembrolizumab,is,humanized monoclonal IgG4 antibody consisting of affinity mouse region grafted with Fc region
Department of Gynecological Radiotherapy,is,Affiliated Cancer Hospital of Xinjiang Medical University
Department of Pathology,of Department is,Ataturk University School of Medicine
pembrolizumab,are,approved anti PD 1 treatments for cancer types
Research Dual EGFR blockade,combined with,anti-VEGF antibody bevacizumab in solid tumors
Department of Medical Parasitology & Mycology,of Department is,Molecular Dermatology Research Center
cCentre de Recherche du Centre Hospitalier de l’Université de Montréal,Department of,Department of Pathology
VEGFR targeting antibody ramucirumab,was,approved by Food Administration in United States for advanced gastric junction adenocarcinoma patients with progression on chemotherapy
targeted tyrosine kinase inhibitors,have shown,tumor response in NSCLC
Human bronchial epithelial cells 16HBE,were provided by,tumor Cell Library of Chinese Academy of Medical Sciences
Department of Surgery,School of,School of Public Health
State Key Laboratory of Genetic Engineering and Ministry of Education Key Laboratory of Contemporary Anthropology,of Laboratory is,China Human Genetics Center
Bevacizumab,was,FDA approved anti-VEGF monoclonal antibody
biomarkers,should incorporate,features of tumor leading to assessment of tumor biology
clinical data,were collected as,data from EMRs
Department of Oncology,of Department is,Guangdong Provincial Hospital of Chinese Medicine
Pembrolizumab,is,humanized monoclonal IgG4 anti-PD-1 antibody consisting of high affinity mouse variable region grafted onto IgG4 immunoglobulin molecule
Department of Surgery,of Department is,Department of Radiology
miRNAs,Moreover can change,expression of NKG2D immunoreceptor ligands
Sagittal resonance imaging study,showing normal high intensity signals in,posterior lobe pituitary
European Organization for Research and Treatment of Cancer,of Treatment is,National Cancer Institute of Canada J Natl Cancer Inst
our miRNAs,were proved,to miRNAs with accuracy
HRM MAF titration,was,conducted by MAF in mixed DNA sample from 10 % to 0.005 % of Ex19_std in increasing DNA concentration assay from 0.25 ng
human IgG4 monoclonal antibodies,approved as,second line therapy metastatic HNSCC US FDA
Verardo R Piazza S Klaric E Ciani Y Bussadori G Marzinotto S Specific mesothelial signature,marks heterogeneity from,high grade ovarian cancer Stem Cells
Department of Radiation Oncology,of Department is,Harvard Medical School
medicine,is,mainly used clinically in combination with ACT
Tumor staging,was determined according,seventh edition tumor node metastasis classification of American Joint Committee
Background Epidermal growth factor receptor,is target for,cetuximab
ERK1 2 polyclonal antibody,was commercially provided by,Santa Cruz Biotechnology Inc.
Integrative genome analyses,identify,key somatic driver mutations of small cell lung cancer
human ESCC cell line TE cells,were obtained from,Cell Bank of Shanghai Institutes
Pembrolizumab,is,monoclonal IgG4 antibody consisting of high affinity mouse anti-PD-1-derived region grafted
SPC A-1 cells,were transduced with,indicated lentiviruses
Immunotherapy,was administered in,setting of clinical trial
distinctive immunological TME,response to,PD 1 antibody
diagnostic biomarkers,are,In addition with development of liquid biopsy of cancer diagnosis needed for scale studies
Department of Pathology,of Department is,Chinese Academy of Medical Sciences and Peking Union Medical College
USA2 Department of Urologic Oncology,is,School of Medicine
Boyd KP Korf BR Theos A Neurofibromatosis type 1 J,Am,Acad Dermatol 2009
Research Neoadjuvant chemoradiotherapy,followed by,transanal excision assisted by port surgery
HRM MAF titration,was,conducted by MAF in mixed DNA sample from 10 % to 0.005 % in DNA concentration assay from 0.25 ng μl
Department of Pathology,School of,School of Medicine
CAR T cell products,are under,clinical trials for RR multiple myeloma
Department of Radiological Technology,Department of,Department of Radiology
T cells,also acquire ability via,their expression of C X-C motif chemokine receptor 3
Oncogenic miR 21,abrogate,CASC2 mediated inhibition of proliferation
personalized medicine,directed at,specific molecular targets in tumors
Department of Radiation Oncology,of Department is,Department of Radiation Oncology
Department of Medical Genetics,University of,Shahid Beheshti University of Medical Sciences
consensus Korean reference genome,is step towards,reference genomes
"House Austria , Research Program for Molecular Therapy of Genodermatoses",Hospital of,Paracelsus Medical University
brain,of imaging is,MRI
our miRNAs,were proved,breast cancer related miRNAs with accuracy
Human H1299 cells,were transfected with,DC based TFAP2B siRNA
biological component,has,its internal biological meaning
Rock Biotech,Department of,Bio-Bank
Department of Internal Medicine,Department of,Korea Department of Molecular and Life Science
novel diagnostic biomarker,is in,chronic lymphocytic leukemia Avicenna J Med Biotechnol
Chronic Obstructive Pulmonary Disease IREB2,has,has implicated as COPD susceptibility gene in case control study
Pembrolizumab,is,humanized IgG4 anti-PD-1 antibody consisting of high affinity mouse anti-PD-1-derived region grafted onto IgG4 immunoglobulin molecule with engineered Fc region for stabilization
Malabar Cancer Centre,is,tertiary care hospital situated in district
stromal cells,are defined as,cancer associated fibroblast
CTC TJH 01 cells,transfected with,CXCL5 specific siRNA
NSCLC diagnoses,were confirmed by,qualified pathologist
Tumor Mutational Burden,is reported as,number per tumor genomic region analyzed
Kapodistrian University of Athens School of Medicine,School of,"Hematology / Oncology , University of Pittsburgh School of Medicine"
Quantitative transcription polymerase chain reaction,was carried out in,Applied Biosystems
NCI H82 cells,see,regulated by miRNAs
Respiratory Medicine,of Department is,Department of Gastroenterology
NALP3 inflammasome,is,most fully characterized inflammasome
clinical trials,have defined PD L1 as,biomarker for pembrolizumab
mRNA expression demonstrated,is considered,most specific marker for HPV infection
human MIR10B gene,was,For expression of miR 10b in RDEB KCs cloned into pMX IRES Blasticidin vector
Robotic surgery,offers advantages over,VATS with accuracy in bronchial plastic surgery
Thoracic surgeon,is familiar with,use of ECMO in era of lung transplantation
BH3 profiles,be,associated with treatment response to nCRT to serve as basis
Interventional Radiology,is,Department of Radiology and Biomedical Imaging
Department of Radiation Oncology,of Department is,Department of Internal Medicine
Department of Gynecology and Obstetrics,Department of,Department of Radiology
Integrative genomic analyses,reveal,RNAs in human cancer Struct Mol Biol
Medicine,of Department is,Fondazione IRCCS Istituto Nazionale dei Tumori
Multiplex IHC,is conducted in,four patients available for - CCRT samples
Department of Urology,Institute of,Key Laboratory of Carcinogenesis
human melanoma A375 cell line,was purchased from,Cell Bank of Chinese Academy
Ongoing clinical trials,testing,ipilimumab combination
HRM MAF titration,was,conducted by MAF in mixed DNA sample in DNA concentration assay
our miRNAs,were proved,to breast cancer related miRNAs with accuracy
biomarker research,has,has predominantly focused on tumor signatures
Pemetrexed transplantable colon cancer induced ICD,also augmented,T cell function
Uterine corpus involvement,is,predictor of ovarian metastasis in cancer J Gynecol Oncol 2008 19 181 184
biomarkers,are,In addition with development of biopsy of cancer diagnosis urgently needed for scale studies
CAR T cell trials,provide,clinical benefits for highly refractory cancers
Bevacizumab,is,humanized anti-VEGF antibody
KF Zhang L Huang CD163 associated macrophages,correlated,cells in cell carcinoma Biomed Res Int
metabolic networks,study,cancer metabolism Curr Opin Biotechnol
Pembrolizumab,is,humanized monoclonal IgG4 anti-PD-1 antibody consisting of high affinity mouse anti-PD-1-derived variable region grafted onto IgG4 immunoglobulin molecule with Fc region for stabilization
Nuclear Medicine,of Department is,Yonsei University College of Medicine
Ministry of Education Key Laboratory of Contemporary Anthropology and State Key Laboratory of Genetic Engineering,of Laboratory is,Second Military Medical University
HeLa cells transfected,were lower than,HeLa cells transfected
Della Vittoria Scarpati G Falcetta F Carlomagno C Ubezio P Marchini S De Stefano A specific miRNA signature,correlates with,pathological response in advanced cancer Int J Radiat Oncol Biol Phys 2012 83 1113 1119
Tumor protein target gene 1,exert,tumor suppressor feature
Pembrolizumab,is,monoclonal IgG4 anti-PD-1 antibody consisting of high affinity mouse anti-PD-1-derived region
General Hospital of Jinan Military Command,Department of,China Department of Medical Information
KYSE cells,demonstrated tendencies,as observed in KYSE 170 cells
Department of Gastroenterology and Hepatology,of Department is,Red Cross Kitami Hospital
growth factor receptor tyrosine kinase inhibitors,have,In past decades have used as therapy for patients with types
biomarkers,are,with development of biopsy of cancer diagnosis urgently needed for scale prospective studies
Department of Oral Pathology and Microbiology,of Department is,Sree Balaji Dental College and Hospital / ImmuGenix Biosciences Pvt Ltd
Department of Radiation Oncology,of Department is,Department of Thoracic Surgery
UM SCC cell lines,test,effect of WNT974 on tumor growth on metastases to liver
Medical Oncology,of Department is,Affiliated Cancer Hospital
eHeidelberg Institute of Radiation Oncology HIRO,Institute of,"University Hospital of Heidelberg , Institute of Pathology"
Pembrolizumab,is,humanized monoclonal IgG4 antibody consisting of affinity mouse region grafted onto human IgG4 immunoglobulin molecule with engineered Fc region
Department of Radiation Oncology,of Department is,"Daejeon St. Mary ’s Hospital , College of Medicine"
Timely airway stenting,improves,survival in patients with central airway obstruction Ann Thorac Surg
hippocampal gyrus,manages memory As,important neural gyrus area
epidermal growth factor receptor tyrosine kinase inhibitors,have,In past decades have used as therapy for patients with types
Tumor Mutational Burden,is reported as,total number of sequence variants per tumor region
Tumor bearing nude mice model construction BALB c male mice,were purchased from,Beijing Laboratory Animal Research Center
Rheumatology,of Division is,Department of Internal Medicine
Clinical application,is under,development for treatment of cancers caused by aberrant FGF signaling
"Department of Pathology , College of Basic Medical Sciences",is,China Medical University
HRM MAF titration,was,conducted by MAF in DNA sample from 10 % to 0.005 % in DNA concentration assay from 0.25 ng μl
Shalem O Sanjana NE Zhang F High throughput functional genomics,using,CRISPR Cas9 Nat Rev Genet 2015 16 299 311
"Taiwan Graduate Institute of Medicine , College of Medicine",is,Kaohsiung Medical University
brain tissues,are more affected for,Alzheimer disease
RMC assay,allows quantification in,mitochondrial genome
Polo Ciências da Saúde,Department of,Department of Dentistry
Gastrointestinal Oncology Shizuoka Cancer Center,XDepartment of,Gastroenterology
our clinic,Department of,Radiation Oncology
Clinical Laboratory,of Department is,Shanghai Jiao Tong University School of Medicine
Human umbilical vein cells,were transfected with,DC based TFAP2B siRNA
8227 leukemic cell line,was derived from,primary AML with informed consent from donor
T cells,suppress growth in,patient derived xenografts of hepatocellular carcinoma Front Immunol 2016
fYunnan Province Tumor Hospital,Hospital for,Guangdong Province Hospital for Occupational Disease Prevention and Treatment
upper mediastinal LNs,were,defined as those with recurrent laryngeal nerve with paraaorta
Tsang YW Chang HJ Upfront geftinib erlotinib treatment,followed by,radiotherapy for lung cancer
SKOV3 cells,were,in cancer cells transfected with expressing plasmids
specific shRNA,was expressed in,UM SCC 14A cells with expression
Human bronchial epithelial cells 16HBE,were kindly provided by,tumor Cell Library of Chinese Academy of Medical Sciences
Department of Radiology,of Department is,Second Military Medical University
miRNAs,are,In view of close relationship between miRNAs considered as potential novel targets for anti-cancer therapies
miRNAs,are,In view presently considered as potential novel targets for anti-cancer therapies
Fibroblast growth factor receptor gene amplification,is,associated with survival in patients with cell lung cancer J Clin Oncol
diagnostic biomarkers,are,In addition with fast development of liquid biopsy of cancer diagnosis urgently needed for scale prospective studies
Radical esophagectomy,has,has acknowledged with importance for esophageal squamous cell carcinoma
Dual luciferase assays,confirmed,direct correlation between miR -433-3p
Department of Pathology,is,Tohoku University Hospital
Department of Neurosurgery,is,RWTH University Hospital
"Taiwan Department of Otorhinolaryngology , School of Medicine , College of Medicine",is,Kaohsiung Medical University
Pembrolizumab,is,humanized monoclonal IgG4 anti-PD-1 antibody consisting of affinity mouse anti-PD-1-derived variable region grafted with engineered Fc region for stabilization
Russian Foundation of Basic Research,Grant of,Doctor Start - up Grant of Tianjin Medical University Cancer Institute and Hospital
targeted CCR2 cells,powerful potential of,cell specific molecular imaging techniques for noninvasive diagnosis of lung IRI
Pembrolizumab,is,humanized IgG4 antibody consisting of affinity mouse anti-PD-1-derived variable region
Department of Biomedical Informatics,of Department is,Center for Systems Biology
xenograft model Male NOD SCID mice,were acquired from,National Cheng Kung University Laboratory Animal Center
outcome fitness Cardiopulmonary fitness,will,will determined by cardiopulmonary exercise test gold standard measure of fitness
8227 leukemic cell line,was derived from,human AML with written consent from donor
ECOG Eastern Cooperative Oncology Group,is,CTCA Cancer Treatment Centers of America
Department of Molecular Biology and Genetics,Department of,Department of Pathology
AChE binding tail PRiMA,is,down regulated in muscle with dystrophy by merosin deficiency Chem Biol Interact 2013 203 330 334
Human umbilical vein cells,were transfected with,based TFAP2B siRNA
Li N Maly DJ Chanthery YH Sirkis DW Nakamura JL Berger MS Radiotherapy,followed by,aurora kinase inhibition targets propagating cells in glioblastoma Mol Cancer Ther 2015 14 419 428
anti-tumor activity,was,investigated by mouse xenografts in vivo
Clinical applications Liquid biopsy,is,diagnostic tool performed on blood
PSMD,were,cancer driver genes with role in proteasome pathway
Methods Patient characteristics SBRT,was delivered for,30 patients with AGMs
Department of Pediatrics,is,Chung Shan Medical University Hospital
systemic i.v. infusion,Similarly also significantly reduced,NCI H460 tumor volume
T cells,overcome immunotolerance in,model of cancer Oncoimmunology
Pembrolizumab,is,humanized monoclonal IgG4 antibody consisting of affinity mouse variable region grafted onto human IgG4 immunoglobulin molecule with Fc region for stabilization
Primary outcome fitness Cardiopulmonary fitness,will,will determined by cardiopulmonary exercise test gold standard measure of fitness
CTC TJH cells,were in,stage of EMT transformation with stem cell phenotype
Pembrolizumab,is,humanized IgG4 anti-PD-1 antibody consisting of affinity mouse region grafted with engineered Fc region for stabilization
omega 3 oral enhanced formula,is in,clinical parameters of head cancer ambulatory patients
-020-01284-x Primary Research MiR,regulates autophagy by,targeting FBXW7 in cell lung cancer Wang Hui 1
Collaborative Innovation Center for Cancer Medicine,is,Sun Yat - Sen University Cancer Center
specific immunohistochemical markers,can,can very useful in diagnosis to thyroid carcinomas
epidermal growth factor receptor tyrosine kinase inhibitors,have,In past decades have used as targeted therapy
Epidermal growth factor receptor,can promote,development of glioblastoma
B cells,are critical to,T cell mediated antitumor immunity induced by therapy
based combination therapy,showed effect in,cancer cell lines limited to BRCA1 2 mutated cells
Tumor Cell Expression,is in,Colorectal Cancer Cancer Microenviron 2014 7
Pembrolizumab,is,monoclonal IgG4 antibody consisting of high affinity mouse region
CAL27 IR xenografts,were resistant to,radiotherapy
MIR10B gene,was,For expression in RDEB KCs cloned into pMX IRES Blasticidin vector
three cell lines,be useful in,studying therapies
premier therapy,is In,EGFR mutant NSCLC
Pembrolizumab,is,is evaluated in phase trials in combination with oral azacitadine
Rheumatology,of Division is,Seoul National University College of Medicine
Coskun Hasan S hscoskun@yahoo.com Department of Medical Oncology,of Department is,Faculty of Medicine
human tissue protein,was purchased from,BioChain
Department of Neurology,Hospital of,Fourth Hospital of Harbin Medical University
Background Pancreatic resection,are tools in,multidisciplinary local treatment of pancreatic adenocarcinoma
systemic i.v. infusion,Similarly significantly reduced,NCI H460 tumor volume
Radiation Oncology,Laboratory of,Radiation Oncology
Department of Pathology,of Department is,Department of Pathology
Public Health Sciences Division,Department of,WA USA Department of Pathology
Samsung Medical Center,is,Research Institute for Future Medicine
Pembrolizumab,is,humanized monoclonal IgG4 anti-PD-1 antibody consisting of affinity mouse anti-PD-1-derived region grafted with engineered Fc region for stabilization
Western blot assay,investigate,expression status of EMT related proteins
CT coronary angiography,effective alternative to,traditional angiography
Radiotherapy,can effectively ameliorate,symptoms caused by tumor
Department of Bioinformatics and Functional Genomics,is,Institute of Pharmacy and Molecular Biotechnology
miRNAs,Recently have garnered lot as,potential blood based biomarker for cancer
Our hospital,is,professional clinical diagnosis of esophageal cancer in China
Radical esophagectomy,has,has acknowledged with importance in cure intended therapy for esophageal squamous cell carcinoma
Heidelberg Institute of Radiation Oncology,Department of,Academic Department of Radiation Oncology
Department of Medical Oncology,of Department is,Australia Department of Surgery
NSCLC cells,detect cytotoxicity on,NSCLC cells
Department of Internal Medicine,Faculty of,Medicine
blood coagulation thrombelastographic profiles,employing,tissue factor activation J Thromb Haemost
Radiation Oncology,is,London Health Sciences Centre
Department of Gastroenterology,Hospital of,First Hospital of Jilin University
Fine Needle Aspiration Cytology,has,has adopted as primary diagnostic procedure
College of Pharmaceutical Science,is,Guangzhou Medical University
CCSP promoter rtTA activator mice,generate,bi-transgenic progeny
model imaging BALB c athymic nude mice,were provided by,Comparative Medical Center
Fibroblasts originated,are designated as,cancer associated fibroblasts
Department of Medicine,of Department is,Harvard Medical School
Jining Medical University,is,Jining Medical University
Department of Medical Oncology,of Department is,Italy Radiology Unit
bone marrow aspiration protocol,develop,medicinal products
our HisCoM mimi model,can account for,biological relationships between miRNA
446XBioMed Central London 2711219610210.1186 s40880 -016-0102-6Original ArticleA multicenter,survey of,clinical features
Epigenomics Laboratory,is,Olivia Newton - John Cancer Research Institute
Clinical information,was obtained by,preoperative medical records
Pemetrexed transplantable murine colon cancer induced ICD,also augmented,T cell function
Department of Obstetrics and Gynecology,is,School of Medicine
Stem cell pathways,contribute in,cancer Clin Cancer Res
B cells,mediate tumor regression in,cancer immunotherapy J Immunol 2009 183 3195 3203 19667089 17
Charlson Comorbidity Index,captures,clinical dimension
Cell culture lung cancer cell line A549,was,recently authenticated by cellular morphology at Microread Inc.
Pembrolizumab,is,humanized IgG4 anti-PD-1 antibody consisting of affinity mouse anti-PD-1-derived variable region grafted onto human IgG4 immunoglobulin molecule with engineered Fc region
biochemical tests,measure,molecular profile of patient
Primary Sjögren ’s syndrome,is,in Sjögren ’s syndrome chronic disorder characterized by lymphocytic infiltration
our ddPCR assay,may,Moreover with prevalence of HPV related OPSCC may mode of high risk patient groups
EMA European Medicines Agency,is,NMPA National Medical Products Administration
200120 China Department of Molecular and Cellular Biochemistry,is,Markey Cancer Center
Pembrolizumab,is,monoclonal IgG4 antibody consisting of high affinity mouse variable region grafted with engineered Fc region
KF Zhang L Huang CD163 associated macrophages,cells in,oral squamous cell carcinoma Biomed Res Int
Cancer Research Genomics Core,is,National Cancer Institute
Pulmonary Medicine,Department of,Department of Pathology
metabolomics,has,Increasingly has used in patients with cancer for tumor detection
Chen CA mTOR inhibitors,can enhance,anti-tumor effects of DNA vaccines
Bristol Myers Squibb,honoraria from,Oncolys BioPharma
BxPC3 cells,reacted very sensitively to,treatment with FWGE
bioinformatics,analyze,biological characteristics
bilateral pulmonary resection,is considered strategy Compared,bilateral pulmonary resection
clinical relevance,miRNAs as,biomarkers for cancer Expert Rev Mol Diagn
OPSCC tumor samples,were evaluated by,pathologist
Bioinformatics and Biostatistics,is,National Center for Toxicological Research
Department of Medicinal Oncology,Department of,China Department of Clinical Nutrition
MS2 assays,test binding affinity with,above miRNAs
HRM MAF titration,was,conducted by MAF in mixed DNA sample from 10 % in total DNA concentration assay from 0.25 ng
pancreatic stellate cell,is key player in,complex regulation of pancreatic tumor microenvironment
Radiation Oncology,Division of,Nebraska USA Division of Biostatistics
T cells,is reflection of,presence of type 1 tumor specific response
pharmacological study,evaluate,effects of new CDKi roscovitine on doxorubicin resistant human multiple myeloma cells
based chemotherapy,reduce,MDSCs
University Hospital for Urology,for Hospital is,School of Medicine and Health Sciences
Internal Medicine,is,Samsung Medical Center
MET gene,shows,lower expression level in group 1 breast cancer samples than in group 2
SKOV3 cells,were,treated with JAKi in combination
Pembrolizumab,is,IgG4 anti-PD-1 antibody consisting of affinity mouse variable region grafted with Fc region for stabilization
Department of Biochemistry and Molecular Cell Biology,is,Shanghai Jiao Tong University School of Medicine
clinical trials,report results Concerning,TMB as predictive biomarker of ICI response
Department of Surgery - Division of Public Health Sciences,School of,Washington University School of Medicine
dResearch Center for Biochemistry and Nutrition,for Center is,Kashan University of Medical Sciences
HPV E6 oncogene,highlighted,role of E6 oncogene
Department of Biostatistics,is,Faculty of Medical Sciences
Pembrolizumab,is,humanized IgG4 anti-PD-1 antibody consisting of high affinity mouse variable region grafted onto IgG4 immunoglobulin molecule with Fc region
IHC staining parameters,were first examined for,their classification accuracy of 14 tumor lines
In tumor growth assay BALB c nude mice,were,used for tumor growth assay in vivo
pembrolizumab,are,anti PD 1 treatments for cancer types
Biostatistics and Bioinformatics,of Division is,Johns Hopkins University School of Medicine
Department of Medicine,is,Oregon Health & Science University
Personalized Cancer Therapy and Division of Hematology and Oncology,for Center is,UC San Diego Moores Cancer Center
Primary human cells,were stained marker CD45 for,epithelial specific marker CD326 EpCAM
Uterine corpus involvement,is independent predictor in,cancer J Gynecol Oncol 2008 19 181 184
cell biologists,have identified,role of mesenchymal transition
human papilloma virus,has,has recognized as causative factor for cervical cancer
bronchial cells 16HBE,were provided by,tumor Cell Library of Chinese Academy of Medical Sciences
animal studies,were approved by,Ethics Committee of Animal Experiments of Peking University Cancer Hospital
Respiratory Medicine,of Division is,Shiga University of Medical Science
TLR7 8 agonist imiquimod,may,For VSCC tumors may promising applied therapeutic agent
Pembrolizumab,is,is currently tested in combination with MRI guided laser ablation in patients
Radical esophagectomy,has,has acknowledged with paramount importance in cure intended therapy for squamous cell carcinoma
MSCs,Thus appear,ideal tool for cell based therapies
biological overview,is in,World Health Organization
T cells,mediate,antitumor effects against nasopharyngeal carcinoma cells
DWI MRI evaluation,has,has yet reported as useful tool for malignant tumors from benign lesions
CA USA 4 Prof. Dr. Ion Chiricută ’ Institute of Oncology,is,Oncology Department
one clinical parameter,was obtained from,cBio Portal
"Bucheon St. Mary ’s Hospital , College of Medicine",’s Hospital is,Republic of Korea3 Department of Thoracic Surgery
modern biomarker,is in,oncology J Hematol Oncol
Department of Medical and Molecular Genetics,is,Indiana University School of Medicine
Cancer Biology,in Program is,Cancer Research Institute
Tumor cell vaccines,failed in,clinical trials
Department of Diagnostic Imaging,is,National University Health System
Distinguishing cancer driver genes,is major challenge for,cancer research
Masuda M Methotrexate,is excreted by,multispecific anion transporter in rats Cancer Res
Department of Biochemistry,Institute of,MA USA Institute of Biomedical Technologies
Affymetrix Human Exon ST array hybridisation,was,performed at Molecular Biology Core Facility of CRUK Manchester Institute
Department of Biomedical Informatics,is,Vanderbilt University School of Medicine
HRM MAF titration,was,conducted by MAF in mixed DNA sample in total DNA concentration assay
Biospecimen acquisition Methods,are detailed in,DECAMP ACRIN Biospecimen Procedure Manual
NIHR Bristol Nutrition Biomedical Research Unit,is funded by,National Institute for Health Research
Guangdong Key Laboratory for Research and Development of Natural Drugs,for Laboratory is,Guangdong Medical University
Department of Pathology,Faculty of,Medicine
"Department of Radiation Biology , Group of Radiation Biology and Tumor Physiology",is,Institute for Cancer Research
protein mast stem cell growth factor receptor Kit,member of,tyrosine kinase family
Twelve male BALB c mice,were purchased from,Shanghai Ninth People ’s Hospital Central Laboratory Animal Law
systemic chemotherapy,is,Although mainstay treatment of disease
Department of Biochemistry,is,Faculty of Pharmacy
Cells,were treated with,concentrations of MTE
Tumor differentiation,may,may categorized with stage tumor like grade dysplasia carcinoma
Sun X Serum microRNA,functions as,potential diagnostic marker
Department of Medicine,is,Southern Arizona VA Health Care System
Department of Radiation Oncology,Department of,Department of Radiation Oncology
BECN1 gene,was proposed,function as tumour suppressor gene
term medicine,became,established in medical discourse
HEK293T cell line,grown in,DMEM supplemented with 10 % fetal calf serum under 5 %
PRMT overexpression,has,Since has implicated in various human cancers
Ongoing phase oncology trials,focuses solely on,early phase oncology trials at MDACC
our miRNAs,were proved,to breast cancer related miRNAs with accuracy of 100 %
Department of Medical Imaging,of Department is,Collaborative Innovation Center for Cancer Medicine
Outcomes Research Institute,is,Samsung Medical Center
Needle Aspiration Cytology,has,has adopted as primary diagnostic procedure
Brachytherapy,consisted of,2 endocavitary insertions with interval with help of Fletcher Suit
Guangdong Key Laboratory for Research and Development of Natural Drugs,is,Guangdong Medical University
Pembrolizumab,is,humanized IgG4 anti-PD-1 antibody consisting of high affinity mouse anti-PD-1-derived variable region grafted with engineered Fc region
Ultra-deep targeted sequencing,identifies,mutation based gene signature Oncotarget
Department of Medical Parasitology & Mycology,of Department is,School of Medicine
prognostic biomarkers,estimate,effect of gemcitabine
human tracheal cells,are,In assay seeded into rat tracheas
Regional Laboratories Region Skåne,Department of,Department of Pathology
Cogle CR cell,derived,angiocrine support of leukemia targeted
Guangdong Key Laboratory for Research and Development of Natural Drugs,for Laboratory is,Guangdong Medical University
Department of Neurology,of Department is,Fourth Hospital of Harbin Medical University
Department of Medical Oncology,Department of,Victoria 3050 Australia Department of Surgical Oncology
Background Axitinib,is,active tyrosine kinase inhibitor of vascular endothelial growth factor receptors 1 2
pancreatic type ACC,shows,same biological features as ACC of pancreas
T cells,targeting,cancer associated Tn glycoform
T cells,has,has associated with prognosis in colorectal cancers
Chinese Medicine,Faculty of,Medicine
MIB proliferation index,was higher with,expression with CXCR4 expression
Medical Oncology and Hematology,is,Department of Internal Medicine
Institute of Digestive Surgery and State Key Laboratory of Biotherapy,is,West China Hospital
Department of Oncology,of Department is,Southern Medical University
BH3 profiles,be,associated with treatment response in cancer serve as basis for
Department of Radiation Oncology,of Department is,University Hospital of Heidelberg
based biomarkers,have,have demonstrated as novel tools for detection of cancers
Fig. Bcl 2 family,mediates,effect of Gefitinib induced cell apoptosis
patient ’s own MSCs,combine cell therapy at,high pharmaceutical quality level
three genomic measures,were used,covariates help in genes with lung cancer associated gene expression in lung cancer classifier
Research Neoadjuvant chemoradiotherapy,followed by,transanal total mesorectal excision assisted
Whole exome sequencing,test,effect of NSAID use
blood brain barrier assay Short term melanoma cultures,were obtained from,resected MBMs
Collaborative Innovation Center for Cancer Medicine,is,Sun Yat - sen University Cancer Center
Edouard Herriot Hospital,Department of,Department of Dermatology
antibody cetuximab,results in,advanced NSCLC
kidney cell line 293T,maintained respectively in,MEM supplemented with 10 % inactivated fetal bovine serum
Pembrolizumab,is,humanized monoclonal IgG4 antibody consisting of affinity mouse variable region grafted with engineered Fc region for stabilization
Institute for Chemical Carcinogenesis,is,Guangzhou Medical University
miRNAs,bind to,Toll like receptor 8 located inside TAM ’s endosomes
biological research,indicated,role of RNA in cancers
USA David H. Koch Institute for Integrative Cancer Research,Division of,USA Harvard - MIT Division of Health Sciences & Technology
College of Biomedical Engineering,is,Hubei University of Medicine
CRISPR Cas9 system,is with,well studied conditional mouse models of cancer
Kisfalvi K Guha S Rozengurt E Neurotensin,induce stimulation by,duration in ductal pancreatic cancer cells J Cell Physiol 2005
Pembrolizumab,is,humanized monoclonal IgG4 antibody consisting of high affinity mouse anti-PD-1-derived region grafted onto IgG4 immunoglobulin molecule with engineered Fc region for stabilization
Second Military Medical University of Chinese PLA,University of,Second Military Medical University of Chinese PLA
Research Neoadjuvant chemoradiotherapy,followed by,transanal total excision assisted for adenocarcinoma
Department of Radiation Oncology,Center for,Collaborative Innovation Center for Cancer Medicine
"Department of Biology , College of Science",of Department is,Tehran University of Medical Sciences
Department of Oncology,of Department is,Medical School of Nanjing University
miRNAs,are,In view of relationship between miRNAs presently considered as potential targets for anti-cancer therapies
Taiwan Departments of Otorhinolaryngology,is,Kaohsiung Medical University Hospital
based cancer immunotherapy,containing,mRNAs
HRM MAF titration,was,conducted by MAF in DNA sample from 10 % in DNA concentration assay from 0.25 ng
pembrolizumab,was associated with,OS for advanced urothelial carcinoma
Department of Pathology,of Department is,School of Medicine
Department of Pediatric Dentistry,School of,School of Stomatology
Department of Otolaryngology,School of,Feinberg School of Medicine
our ddPCR assay,may,with prevalence of HPV related OPSCC may viable mode
Ottawa Hospital Cancer Centre,Department of,Canada Department of Medicine
Cells,incubated with,MitoTracker Green FM 123
miRNAs,are,As prognostic biomarkers associated with patients survival
patient ’s MSCs,combine cell therapy at,high pharmaceutical quality level
eKey Laboratory of Medical Epigenetics,of Laboratory is,Zhongshan Hospital and Institutes of Biomedical Sciences
Department of Pathology,University of,Medical University of Vienna
Caspase 9 activity assay,was done respectively in,Gefitinib combined with Gefitinib
Nemunaitis J Clayman G Agarwala SS Hrushesky W Wells JR Moore C Biomarkers,predict,p53 gene therapy efficacy in recurrent squamous cell carcinoma of head
Real time tumor tracking,was incorporated for,patients treated with CyberKnife
Department of Medical Genetics,Institute of,National Research Institute of Tuberculosis
Department of Epidemiology and Biostatistics,of Department is,Federal Biomedical Agency of the Russian Federation
cancer immunotherapy,Recently has shown,great clinical benefit in types of cancers
biomarkers,are,with fast development of liquid biopsy urgently needed for large scale studies
gene expression profiles GSE43254,was obtained from,Gene Expression Omnibus database up regulated genes related to tumor associated neutrophils
Human PDA tissues,were,obtained from Pathology Unit in agreement
Pulmonary Care Medicine,School of,Sungkyunkwan University School of Medicine
USA Department of Pathology,is,City of Hope Medical Center
Bioinformatic methodologies,strengthened greatly however,research of biomarkers
Cell Biology Program,is,Robert C. Byrd Health Sciences Center
Malabar Cancer Centre,is,tertiary care hospital under Department of Health situated in district
HRM MAF titration,was,conducted by MAF in mixed DNA sample from 10 % in DNA concentration assay
Department of Imaging,is,West China Hospital Sichuan University
Infectious Diseases Research Center,is,School of Medicine
Bevacizumab,is,anti-VEGF antibody
HRM MAF titration,was,conducted by MAF in mixed DNA sample from 10 % in increasing total DNA concentration assay
Physicians National Lung Cancer Audit annual report 2016,of College is,2017 London Royal College of Physicians
SCLC cells,is with,MYC amplification
medical imaging,important tool for,clinical diagnosis
Oncology,of eDepartment is,Yancheng TCM Hospital Affiliated to Nanjing University
P.R. China Department of Radiation Oncology,is,Chongqing Cancer Institute
Cancer immunotherapy,was,chosen as advance by American Society of Clinical Oncology
radiotherapy,is,Although important treatment for NSCLC
Aurora kinase inhibition therapy,specifically target,KRAS transformed cells
Background associated tumor suppressor gene,has,has identified as tumor suppressor gene in many malignant tumors
Specific anti-HDAC1 siRNAs,were transfected into,NSCLC cells
Pembrolizumab,is,humanized monoclonal IgG4 anti-PD-1 antibody consisting of affinity mouse anti-PD-1-derived region grafted with Fc region
lung cell line BEAS 2B,was obtained from,Cell Bank of Chinese Academy of Science
Immunohistochemistry assay Tissue microarrays,was,obtained from Tissue Pathology Core
Epitopes HPV02 trial,long lasting prognosis of,patients with SCCA
Radiation Oncology,of Department is,First Affiliated Hospital of Jinan University
Mouse polyclonal antibodies,were,used as primary antibodies with labeled IgG
Paclitaxel combination therapy,elicited,tumor suppression effect in NSCLC
Department of Medical Oncology,of Department is,Royal Melbourne Hospital
biomarkers,are,with development of biopsy of cancer diagnosis needed for scale studies
Pembrolizumab,is,humanized monoclonal IgG4 antibody consisting of high affinity mouse anti-PD-1-derived variable region
Stem Cell Transplantation Research Center,Department of,Department of Medical Genetics
SKOV3 cells,were,incubated with combination of JAKi at various JAKi gefitinib ratios
miRNAs,are,are used as diagnostic prognostic biomarkers
human NSCLC cell line,were,obtained from Shanghai Cell Bank at Chinese Academy of Sciences
Mammalian mitochondria,are usually depicted,elongated particles originated in cells
biomarkers,are,with development of liquid biopsy of cancer diagnosis urgently needed for scale prospective studies
SABR treatment,is with,histopathological study on explanted tumour
Radiomics,widely used in,modern medical research
T cells,era with,drugs for cancer immunotherapy
Bevacizumab,was,first FDA approved monoclonal antibody
Department of Radiation Oncology,is,"Institute of Clinical Medicine , University of Tsukuba"
Clinical information,IS,Table 1 HNSCC samples
Radiation Oncology,Hospital of,Cancer Hospital of Shantou University Medical College
based chemotherapy,has,Although has established as core therapy
Bioinformatics Unit,is,Faculty of Life Sciences
Department of Cardiothoracic Surgery,of Department is,Second Military Medical University
Department of Cancer Prevention,Centre for,Biomedicine
European Organization for Research and Treatment of Cancer,for Organization is,National Cancer Institute of Canada J Natl Cancer Inst
B cells,are critical to,T cell mediated antitumor immunity induced by combined cytotoxic therapy for glioblastoma Neoplasia
Computed tomography,revealed density area without,evidence of tumor of main pancreatic duct
Background Pancreatic resection,are,tools in multidisciplinary local treatment of ductal adenocarcinoma
T cells,measured in,combination PD 1 antibody
Department of Radiology,is,Aarhus University Hospital
Antwerp University Hospital,Department of,Belgium6 Department of Pathology
Mammalian mitochondria,are usually depicted,as particles originated in cells
Interventional Center,is,Cancer Center
S1PR1 signaling inhibition treatment,Likewise resulted in,inhibition in pancreatic cancer cells via STAT3 pathway
Targeted sequencing,reveals TP53 as,potential biomarker in surveillance of head cancer
T cells,exist,T cells exist
Department of Oncology,is,Schulich School of Medicine and Dentistry
Endothelial expression,is strongly associated with,tumor progression in pituitary adenoma Brain Pathol
Research Center of Pediatric Infectious Diseases,Faculty of,Medicine
Jikei University School of Medicine,of School is,Tokyo Japan Department of Clinical Oncology
cell biologists,have identified,role of epithelial mesenchymal transition in cancer cell metastasis
Autoantibody signatures,combined as,biomarker panel detection carcinoma Cancer Prev Res
Tissue diagnosis,is,still gold standard as diagnosis
Human tissues,were provided by,BioMaterialBank North
Pembrolizumab,is,humanized monoclonal IgG4 anti-PD-1 antibody consisting of high affinity mouse region grafted onto IgG4 immunoglobulin molecule with engineered Fc region
CAR T cell products,are under,active trials for RR multiple myeloma
clinical molecular variable model,showed performance based,based only clinical variables
key oncogene,is in,development of aggressive CLL
Tumour response,treated with,chemoradiotherapy can CT predict recurrence
Department of Biological Sciences,Department of,Department of Medicine
Pembrolizumab,is,IgG4 anti-PD-1 antibody consisting of affinity mouse region grafted onto IgG4 immunoglobulin molecule with engineered Fc region
Department of Pathology,from Hitchcock is,Department of Radiology
Department of Surgery,is,Asama Nanroku Komoro Medical Center
miRNAs,are,are applied as biomarkers in setting
Department of Endoscopy,is,Nagoya University Hospital
targeted vaccines,are in,now studies for lung cancer
Clinical Laboratory,of Department is,Xinhua Hospital
C12 heavy ion beam therapy,offers,biological advantages
Wang G Proteomic analysis,reveals,mediated epithelial mesenchymal transition phenotype Breast Cancer Res
hippocampal gyrus,manages memory As,neural gyrus area in brain temporal lobe
Fujiwara T Eguchi T Sogawa C Ono K Murakami J Ibaragi S mesenchymal transition initiated,is inhibited by,antibody cetuximab Oncol 2018 86 251 257 30409309 18
Clinical applications,would require,standardization including determination for tumors with TMB
Research Dual EGFR blockade,combined with,antibody bevacizumab in tumors
Moffitt Cancer Center,Department of,FL USA Department of Medicine
Fig. Computer tomography image,obtained from,patient with mucinous adenocarcinoma located in colon 55 cm
MI USA Center for Molecular Medicine and Human Genetics,is,Wayne State University School of Medicine
Yoon SS Lauren histologic type,is factor associated following,resection of adenocarcinoma Ann Surg
Surgical Pathology,School of,Medicine
Department of Medical Oncology,of Department is,Australia Department of Cancer Biology
treatment BALB c mice,housed in,certified specific level animal facility at Institute of Radiation Medicine
Bioinformatic analysis,reveals,pattern specific to basal like breast cancers in tumors Proc
cancer screening clinic,gets referrals from,gynaecology clinic
immunohistochemistry,are helpful for,diagnosis of IMT
Pembrolizumab,are,IgG4 antibodies approved as line therapy for metastatic HNSCC by US FDA
Department of Translational Medicine,Hospital of,First Hospital of Jilin University
Primary Chemo radiotherapy Tecemotide NCT02049151 Phase 3 Double blind,Trial in,Subjects with Completed Concurrent Chemo radiotherapy for
Population Health Sciences,is,Bristol Medical School
Department of Radiotherapy and Radiation Oncology,is,Faculty of Medicine and University Hospital
Pembrolizumab,is,IgG4 anti-PD-1 antibody consisting of affinity mouse anti-PD-1-derived region grafted with engineered Fc region
Oncology,of Laboratory is,Colaborative Innovation Center of Cancer Medicine
PD 1 inhibitor nivolumab,was combined with,CTLA -4-inhibitor ipilimumab
Key Laboratory of Carcinogenesis,is of,Chinese Ministry of Health
Radical esophagectomy,has,has acknowledged with paramount importance for squamous cell carcinoma
biomarkers,should ideally incorporate,features of tumor leading to assessment of tumor biology
Pembrolizumab,is,monoclonal IgG4 anti-PD-1 antibody consisting of affinity mouse anti-PD-1-derived variable region grafted with Fc region
Cells,were incubated with,FITC labeled antibody
School of Basic Medical Sciences,is,Affiliated Cancer Hospital & Institute of Guangzhou Medical University
Department of Anatomical Pathology,is at,Medical Centre
AChE binding tail PRiMA,is,regulated in muscle by merosin deficiency Chem Biol Interact 2013 203 330 334
effective biomarkers,should incorporate,features of tumor leading
Pembrolizumab,is,humanized IgG4 anti-PD-1 antibody consisting of affinity mouse variable region grafted onto IgG4 immunoglobulin molecule with engineered Fc region
Several biomarkers,are,are targeted in CAR T cell trials for leukemia
Medical Oncology,Hospital of,Guangxi Medical University
Metabolomic analysis,demonstrated,profile in ACM from obese EAC patients
cetuximab,was introduced during,IMRT cohort
Immunohistochemistry staining NSCLC tissue microarrays,were purchased from,Xi’an Aomei Biotechnology
Pharmacology Central London,drastically suppresses tumor growth in,oral cancer Xenograft model of mice
Radiology,endpoints,Specific anatomical location of abscopally responding target lesions
Department of Pathology,is,University Hospital Bichat - Claude Bernard
numerous biomarkers,are under,currently clinical evaluation for treatment
effective prognostic biomarkers,Therefore should incorporate,features of tumor leading to comprehensive assessment of tumor biology
targeted vaccines,are in,clinical studies for preventing lung cancer
Center for Cancer Research,is,National Cancer Institute
Research Center of Pediatric Infectious Diseases,University of,Iran University of Medical Sciences
"Department of Human Biology and Pathophysiology , School of Dentistry",is,Health Sciences University of Hokkaido
Several CAR T cell platforms,are under,active clinical trials for myeloma
Department of Medical Oncology,is at,Peter Doherty Institute for Infection and Immunity
Cancer Genome Atlas Research Network,However performed,comprehensive analysis of 178 cell lung cancers
Department of Radiation Oncology,of Department is,Chinese Academy of Medical Sciences and Peking Union Medical College
human epithelial cell line,was used as,control cell line
radiotherapy,is in,treatment of locally advanced cervical cancer Int J Radiat Oncol Biol Phys
Conclusion Chest radiography,remains,screening modality for HNSCC
Key Laboratory of Ministry of Education for Gastrointestinal Cancer,for Department is,Harbin Medical University
Cancer Institute and Hospital,is,Chinese Academy of Medical Sciences
Pembrolizumab,is,IgG4 antibody consisting of high affinity mouse anti-PD-1-derived region
Sikic BI Tucker MA,Increased incidence following,therapy Oncol
Current Clinical Trials,is in,Metastatic Non-Squamous NSCLC Front Oncol
Department of Radiotherapy,of Department is,China Department of Hematology
DWI MRI evaluation,has,has reported as useful tool for malignant tumors
neuropilin isoform NRP2b,uniquely supports,TGF mediated progression in lung cancer Science Signaling
serum CYFRA 21 1 assay,has,In our department has performed at diagnostic workup after based therapy
Clinical information,was collected from,medical records
Medical Oncology,Laboratory of,Medicinal Chemistry
Pulmonary Medicine,of Department is,Peking Union Medical College
Wu XJ Basic transcription factor 3,is required via,regulation in Cancer Oncol Res
Department of Pathology,Hospital of,307th Hospital of Chinese PLA
clinical trials,were,Although focused on PARP inhibitors efficacy in mutated BRCA1 2 cancers
MA USA 3 Laboratory of Genomics of Antitumor Adaptive Immunity,is,Privolzhsky Research Medical University
Preoperative modified folfirinox treatment,followed by,capecitabine based chemoradiation for borderline pancreatic cancer
Four large clinical trials,have reported on,use of nivolumab for NSCLC
medial laparotomy,was,performed with resection with left nephrectomy
brain MRI,was,Specifically preoperatively performed
Department of Endoscopy,of Department is,Chinese Academy of Medical Sciences and Peking Union Medical College
MIR10B gene,was cloned For,stable expression of miR 10b
our HisCoM mimi model,Accordingly can efficiently account for,biological relationships between miRNA
human lung adenocarcinoma cell line A549,was purchased from,Cell Bank of Chinese Academy of Sciences
full length LCAL1 transcript,was amplified from,H322M cells
Gil Medical Center,is,Gachon University College of Medicine
Background Pancreatic resection,are,powerful tools in multidisciplinary local treatment of adenocarcinoma
Clinical data,were obtained from,medical records
Pembrolizumab,is,is currently tested in combination with laser ablation in patients with recurrent GBM
Pembrolizumab,is,humanized IgG4 anti-PD-1 antibody consisting of affinity mouse region grafted onto IgG4 immunoglobulin molecule with Fc region for stabilization
Bioinformatic analysis,reveals,pattern specific to breast cancers in tumors Proc
Department of Pulmonology and Immunology,is,Medical Academy
NSCLC cells,induce,regulation in Jurkat T cells
Medical Oncology,of Division is,School of Dental Medicine
prognostic biomarkers,estimate,effect of gemcitabine in pancreatic cancer patients
Gleason system,is factor in,radical prostatectomy
"Department of Radiology , Obstetrics & Gynecology Hospital",is,Shanghai Medical College
BM25 tf rf scheme,is,representation tool for mutation information for cancer type classification task
Coskun Hasan S hscoskun@yahoo.com Department of Medical Oncology,of Department is,Kayseri State Hospital of Research and Education
Department of Radiology and Radiation Oncology,of Department is,Shizuoka Cancer Center
Radiomics,widely used in,medical research
clinical features Therapeutic Advances,is in,Medical Oncology 2018 10 175883401
CTLA protein,are,mainly expressed on cells
anti-mouse CD40 antibody,were purchased from,Elabscience Biotechnology Co.
Mammalian mitochondria,are usually depicted,as elongated particles originated through endosymbiosis
Key Laboratory,Center for,Cancer Personalized Medicine
single agent gemcitabine,was,Despite its activity line treatment for patients with disease
serum molecular diagnostic model,was,established for time by BME cytokines
Basic Medical College,Department of,Department of Radiotherapy and Chemotherapy
ESCC cells,measure,effects of delivered by hUCMSCs exo on ESCC development
mediated lysosome biosynthesis,enhances TKI sequestration TFEB as,key transcription factor
Method Cell culture,Immortalized,bronchial cells
Radiology Department,is,University Hospital Bichat - Claude Bernard
Background Pancreatic resection,are,tools in local treatment of pancreatic ductal adenocarcinoma
Pembrolizumab,is,monoclonal IgG4 anti-PD-1 antibody consisting of affinity mouse region grafted with engineered Fc region
Department of Surgical Pathology,School of,Hokkaido University School of Medicine
H cells,were,treated with EV by miR
Ahn JH Gong G Cytoplasmic expression,is,associated with lymphocytes in breast cancer Pathol Int
Department of Toxicology,is,Hebei Medical University
our top 50 miRNAs,were proved,miRNAs with accuracy of 100 %
Whole genome bisulfite sequencing,Epigenetic marks from,whole genome
"Graduate Institute of Medicine , College of Medicine",School of,"Taiwan Department of Otorhinolaryngology , School of Medicine , College of Medicine"
miR 124 agomir group,showed,protein expression of AKT2
Proper laryngeal anatomy,is,particularly crucial to swallowing physiology of aspiration
BMS,is,Roche - Genentech
conjugated anti-mouse CD40 monoclonal antibody,were purchased from,Elabscience Biotechnology Co. Ltd.
Pembrolizumab,is,humanized monoclonal IgG4 antibody consisting of high affinity mouse anti-PD-1-derived variable region grafted onto human IgG4 immunoglobulin molecule with engineered Fc region
Key Laboratory,School of,School of Medicine
MED,were,31.5 Gy respectively for MED
biomarkers,are,are investigated including infiltrating lymphocytes
anti- total ERK1 polyclonal antibody,was commercially provided by,Santa Cruz Biotechnology Inc.
Tehran University of Medical Sciences,Faculty of,Faculty of Pharmacy
Fine Needle Aspiration Cytology,has,has adopted as diagnostic procedure for breast
biological mechanisms,should,should clarified for innovative drug development for actinin 4
Pembrolizumab,are,IgG4 anti-PD-1 antibodies approved as line therapy
Department of Radiation Oncology,of Department is,Toho University Omori Medical Center
Zhang T Zhang gastric carcinoma xenograft mouse models,represent,human tumor molecular diversity PLoS One
clinical trials,have studied,pembrolizumab
immune profiling,demonstrated,PD L1 expression on tumor surfaces
Anti-VEGF monoclonal antibodies,is,humanized anti-VEGF monoclonal antibody
Department of Thoracic & Cardiovascular Surgery,is,Kaohsiung Chang Gung Memorial Hospital and Chang Gung University College of Medicine
Department of Otorhinolaryngology,is,University of the Ryukyus Hospital
Department of Pathology,is,Nagoya University Hospital
MCF 7 breast cancer cell line,was,For functional study transduced with vector
AGS Gr cells,treated,SBI 0206965 for 4 h.
Caspase 3 activity assay,was carried out respectively in,Gefitinib combined with Gefitinib
T cells,have DNA methylation profiles compared,T cells of kidney transplant patients
Our hospital,is,diagnosis of esophageal cancer in China
specific immunohistochemical markers,can,Thus can very useful in diagnosis to thyroid carcinomas
Bioinformatic analysis,reveals,pattern of STAT3 associated gene expression specific to basal like breast cancers in human tumors Proc
Genetic synthetic lethal therapy,are,Currently targeted at activated oncogenes
miRNAs,change,cellular transcriptome
Malabar Cancer Centre,is,tertiary care hospital under Department of Health situated in rural district of Kannur in North Kerala
T cells,object of,great interest in studies of cancer types
KDR VEGFR2 Clinical trials,are,ongoing Bevacizumab Humanized mAb VEGF treatment
KYSE450 cells,Consistently exhibited proliferation rate capacity compared,KYSE450 cells transfected with vector
miRNAs,are,As biomarkers associated with patients survival in different cancers
8227 leukemic cell line,was derived from,primary AML with consent
College of American Pathologists,is,American Society for Clinical Pathology
MTS assay,is in,presence of MEK inhibitor U0126
First Affiliated Hospital of Bengbu Medical College,is,Bengbu Medical College
Peter Doherty Institute for Infection and Immunity,at Department is,Peter MacCallum Cancer Centre
clinical trials,considered as,robust biomarker
Yue J Yu Z Tumor marker index,is factor for,patients with cell carcinoma Cancer Biomark Sect A Disease
Celià Terrassa Cortés O Mateo F Martínez de Paz Rubio N Arnal Estapé Epithelial mesenchymal transition,can suppress,attributes of cells
Department of Pathology,of Department is,Harbin Medical University
Hallym University Medical Center,Department of,Department of Pathology
Radiation Oncology,School of,Sungkyunkwan University School of Medicine
hematopoietic stem cells,differentiate into,APCs in tumor microenvironment
Pembrolizumab,is,monoclonal IgG4 antibody consisting of high affinity mouse anti-PD-1-derived region grafted with engineered Fc region
miRNAs,may,may biomarkers for patients with cancer
biomarkers,are,with development of liquid biopsy of cancer diagnosis needed for large scale studies
Jiangsu Cancer Hospital,is,Jiangsu Institute of Cancer Research
Department of Biochemistry and Molecular Biology,Science of,Basic Medical Science of Tongji Medical College
EMT markers,E-cadherin in,HSC6 cells
Pembrolizumab,is,monoclonal IgG4 anti-PD-1 antibody consisting of high affinity mouse region grafted with Fc region
Athymic week old BALB c nude mice,were purchased from,SLAC Laboratory Animal Co.
Signature generation TCGA clinical data,were downloaded from,NCI ’s Genomic Data Commons accessed Feb. 14 2018
Department of Radiation Oncology,Hospital of,Fujian Medical University
Austria Department of Medical Oncology,is,Erasmus University Medical Center
Heidelberg Institute of Radiation Oncology,of Institute is,National Center for Radiation Oncology
Pembrolizumab,is,humanized monoclonal IgG4 anti-PD-1 antibody consisting of high affinity mouse region grafted with engineered Fc region
Clinical Medicine,of Department is,University Hospital
Department of Dermatology,University of,Shanghai University of Traditional Chinese Medicine
Hematology Oncology,School of,Sungkyunkwan University School of Medicine
Conclusions DCE MRI,is helpful for,characterizing complex tumors
Department of Biostatistics,is,Amrita School of Medicine
Research Neoadjuvant chemoradiotherapy,followed by,transanal total excision assisted for lying rectal adenocarcinoma
Department of Radiation Oncology,of Department is,Fujian Provincial Cancer Hospital
human MIR10B gene,was,For stable expression in immortalized RDEB KCs cloned into pMX IRES Blasticidin vector
MRI,reverses,biochemical tissue characteristics
Dual mammalian target,is in,clinical trial
Comparative Medicine Center,Ministry of,Chinese Ministry of Health
growth factor receptor tyrosine kinase inhibitors,are,widely used in anti-tumor therapy for cell lung cancer
MED,were,31.5 Gy for MED
biological activity TGβRI kinase inhibitor,is,selective pyridopyrimidine type TGβRI kinase inhibitor with IC50
Preoperative modified FOLFIRINOX treatment,followed by,capecitabine based chemoradiation for borderline cancer
MFR profiles,robustness of be,powerful prognostic tool in cancer
our top 50 miRNAs,were proved,miRNAs
Pembrolizumab,is,cancer immunotherapy commonly used for tumors
"Institute of Clinical Immunology , Yueyang Hospital of Integrated",University of,Shanghai University of Traditional Chinese Medicine
DWI MRI evaluation,has,has reported as useful tool for malignant tumors from ovarian lesions
CAR T cell platforms,are under,trials for myeloma
Okazaki T Autoantibodies,are responsible for,cardiomyopathy in PD -1-deficient mice
Department of Histopathology and Cytology,of Department is,Faculty of Medical Laboratory Sciences
Clinical translation recent pioneer study,investigated,use of bispecific antibody consisting
diagnostic biomarkers,are needed with,development of biopsy of cancer diagnosis
Brazil Department of Gynecology,is,Colposcopy Clinic
Columbia University Medical Center,is with,research interest in thoracic oncology
Department of Pathology,Department of,"Department of Internal Medicine , College of Medicine"
Chest tomography scan,revealing,endobronchial massive shadow associated with atelectasis of lobe
Department of Obstetrics and Gynecology,of Department is,Chinese Academy of Medical Sciences and Peking Union Medical College
Anschutz Medical Campus,at Department is,Harold C. Simmons Comprehensive Cancer Center
IHC staining results,were scored separately by,pathologist
T cells,suppress growth in,patient derived xenografts of carcinoma Front Immunol 2016
WA USA Human Biology Division,is,Fred Hutchinson Cancer Research Center
integrative bioinformatics analysis,determine,kinase dependency in TNBC
Internal Medicine,Insitute for,Insitute for Haematopathology
Department of Endocrinology,Hospital of,First Hospital of Jilin University
Pembrolizumab,is,monoclonal IgG4 antibody consisting of high affinity mouse anti-PD-1-derived region
APC gene,encodes,protein with multiple cellular functions
biomarkers,are,In addition with development of biopsy of cancer diagnosis needed for scale prospective studies
Department of Pathology,is,Peking University Cancer Hospital and Institute
Xenograft assay BALB c nude mice,were purchased from,SLAC Laboratory Animal Co.
HCC827 cells,were,In presence of erlotinib treated with MG132
DWI MRI evaluation,has,has reported as useful tool for tumors from lesions
biomarkers,are,with development of liquid biopsy of cancer diagnosis needed for scale prospective studies
Pembrolizumab,is,humanized IgG4 antibody consisting of high affinity mouse anti-PD-1-derived region grafted with engineered Fc region
VEGFR targeting antibody ramucirumab,was,approved by Food Administration for gastric junction adenocarcinoma patients
Trinity Translational Medicine Institute,Hospital ’s,St. Vincent ’s University Hospital
Department of Pathology and Laboratory Medicine,Department of,"Department of Internal Medicine , Division of Hematology / Oncology , University of California Davis"
Research Dual EGFR blockade,combined with,anti-VEGF antibody bevacizumab in advanced solid tumors
.4305.20000 0004 1936 7988 Medical Genetics Section,Centre for,Genomic Medicine
Department of Radiological Technology,of Department is,Okayama University Graduate School of Medicine
AKT inhibitor AZD5363,sensitizes,cancer xenograft model
Conclusion HNSCC cell line xenograft growth,can,can assessed in CAM assays in manner consistent
Environmental Medicine,is,Inha University Hospital
radiologist assessment,is in,prediction of thyroid cartilage invasion from LHSCC
clinical significance,could,could confirmed by cytological bioactivities
clinical trials,were,Although focused in BRCA1 2 cancers
Department of Interventional Radiology,Department of,Department of Medical
Stem Cell,of Laboratory is,Affiliated Cancer Hospital & Institute of Guangzhou Medical University of Guangzhou Medical University
Bioinformatic analysis,reveals,pattern specific to basal like breast cancers
Pembrolizumab,is,monoclonal IgG4 anti-PD-1 antibody consisting of high affinity mouse region
H650 cells,Similarly displayed sensitivity in,our lung cancer cell killing assays
Zhang T Zhang derived carcinoma xenograft mouse models,represent,tumor diversity PLoS One
Cells,were cultured in,Dulbecco ’s Modified Eagle Medium F12 supplemented with inactivated fetal bovine serum
Thoracic Oncology,of Division is,Shizuoka Cancer Center
Inadomi K Kumagai H Arita S Tsuruta N Takayoshi K Mishima K Ota S Tanaka M Okumura Y Sagara K Bi-cytopenia,possibly induced by,anti-PD-1 antibody for melanoma
Radiology,endpoints,Specific anatomical location of target lesions
Adams S Kozhaya L Martiniuk F Meng TC TLR7 agonist imiquimod,can induce rejection in,patients with breast cancer Clin Cancer Res
Department of Radiation Oncology,is,The University of Texas MD Anderson Cancer Center
Cardiac structures,were,contoured on CT by one radiation oncologist
Cully M antibody,directs,T cells
Department of Internal Medicine,of Department is,Bio-Core Co.
computed patient study file,was,registered at National Commission with study approved by Institutional Review Board for Respiratory Medicine
Pembrolizumab,is,monoclonal IgG4 antibody consisting of affinity mouse anti-PD-1-derived variable region grafted with engineered Fc region
Animal Laboratory Center,School of,Tongji University School of Medicine
KF Zhang L Huang CD163 associated macrophages,correlated,cells in oral cell carcinoma Biomed Res Int
Bocca P Di Carlo E Caruana tumor vasculature remodelling,improves tumor infiltration in,human neuroblastoma preclinical model
Department of System Biology,of Department is,City of Hope National Medical Centre
induced arthritis Immunology,Targeting,chemotactic function of CD147
European Organization for Research and Treatment of Cancer,for Organization is,National Cancer Institute of Canada
epidermal growth factor receptor mutation status,is in,patients with lung adenocarcinoma Radiology
Pembrolizumab,is,is evaluated in combination with azacitadine in advanced NSCLC
miRNAs,are,are used as biomarkers
pembrolizumab,are,approved anti PD 1 treatments for various cancer types
Department of Internal Medicine,of Department is,Korea Department of Molecular and Life Science
National Cancer Center / National Clinical Research Center for Cancer / Cancer Hospital,is,Chinese Academy of Medical Sciences and Peking Union Medical College
cancer mouse models,rely on,engineered transgenes
KDR VEGFR2 trials,are,Bevacizumab Humanized mAb VEGF treatment
Medicine,of Department is,Stanford University School of Medicine
human cells,are,In assay seeded into rat tracheas
MSCs Exos,be taken up by,PDL cells
personalized therapies,are limited to,molecular targeted drugs
Kisfalvi K Guha S Rozengurt E Neurotensin,induce stimulation by,increasing duration in ductal cancer cells J Cell Physiol 2005
biomarkers,Circulating,miRNAs
LINC01234 gene,shows,expression level in group 1 breast cancer samples than in group 2 breast cancer samples
Fig. 5 CDDP treatment,abrogates,growth of MOC L1 xenografts
Discussion Radiotherapy,is,integral treatment modality for cancers
Department of Microbiology and Immunology,is,Center for Genomic Sciences
Clinical Biochemistry,is,Department of Laboratory Medicine and Pathobiology
Systems Biology,assist,oncologist community
Department of Craniofacial Surgical Resection,is,Stomatological Hospital
immunohistochemistry,immunoblotted with,specific antibodies
tumoral cell,are,in cell in particular head downregulated by targeting activity
Immunotherapy,are immunogenic with,PD L1 expression found in up to 60 % of HNSCC
miRNAs,affect number as,evidence by miR -142-3p downregulation in glioblastoma
Department of Radiology,of Department is,China Department of Radiology
Cells,incubated overnight followed,incubation with conjugated antibody
EBUS TBNA procedure,was,performed by same physician for patients
Novel pancreatic cancer cell lines,derived from,engineered mouse models spontaneous pancreatic adenocarcinoma
Québec Canada Cancer Care Ontario,is,Occupational Cancer Research Centre
Department of Pathology,of Department is,Southwest Cancer Center
Pembrolizumab,are,IgG4 antibodies approved as second line therapy for metastatic HNSCC
Daye D Wellen KE Metabolic reprogramming,unraveling,role in tumorigenesis Semin Cell Dev Biol
Department of Medical Oncology,of Department is,Catalan Institute of Oncology
IHC Anti-c-MET rabbit monoclonal antibody,was used as,primary antibody
Department of Respiratory Medicine,of Department is,Department of Thoracic Surgery
TLR7 8 agonist imiquimod,may,may promising applied therapeutic agent
Shiba Ishii Noguchi M stratifin overexpression,is,regulated by tumor associated CpG demethylation in lung adenocarcinoma
Yoon SS Lauren histologic type,is most important factor following,resection of adenocarcinoma Ann Surg
Preoperative modified FOLFIRINOX treatment,followed by,based chemoradiation
Pembrolizumab,is,monoclonal IgG4 anti-PD-1 antibody consisting of affinity mouse variable region grafted with engineered Fc region for stabilization
clinical staging system,separates cancer in,8th edition of Joint Committee on Cancer
human MSCs Exos,be rapidly taken up by,PDL cells
supervising surgeon,performed,neurological preparation of patient
Ministry of Education Key Laboratory of Contemporary Anthropology and State Key Laboratory of Genetic Engineering,is,School of Life Sciences
Cancer Genome Atlas Clinical Explorer,is oriented summary of,genomic proteomic data organized by cancer type
clinical trials,reported on,activity of hormonal therapy in cancer
integrated positron emission tomography,is with,computed tomography
Research Neoadjuvant chemoradiotherapy,followed by,transanal total excision assisted for rectal adenocarcinoma
blood TCR repertoire profiling,may facilitate,stratification for immunotherapy
clinical trial,using,MSCs
Immunohistochemistry FFPE slides,were stained for,protein expression of PD L1
Department of Medical Oncology,is,National Cancer Center / National Clinical Research Center for Cancer / Cancer Hospital
Department of Pathology,is,Asan Medical Center
Radiation Oncology,of Department is,Clinical Research Center for Cancer
Clinical studies,have noted association with,improved responses after ICI treatment in single cancer type
Department of Genome Sciences,of Department is,"Department of Medicine , University of Washington , Division of Human Biology"
Department of Molecular Cell Biology,of Department is,Sungkyunkwan University School of Medicine
Several CAR T cell platforms,are under,active clinical trials for multiple myeloma
Pembrolizumab,are,human IgG4 anti-PD-1 antibodies approved as line therapy
Department of Oncology,Department of,Maroc Department of Oncology
Mammalian mitochondria,are depicted,elongated cylindrical particles originated through endosymbiosis
Department of Radiology,is,Nagoya University Graduate School of Medicine
tumoral cell,are,in tumoral cell in particular head downregulated by targeting activity
Texas USA Department of Thoracic Surgery,is,Kyoto University Hospital
combined chemoradiotherapy,advantage over,radiotherapy
Integrative genomic analyses,reveal,relevant long RNAs in cancer Nat Struct Mol Biol
Department of Pathology,is,Medical College of Wisconsin
Primary outcome fitness Cardiopulmonary fitness,will,will determined by cardiopulmonary exercise test gold standard measure
"Institute of Oncology , Badalona",is,Barcelona Spain 4 Thoracic Surgery Department
DCE MRI,has,has determined as useful tool for diagnosis of tumors
early phase oncology trials,focuses on,early phase oncology trials
Her laboratory research,developing,improved strategies for specific clinically relevant molecular subsets of lung cancer
Department of Biotechnology and Pharmaceutical Technology,is,Yuanpei University of Medical Technology
China Department of Oncology,is,Affiliated Hospital of Weifang Medical University
Department of Radiation Oncology,Department of,Department of Radiation Oncology
biomarkers,should ideally incorporate,features of tumor leading to comprehensive assessment of tumor biology
Department of Medical Oncology,of Department is,Chinese Academy of Medical Sciences & Peking Union Medical College
BAE scores,are,biomarkers
Pembrolizumab,is,IgG4 anti-PD-1 antibody consisting of affinity mouse variable region grafted onto IgG4 immunoglobulin molecule with engineered Fc region
HRM MAF titration,was,conducted by MAF in mixed DNA sample from 10 % to 0.005 % of Ex19_std in DNA concentration assay from 0.25 ng μl
Best immunohistochemical panel,is in,distinguishing adenocarcinoma
BTPS type,is in,keeping with McKusick ’s original description of Turcot syndrome with CMMRD spectrum disease
Medical Services,is,National Cancer Center / National Clinical Research Center for Cancer / Cancer Hospital
Department of Gastrointestinal Oncology,Laboratory of,State Key Laboratory of Oncology
Pembrolizumab,is,humanized monoclonal IgG4 antibody consisting of affinity mouse anti-PD-1-derived region grafted onto IgG4 immunoglobulin molecule with Fc region for stabilization
Cells,were analyzed by,BD Biosciences
Department of Cancer Prevention,Centre of,Research Centre of the Portuguese Oncology Institute
Cancer hospital Province Key Laboratory,Center of,Medical Physics and Technology
intra-arterial chemotherapy,is,for example technically facilitated by implantation via Jet Port Allround catheters
CBCT acquisition Patients,underwent,based CBCT scan
Background Epidermal growth factor receptor,is target for,antibody in management of cancer
Royal Marsden NHS Foundation Trust,Institute of,Institute of Cancer Research
Department of Radiation Oncology,Department of,Radiation Oncology
CA USA Department of Biostatistics,is,City of Hope Medical Center
Li Y Zhou YB Pancreatic stellate cells,increase cancer cells invasion through,hepatocyte growth factor survivin regulated by P53 P21 Exp Cell Res
Pembrolizumab,is,is evaluated as adjuvant therapy in PD L1 NSCLC patients
primary PDAC cell line PC013,was propagated from,PDAC tumor tissue biopsies
Internal Medicine,Institute for,Research Institute for Future Medicine
based synthetic therapy,are,Currently targeted at oncogenes
Initial ENT evaluation,is with,direct laryngoscopy
Radical esophagectomy,has,has widely acknowledged with importance for esophageal squamous cell carcinoma
specific biological mechanism,is in,tumorigenesis of NSCLC
Western blot analysis,is in,six cell lines
Clinical research grant,is in,First Affiliated Hospital of Nanjing Medical University
operable patients,is in,Japan Clinical Oncology Group 0403 trial
Background Pancreatic resection,are,powerful tools in multidisciplinary treatment of adenocarcinoma
Precise genome editing,also holds,great promise for correcting disease genes
State Key Laboratory of Genetic Engineering and Ministry of Education Key Laboratory of Contemporary Anthropology,Institute of,USA Fudan - Taizhou Institute of Health Sciences
LSCC cell line Hep2,were available in,our own lab
EBUS TBNA procedure,was,performed by experienced physician for patients
USA Biological Testing Branch,is,Developmental Therapeutics Program
Pembrolizumab,are,IgG4 monoclonal antibodies approved as line therapy for HNSCC by US FDA
diagnostic biomarkers,are,with fast development of biopsy of cancer diagnosis urgently needed for scale studies
Pembrolizumab,was,approved by FDA for treatment of patients with IPI treated advanced melanoma
pharmacological study,evaluate,effects of CDKi roscovitine on multiple myeloma cells
Fig. Computer tomography image,obtained from,patient with adenocarcinoma located
Taiwan Division of Trauma,is,Department of Surgery
Genetic based lethal therapy,are,Currently targeted at activated oncogenes
Department of Medical Oncology,Department of,Australia Department of Radiation Oncology
based chemotherapy,was available therapy for,advanced NSCLC
Pembrolizumab,is,humanized monoclonal IgG4 anti-PD-1 antibody consisting of affinity mouse anti-PD-1-derived region grafted onto human IgG4 immunoglobulin molecule with Fc region
Department of Medical Oncology,Hospital of,Harbin Medical University
Stem Cell Transplantation Research Center,Department of,"Department of Virology , School of Public Health"
transplantable murine colon cancer induced ICD,also augmented,T cell mitochondrial function
Personalized RNA mutanome vaccines,mobilize,poly specific therapeutic immunity against cancer
Molecular Pharmacology Group,is,"Leidos Biomedical Research , Inc."
T cells,indicating,importance of B cell CD8
Pembrolizumab,is,humanized IgG4 anti-PD-1 antibody consisting of high affinity mouse anti-PD-1-derived variable region grafted onto IgG4 immunoglobulin molecule with Fc region
Department of Surgery,is,National Hospital Organization Higashihiroshima Medical Center
Cells,were washed twice on,LSRII flow cytometer
Several tumor antigens,represent,biological markers
HRM MAF titration,was,conducted by MAF in DNA sample
Co-immunoprecipitation assay Protein G magnetic beads,capture,primary antibodies for IGFBP2
Ajou Research Institute for Innovative Medicine,is,Ajou University Medical Center
Stem Cells,for Laboratory is,China7 Guangzhou Research Institute of Traumatic Surgery
driven biomarkers,guide,immune checkpoint blockade in cancer therapy Rev Cancer
T cells,expressing,LMP1 specific chimeric antigen receptor
MBNL3 splicing factor,promotes carcinoma by,increasing PXN expression through splicing of lncRNA PXN AS1 Cell Biol 2017 19 7
Department of Public Health and Institute of Public Health,is,Chung Shan Medical University
biomarkers,guide,ICB treatments
Cell nuclei,were counterstained by,Western blot analysis
Cell proliferation assay,were,For Cell Kit 8 plated at density
Aurora kinase inhibition therapy,preferentially target,KRASG12V transformed cells
MRI,was presented superiority,indicated for stage diseases
Cetuximab,is,targeted biological agent approved for use in HNSCC
Paclitaxel ovarian cancer,induced,transplantable murine breast cancer TAM
radiotherapy,are,main treatment options for patients combined with superior vena cava syndrome
Medical writing,was,provided by Abacus International by Otsuka Pharmaceuticals Europe Ltd.
biomarkers,predict pCR after,SABR treatment with study
Department of Diagnostic Radiology,is,Kaohsiung Chang Gung Memorial Hospital and Chang Gung University College of Medicine
Biomedicine,of Department is,Institute of Bioinformatics
Department of Biomedical Informatics,School of,Vanderbilt University School of Medicine
intra-arterial chemotherapy,is,for example facilitated by implantation via implantable Jet Port Allround catheters
Oncology,of Laboratory is,Guangdong Esophageal Cancer Institute
Cell viabilities,were assessed by,MTS assay
diagnostic biomarkers,are,In addition with development of liquid biopsy of cancer diagnosis urgently needed for scale prospective studies
clinical trials,reported,clinical response of patients with sensitive mutations
Primary Sjögren ’s syndrome,is,in Sjögren ’s syndrome chronic autoimmune disorder characterized by focal lymphocytic infiltration
MIB proliferation index,was markedly higher with,expression of CXCR4 with positive CXCR4 expression
Institute Affiliated Stomatology Hospital,of standards is,Nanjing University Medical School
CT angiography,rapidly effective alternative to,traditional invasive angiography
Internal Medicine,School of,Sungkyunkwan University School of Medicine
Cancer Research Center,is,Sanford - Burnham Medical Research Institute
Cancer J Clin Oncol,is,Ferris RL Immunology
Department Internal Medicine - Oncology,is,Medical Campus University of Oldenburg
serum CYFRA 21 1 assay,has,In our department has routinely performed after radiation based therapy since 2005
NSCLC cell line,were,obtained from Shanghai Cell Bank at Chinese Academy
targeted vaccines,are in,now clinical studies for preventing lung cancer
effective biomarkers,Therefore should ideally incorporate,features of tumor leading
BMS,have funded,support in form for presentations of data from TERRITOIRE study
Several biomarkers,are,are targeted in CAR T cell trials
Radical esophagectomy,has,has acknowledged with paramount importance in intended therapy for squamous cell carcinoma
School of Medicine,is,Chung Shan Medical University
CT coronary angiography,rapidly alternative to,traditional angiography for screening
Several CAR T cell products,are under,active trials for RR multiple myeloma
Simultaneous chemotherapy,was,administered with cetuximab as used agent
Biological Testing Branch,Laboratory for,Frederick National Laboratory for Cancer Research
VU 147T cells,were,cultured in DMEM F12 with 10 % fetal serum
Strizzi L Bianco C Normanno N mesenchymal transition,is,characteristic of hyperplasias in mammary gland from MMTV Cripto 1 transgenic mice
Table 1 Breast cancer associated lncRNAs,is in,top 10 ranking list of Lap BiRWLDA
HRM MAF titration,was,conducted by MAF in DNA sample in total DNA concentration assay from 0.25 ng μl
Gao G Ren S Li Xu J Xu Q Su C growth factor receptor tyrosine kinase inhibitor therapy,is effective as,line treatment with mutated EGFR
c Tumorsphere formation assay,showed,effects of JARID1B knockdown in derived tumorspheres
DACH1 IHC staining results,were evaluated by,three pathologists
employing single biomarkers,capture,only tumor biological features linked with CTC enrichment
Human recombinant epidermal growth factor,was purchased from,BioSource
Institute for Medical Virology,is,University Hospital Tuebingen
new BMP,shown,most potent BMP
targeted oncogene inactivation,be exploited as,immune therapy
Aurora kinase inhibitors,were highly effective against,SCLC cell lines
clinical significance,is dissipating with,development of biomarkers
CT angiography,effective alternative to,traditional invasive angiography
Department of Pathology,is,Hacettepe University School of Medicine
human umbilical endothelial tubular formation,was inhibited by,anlotinib supernatant
Department of Pathology,College of,"Department of Internal Medicine , College of Medicine"
clinical characteristics,were,obtained from medical records
biofilm,constitutes,main etiological factor for diseases
Department of Life Science,is,Graduate Institute of Biomedical Electronics and Bioinformatics
Liang H Liu X Wang M Immunotherapy,combined with,epidermal growth factor receptor tyrosine kinase inhibitors
miRNAs,are,As class of ncRNAs regarded as tool
Cell viabilities,were assessed by,MTS assay
Department of Pathology,is,University Medical Center Utrecht Cancer Center
"Department of Pediatrics , Division of Pediatric Oncology / Hematology",of Department is,University Medical Center Groningen
Peripheral blood TCR repertoire profiling,may facilitate,patient stratification against melanoma Cancer Immunol Res
molecular targeted therapy,is in,Oncologist
model imaging BALB c athymic mice,were provided by,Comparative Medical Center of Yang Zhou University
Hepatology Research Center,is,Mashhad University of Medical Sciences
clinical data,were collected retrospectively as,data from EMRs
Background Chemotherapeutic drugs,used for,cancer therapy
Department of Interventional Radiology,of Department is,Department of Imaging
Robotic surgery,offers advantages over,VATS with accuracy especially in bronchial plastic surgery
Institute of Neuropathology,is,University of Bonn Medical School
circulating biomarkers,level of be,In practical clinical application would influence of individual classifications including age
Department Key Laboratory,Department of,China6 Department of Cardiothoracic Surgery of East Division
Germany Department of Diagnostic Radiology and Neuroradiology,is,University Medicine Greifswald
Novel pancreatic cancer cell lines,derived from,genetically engineered mouse models spontaneous adenocarcinoma
Background Cisplatin,are,important drugs
College of American Pathologists,is,International Association for the Study of Lung Cancer
Cui G Li C Xu G Sun Z Zhu L Li Z Zheng W Li J Yuan A fibroblasts,contribute to,"expression of factor indoleamine 2,3 dioxygenase in human cancers"
Department of Medical Research,of Department is,"Department of Public Health , School of Public Health"
Pancreatic stellate cells,increase invasion through,cell derived CXCR4 axis Pancreatology
YCD TK Cx26 gene system,suppresses tumor growth in,mouse xenograft bladder cancer models
Cells,were,incubated with labeled anti-MAGE-A1 antibody in dark
comprehensive cancer center,is in,USA J Exp Clin Cancer Res
MTS assay,check cell with,siRNAs for MALAT1
adjuvant chemo radiotherapy plays,still role in,integrated therapy
Ib study,is with,MEK inhibitor binimetinib
Yoon SS Lauren histologic type,is factor following,resection of adenocarcinoma Ann Surg
Targeted therapies,is in,digestive oncology
Yoest J Clinical,pathophysiology of,immune related events in immune checkpoint inhibitor treatments in cancer
Department of Radiation Oncology,of Department is,The University of Texas MD Anderson Cancer Center
based chemotherapy,was,For decades available systemic therapy for NSCLC
Several clinical trials,reported on,activity of hormonal therapy in pancreatic cancer
exosomic miR -222-3p level,may,may potential prognostic biomarker
MTE treatment,reduced LAMP1 protein expression with,increased MTE concentration
Department of Internal Medicine,is,CHA Bundang Medical Center
Tokarz M ATM kinase inhibition,sensitizes,p53 mutant glioma
National Cancer Institute,Center for,Center for Cancer Research
clinical correlation,are helpful for,diagnosis of gastric IMT
"Department of Pharmacology , School of Pharmacy",is,Guangxi Medical University
Bcl family,mediates,FZKA enhanced effect of Gefitinib induced lung caner cell apoptosis
Yan W Herman based personalized medicine,is in,human cancer Epigenomics
miRNAs,be involved in,development of EGFR mutations in LUAD
Pembrolizumab,is,humanized monoclonal IgG4 anti-PD-1 antibody consisting of affinity mouse variable region grafted
Department of Oncology,School of,Medical School of Nanjing University
B cells,is in,total PBMCs
Snail transcription factor,enhances,expression of EMT transcription factor
oncology electronic medical records,is in,United States BMC
Department of Medical Oncology,Department of,Victoria 3084 Australia Department of Medical Oncology
Department of Surgery,of Department is,Department of Gastroenterology
miRNAs,are targets for,cancer therapies
Chungnam National University Hospital,member of,Korea Biobank Network
Neurological events,were reported in,clinical trial
CCR2 cells,introduced,powerful potential of imaging techniques for diagnosis of lung IRI
Constructed eukaryotic expression vectors,were transfected into,HEK 293F cells
Department of Biotechnology,is,Kaohsiung Medical University
Pembrolizumab,is,humanized IgG4 anti-PD-1 antibody consisting of affinity mouse anti-PD-1-derived variable region grafted with engineered Fc region
Near infrared guided surgery,improves,survival rate in novel orthotopic animal model of head
Infection Medicine,is,Department of Clinical Sciences
Beckman Research Institute,is,City of Hope Medical Center
Tumor Genetics,Institute for,Max Planck Institute for Molecular Genetics
human TCF 1 gene,encodes,nuclear DNA binding protein uniquely expressed in T lineage lymphocytes Blood 1995 86 8 3050 3059 75793 99 20
pre-coated Matrigel cells,were,For Matrigel coated Transwell invasion assay placed in upper chambers
VEGFR targeting antibody ramucirumab,was,approved by Food Administration in United States for advanced junction adenocarcinoma patients with progression on fluoropyrimidine - containing chemotherapy
School of Medicine and Life Sciences and Jiangsu Collaborative Innovation Center of Traditional Chinese Medicine,is,TCM ) Prevention and Treatment of Tumor
"Asan Institute for Life Science , Asan Medical Center",is,Institute for Innovative Cancer Research
specific shRNA,was expressed in,UM SCC 14A cells with endogenous expression
Drug Brand name Manufacturer Targets Applications,Approved,years of clinical trials Erdafitinib Balversa Janssen FGFR1 4 cancer
Biomarker analysis,conducted on,designed phase III trial of chemotherapy
Institute of Cancer Stem Cell,Lab for,"China Ministry of Education Key Lab for Avian Preventive Medicine , College of Veterinary Medicine"
Pembrolizumab,is,humanized monoclonal IgG4 anti-PD-1 antibody consisting of high affinity mouse variable region grafted onto IgG4 immunoglobulin molecule with engineered Fc region for stabilization
Department of Pathology and Laboratory Medicine,is,Kanazawa Medical University
"Department of Internal Medicine , School of Medicine",is,Iwate Medical University
University Division of Applied Pharmaceutical Education and Research,of Division is,Cancer Institute Hospital
HNSCC cells,analyze,impact of SLPI
Tumor differentiation,may,may categorized with stage tumor
Genetic based therapy,are,directly targeted at activated oncogenes
B cells,of organization is,T cells
Background Human papilloma virus,has,has implicated in development of proportion of oropharyngeal cell carcinoma
Department of Biomedical Informatics,of Department is,Vanderbilt University Medical Center
Masuda M Methotrexate,is excreted by,multispecific organic anion transporter
Background Axitinib,is,active tyrosine kinase inhibitor of vascular growth factor receptors 1 2
Pembrolizumab,is,is studied in combination with pegylated interferon alpha 2b
Clinical studies,have noted with,improved patient responses after ICI treatment
NRG oncology RTOG 0436 phase 3,randomized,clinical trial JAMA Oncol 2017
Cetuximab,is,only biological agent approved for use in HNSCC
CT coronary angiography,rapidly effective alternative to,traditional angiography for screening
hBM MSCsHuman bone marrow,derived,MSCs
Pembrolizumab,is,IgG4 anti-PD-1 antibody consisting of high affinity mouse anti-PD-1-derived variable region grafted onto IgG4 immunoglobulin molecule with engineered Fc region for stabilization
Kisfalvi K Guha S Rozengurt E Neurotensin,induce stimulation by,duration of ERK signaling in pancreatic cancer cells J Cell Physiol 2005
AChE binding tail PRiMA,is,down regulated in muscle of mice by merosin deficiency Chem Biol Interact 2013 203 330 334
specific IDO inhibitors,have failed,phase III clinical trials
Background Pancreatic resection,are,tools in treatment of pancreatic adenocarcinoma
Pembrolizumab,is,humanized monoclonal IgG4 antibody consisting of affinity mouse anti-PD-1-derived region grafted onto IgG4 immunoglobulin molecule
endowing cells,is with,properties of cancer stem cell
Department of Medical Oncology,of Department is,Italy Department of Medical Oncology
existing biological knowledge,stored in,biological databases
B cells,are critical to,T cell mediated antitumor immunity induced by immune stimulatory cytotoxic therapy for glioblastoma Neoplasia
T cells,results in,increased expression of PD 1 pathway components
human mucosal tissue protein,was,purchased from BioChain as control
reliable histological diagnosis,analyses of,biopsy samples
Department of Thoracic Oncology,is,National Cancer Center Hospital East
metabolomics,reveal,effect of Saponins of Tribulus terrestris fruit against ischemic stroke
Tumor cells,treated with,cetuximab
chronic autoimmune disorder characterized,is in,primary Sjögren ’s syndrome
pulsatile MEKi treatment,combined with,CTLA 4 blockade survival in tumors
Ongoing early phase oncology trials,focuses solely on,early phase oncology trials at MDACC
MEK double treatment,proved,effective therapeutic strategy in NRAS mutant melanomas
Department of Preventive Medicine and Public Health,School of,Ajou University School of Medicine
T cells,can potentiate,T cells
tumor marker antigens,were,human epididymis protein 4
peri-tumoral response,represents,T cell cytotoxic response in CRC
miRNAs,directly affect number in,case of miR 92a suppression in breast cancer
Department of Biomedical Informatics,School of,Vanderbilt University School of Medicine
Oncology,of Laboratory is,Chongqing Cancer Institute Liu et al. 2016 Open AccessThis article
Pembrolizumab,is,humanized IgG4 antibody consisting of affinity mouse variable region grafted with engineered Fc region
Department of Psychiatry,is,Vanderbilt University School of Medicine
Pembrolizumab,is,IgG4 anti-PD-1 antibody consisting of high affinity mouse variable region grafted with Fc region
computed patient study file,was,registered at National Commission with study approved by Institutional Review Board for Respiratory Medicine
Murine model imaging BALB c mice,were provided by,Comparative Medical Center of Yang Zhou University
three part longitudinal metabolomics study,is in,China Clin Chim Acta
physiologic role,has,has described in hair follicle stem cells
Primary human tracheal cells,were stained marker CD45 for,specific marker CD326 EpCAM
human telomerase reverse Transcriptase,plays,roles J Biol Chem
Bayes tree,was,As result most powerful model for diagnosis of NSCLC
HRM MAF titration,was,conducted by MAF in mixed DNA sample from 10 % to 0.005 % in increasing DNA concentration assay from 0.25 ng
USA Division of Cancer Epidemiology and Genetics,is,National Cancer Institute
Research Neoadjuvant chemoradiotherapy,followed by,mesorectal excision assisted for rectal adenocarcinoma
EditorRobotic sleeve lobectomy,is with,four arms for lung cancer centrally located in right lower lobe
Pembrolizumab,is,humanized IgG4 anti-PD-1 antibody consisting of high affinity mouse region grafted onto human IgG4 immunoglobulin molecule with engineered Fc region for stabilization
Department of General Surgery,is,Peking Union Medical College Hospital
clinical variable model,showed performance based,based only clinical variables
Pembrolizumab,is,humanized IgG4 antibody consisting of affinity mouse anti-PD-1-derived variable region grafted onto IgG4 immunoglobulin molecule
Department of Internal Medicine - Section of Hematology and Oncology,School of,Wake Forest School of Medicine
Surgical Pathology Histology Laboratory,is,University of Colorado Anschutz Medical Campus
Pembrolizumab,is,humanized monoclonal IgG4 anti-PD-1 antibody consisting of affinity mouse variable region grafted onto IgG4 immunoglobulin molecule with Fc region for stabilization
metabonomics approach,was,In study utilized to profile metabolites from pCR
Primary Sjögren ’s syndrome,is,in Sjögren ’s syndrome chronic autoimmune disorder characterized by lymphocytic infiltration of exocrine glands
Four UM SCC cell lines,test,effect on CAM
aSamsung Genome Institute,is,Samsung Medical Center
treatment BALB c mice,housed in,specific level animal facility
T cells,can inhibit,activity of T cells
Research Neoadjuvant chemoradiotherapy,followed by,total mesorectal excision assisted for rectal adenocarcinoma
miRNAs,Recently have garnered lot as,potential blood biomarker for cancer
Department of Gynecology and Obstetrics,of Department is,Department of Radiology
UM SCC cell lines,test,effect on tumor growth on CAM on metastases to liver
Salivary acinar cells,altered,cell volume regulation J Biol Chem 2001 276 23413 20 11290736 60
pathologist,is with,Calgary Laboratory Services
targeted CCR2 cells,introduced,powerful potential of imaging techniques for diagnosis of lung IRI
Chest tomography scan,revealing,endobronchial shadow associated with atelectasis of lobe
BM,developed,BM developed in 30.3 % of patients with
Colaborative Innovation Center of Cancer Medicine,is,Sun Yat - sen University Cancer Center
Research Neoadjuvant concurrent chemoradiotherapy,followed by,transanal mesorectal excision assisted for adenocarcinoma
Pembrolizumab,are,IgG4 anti-PD-1 monoclonal antibodies approved as line therapy for metastatic HNSCC by US FDA
Clinical Bioinformatics,is,Biomedical Research Institute
Ramnath N Neill H Induction chemotherapy,followed compared,chemoradiotherapy for stage III Non-small-cell lung cancer
Kawase T Yasui Y Nishina S Fibroblast activation expressing fibroblasts,promote,progression of adenocarcinoma BMC Gastroenterol
miRNAs,were abundant in,miRNAs
Department of Pulmonology and Immunology,Hospital of,Hospital of Lithuanian University of Health Sciences
MTE treatment induced apoptosis,is in,NSCLC cells
Cogle CR cell,derived,angiocrine support of acute myeloid leukemia targeted by receptor tyrosine kinase inhibition Leuk Res
Committee on Chinese Medicine and Pharmacy,is at,Department of Health
Pembrolizumab,is,humanized monoclonal IgG4 anti-PD-1 antibody consisting of high affinity mouse anti-PD-1-derived region grafted with engineered Fc region for stabilization
kidney cell line 293T,maintained respectively in,MEM supplemented with 10 % fetal bovine serum
Environmental Medicine,is,Ajou University School of Medicine
medical imaging,are main methods for,clinical diagnosis leading eventually to biopsy
prognostic biomarkers,should incorporate,features of tumor leading to comprehensive assessment of tumor biology
Pembrolizumab,is,IgG4 antibody consisting of affinity mouse region grafted with engineered Fc region
Department of Immunology,is,H. Lee Moffitt Cancer Center and Research Institute
Department of Radiation Oncology,of Department is,German Cancer Research Center
Bioinformatic analysis,reveals,pattern of gene expression specific to breast cancers
Oncology,of Laboratory is,Sun Yat - sen University Cancer Center
expressed miRNAs,may play roles except,functioning as biomarkers
Radical esophagectomy,has,has acknowledged with importance in intended therapy for esophageal cell carcinoma
Mouse anti-Actin monoclonal antibody,was purchased from,Santa Cruz Biotechnology
Department of Medical Oncology,of Department is,West China Medical School
BMI Cancer type TNM stage Tumor location Neoadjuvant therapy,Resected,SII Chemoradiotherapy
PKM1 isoform formation,inducing,PKM2 isoform formation
Department of Urology,of Department is,Institute of Pathology
Roland CL Yang AD Katz MH Chatterjee D Wang H Lin H Vauthey JN Pisters PW Varadhachary GR Wolff RA Neoadjuvant therapy,is associated with,reduced lymph node ratio in patients with pancreatic cancer Ann Surg Oncol
biological knowledge,stored in,biological databases
Institute of Human Genetics,is,University Medical Center Ulm
Department of Oncology,Institute for,"Asan Institute for Life Science , Asan Medical Center"
Ottawa Hospital Cancer Centre,Faculty of,Canada Faculty of Medicine
Biological Sequence Analysis,for Center is,Dana - Farber Cancer Institute
Metabolic Disorders Research Center,is,Golestan University of Medical Sciences
Department of Oncology,of Department is,Juravinski Cancer Centre
Stem Cells,for Laboratory is,China4 Department of Thoracic Surgery
Department of Pathology,of Department is,USA3 Graduate Program in Biomedical Sciences
Parental UM SCC 5 cells,were,treated with cetuximab
Medical Oncology,School of,School of Pharmaceutical Science and Yunnan Key Laboratory
Tianjin Medical University Cancer Institute and Hospital,is,National Clinical Research Center for Cancer
biomarkers,predicting,HCC patients with disease specific survival
IL 24 gene,was,originally discovered by subtraction hybridization method by exposing melanoma cells
Medicine,College of,"Department of Anatomy , College of Medicine"
VEGFR targeting antibody ramucirumab,was,approved by Food Administration in United States for junction adenocarcinoma patients
human TCF gene,encodes,binding protein uniquely expressed in normal T lineage lymphocytes Blood 1995 86 8 3050 3059 75793 99 20
biomarkers,are,In addition with fast development of liquid biopsy of cancer diagnosis urgently needed for scale studies
transplantable colon cancer induced ICD,augmented,T cell mitochondrial function
UM SCC cell lines,test,effect on CAM
Metastatic capability,was assayed by,mouse tail vein metastasis model
Tehran University of Medical Sciences,of University is,Tehran University of Medical Sciences
Urogenital Stem Cell Research Center,is,Shahid Beheshti University of Medical Sciences
radiotherapy,is,Although treatment for NSCLC
University of Texas M.D. Anderson Cancer Center,Department of,USA Department of Histology and Pathology
tumor subtypes,may,In cancers may distinguished by miRNAs
White VA Lewallen S Clinical factors,associated in,patients ocular surface squamous neoplasia Kilimanjaro Christian Medical Centre
School of Stomatology,is,Nanjing Medical University
cytological diagnosis,using,CT guided needle aspiration of tumor
Department of Otolaryngology,is,The Institute of Otolaryngology
Radiation Oncology,of Department is,Department of Medical Research
clinical treatment,should differ due,behaviour of rectal mucinous adenocarcinoma
Pembrolizumab,is,monoclonal IgG4 anti-PD-1 antibody consisting of affinity mouse anti-PD-1-derived region grafted with Fc region for stabilization
pancreatic cell,is key player in,complex regulation of pancreatic tumor microenvironment
Cancer research,turn molecules into,valid drug candidates for targeted therapies
CAR T cell platforms,are under,active clinical trials for multiple myeloma
Metabolomic analysis,demonstrated,profile in ACM from EAC patients
Dental Disease Research Center,Department of,"Department of Immunology , School of Medicine"
DWI MRI evaluation,has,has reported as useful tool for malignant tumors from benign lesions
medical monitor,provide,medical review of pre-specified events
final definitive diagnosis,was,made by resection in patients
Department of Medical Imaging,is,Sun Yat - sen University Cancer Center
biomarkers,predict pCR after,SABR treatment with study on explanted tumour as gold standard
HRM MAF titration,was,conducted by MAF in mixed DNA sample in DNA concentration assay from 0.25 ng
Department of Medical Oncology,of Department is,Australia School of Cancer Medicine
Clinical data,were collected through,record management system of Binzhou Medical University Hospital
Institute of Chinese Materia Medica,of Institute is,Lunan Pharmaceutical Group Co. Ltd.
Chinese medicine,is,In China mainly used clinically in combination
Pembrolizumab,is,humanized monoclonal IgG4 antibody consisting of affinity mouse anti-PD-1-derived region grafted with engineered Fc region for stabilization
Bioinformatic analysis,reveals,pattern of associated gene expression specific to like breast cancers
Vanderbilt Genetics Institute,is,Vanderbilt University School of Medicine
Pembrolizumab,is,IgG4 antibody consisting of affinity mouse anti-PD-1-derived variable region
Clinical Medicine,of Department is,Norway Nordland hospital
Liang H Liu X Wang M Immunotherapy,combined with,epidermal growth factor receptor tyrosine kinase inhibitors in non-small-cell lung cancer treatment Onco Targets
Oncology,of Laboratory is,Dalian Medical University
Prospective Biomedical Optics Research Unit,is,Department of Biophysics
Pulmonology,of Division is,Yonsei University College of Medicine
Recombinant human endostatin,is with,combined definitive chemoradiotherapy as primary treatment for patients
Della Vittoria Scarpati G Falcetta F Carlomagno C Ubezio P Marchini S De Stefano A specific miRNA signature,correlates with,complete response in rectal cancer Int J Radiat Oncol Biol Phys 2012 83 1113 1119
HTB177 cells,study,effects of pharmacological inhibition of P2X on metastasis of lung cancer
Pembrolizumab,is,IgG4 anti-PD-1 antibody consisting of high affinity mouse region grafted
Department of Epidemiology and Public Health,Faculty of,medicine
engrafted cells,gave rise to,well differentiated mucociliary epithelia
Lgr5 cells,be,origin of gastric carcinoma specifically in intestinal histotype
C12 ion beam therapy,offers advantages compared,energy x-ray therapy as for example biological efficiency
Yue J Yu Z Tumor marker index,is significant prognostic factor for,patients with esophageal cell carcinoma Cancer Biomark Sect A Disease
Third Department of Internal Medicine,is,Wakayama Medical University
Nakamura T Nakao T Ashihara E Yoshimura N suppressor cells,recruit,Foxp3 T cells in murine cardiac allograft
MISSILE NSCLC study,evaluate outcomes after,treatment approach of SABR
Bevacizumab,is,anti-VEGF monoclonal antibody
Department of Radiation Oncology,is,Faculty of Medicine and University Hospital
Respiratory Medicine,of Department is,First Hospital of Jilin University
Mycetoma Research Center,Faculty of,Medicine
pharmacological study,evaluate,effects on doxorubicin resistant human myeloma cells
Pembrolizumab,is,humanized monoclonal IgG4 antibody consisting of high affinity mouse anti-PD-1-derived variable region grafted onto human IgG4 immunoglobulin molecule with Fc region
Department of Gynecologic Oncology,of Department is,Sungkyunkwan University School of Medicine
Liver Cancer Institute of Zhongshan Hospital,is,Fudan University Shanghai School of Medicine
National Cancer Center Hospital,Hospital of,Cancer Institute Hospital of the Japanese Foundation for Cancer Research
National Comprehensive Cancer Network,Association for,International Association for the Study of Lung Cancer
University of Texas M.D. Anderson Cancer Center,School of,School of Medicine
Department of Disease Control,is,Ministry of Public Health
medial laparotomy,was,performed with resection of area simultaneously with left nephrectomy
its biological consequences,require investigation,strongly associated with drug response
Department of Pathology,is,West Georgia Hospital
Medical Information Unit,is in,our Cancer Center
Department of Internal Medicine,is,Kaohsiung Medical University Hospital
based biomarkers,predict pCR after,SABR treatment with study on tumour
related IBMs,can promote,evaluation of changes within tumours
expressed miRNAs,have,As matter have studied in cancers
Department of Obstetrics and Gynecology,is,Peking Union Medical College Hospital
Department of Radiology and Radiation Oncology,School of,Hokkaido University Graduate School of Medicine
Drug Brand name Manufacturer Targets Applications,Approved,years of clinical trials Erdafitinib Balversa Janssen FGFR1 4 advanced cancer
Department of Medicine,is,University of Vermont College of Medicine
numerous biomarkers,are under,clinical evaluation for treatment of cancer
Medicine,of Department is,University Hospital Erlangen
cisplatin based chemoradiotherapy,showed improvement compared,sequential chemoradiotherapy
Clinical T status,were determined via,endoscopic ultrasound performed by endoscopists at our facility
serum elevated miR,be,promising diagnostic biomarker
Sun Yat sen University Cancer Center,is,cancer hospital in Guangdong Province in South China
Department of Radiology and Radiation Oncology,of Department is,Department of Clinical Radiology
blood TCR repertoire profiling,may facilitate,stratification for immunotherapy against melanoma Cancer Immunol Res
Strizzi L Bianco C Normanno N mesenchymal transition,is,characteristic of hyperplasias in mammary gland from MMTV Cripto 1 mice
MACS,specifically label CTCs with,8 monoclonal antibody
biological relevancy,generated by,MFR profiles
VEGFR targeting antibody ramucirumab,was,approved by Food Administration in United States for advanced gastric junction adenocarcinoma patients with progression on fluoropyrimidine - containing chemotherapy
HRM MAF titration,was,conducted by MAF in DNA sample from 10 % to 0.005 % of Ex19_std in increasing DNA concentration assay from 0.25 ng
Discussion Cardiac CT,offers,detailed anatomical assessment of CAD comparable
Proper anatomy,is,particularly crucial to normal physiology of aspiration
Cancer Genome Atlas project,has generated,data for over 20 cancer types
mRNA vaccines,are highly suitable for,targeting tumor specific antigens
Department of Biological Sciences,Department of,Department of Animal Sciences
Department of Medicine,is,Kurume University School of Medicine
Human pancreatic adenocarcinoma tissues,were obtained from,Pathology Unit
Epidemiologie,is,Universitätsklinikum Hamburg - Eppendorf
Cells,were stained with,primary rabbit polyclonal antibody
Human cells 16HBE,were kindly provided by,tumor Cell Library of Chinese Academy of Medical Sciences
Takai K Hara J Matsumoto K Hepatocyte growth factor,is constitutively produced by,human bone marrow stromal cells
miRNAs,drive hallmarks through,direct regulation of miRNAs
Department of Medical Oncology,Laboratory of,Oncology
Huang TGF beta1 expression,is,regulated by mitogen activated protein kinase in mesangial cells Kidney Int
Kawase T Yasui Y Nishina S Fibroblast activation expressing fibroblasts,promote,progression of pancreatic adenocarcinoma BMC Gastroenterol
ROCK kinase inhibitor fasudil,was first small molecule for,clinical use
Third Department of Internal Medicine,of Department is,Shizuoka Cancer Center
diagnostic biomarkers,are,with fast development of liquid biopsy urgently needed for scale studies
serum CYFRA 21 1 assay,has,In our department has routinely performed at initial diagnostic workup after based therapy since 2005
fat 1 transgenic model,been applied to,studies related to autoimmune diseases
Key Laboratory,is of,Translational Cancer Research
Shengli Clinical Medical College,is,Fujian Medical University
Kisfalvi K Guha S Rozengurt E Neurotensin,induce stimulation by,increasing duration in pancreatic cancer cells J Cell Physiol 2005
Clinical data,were collected from,medical records
human lung adenocarcinoma cell line A549 cells,were obtained from,Chinese Academy of Medical Sciences
NLRP3 inflammasome,is in,hematopoietic cells
Lgr5 cells,be cellular origin in,specifically intestinal histotype
Boffa DJ Allen MS,Grab JD Data from,Society of Surgeons General Thoracic Surgery database
Della Vittoria Scarpati G Falcetta F Carlomagno C Ubezio P Marchini S De Stefano A specific miRNA signature,correlates with,complete pathological response in locally advanced cancer Int J Radiat Oncol Biol Phys 2012 83 1113 1119
Topalian SL Taube JM Anders RA biomarkers,guide,immune checkpoint blockade in cancer therapy Nat Rev Cancer 2016 16 275 287
Simultaneous bilateral pulmonary resection,was performed by,team of surgeons
Tissue sample analysis Biomarker expression,semi-quantitatively using,immunochemistry
China Key Laboratory of Oral Medicine,is,"Guangzhou Institute of Oral Disease , Stomatology Hospital of Guangzhou Medical University"
Chiba University Hospital,Department of,Department of Diagnostic Pathology
Radiation Oncology,of Department is,School for Oncology Biology
Fig. 3 LCSE induced apoptosis,is in,NSCLC cells
Department of Medicine,is,Duke University Medical Center
Neurotransmitters,released by,autonomic system
Computed tomography,is,main imaging modality for lung lesions based on characteristics
anti- total ERK1 polyclonal antibody,was provided by,Santa Cruz Biotechnology
Wellcome Trust Sanger Institute,is,Wellcome Genome Campus
Cell type specific expression,was determined by,immunohistochemistry
miRNAs,are,Specifically are applied as prognostic biomarkers in setting of trials
anti-tumor activity,is dependent on,I presentation of specific tumor derived peptides
Biomedical Research Center,is,Affiliated Calmette Hospital of Kunming Medical University
Ugras S Primary composite tumour,is with,bipartite differentiation of esophagus Acta Chir Belg
single agent gemcitabine,was,Despite its activity first line treatment
Research Neoadjuvant concurrent chemoradiotherapy,followed by,transanal total excision assisted for rectal adenocarcinoma
Pembrolizumab,is,humanized monoclonal IgG4 antibody consisting of high affinity mouse anti-PD-1-derived region grafted onto human IgG4 immunoglobulin molecule with engineered Fc region
Pembrolizumab,is,humanized monoclonal IgG4 antibody consisting of high affinity mouse anti-PD-1-derived variable region grafted with engineered Fc region
Stoop HJA Peppelenbosch MP van Eijck CH Sleijfer S Tumor cell expression,predict,cancer specific survival
Fibroblast growth factor receptor gene amplification,is,associated with survival in patients with resected squamous cell lung cancer J Clin Oncol
Preoperative modified folfirinox treatment,followed by,based chemoradiation
Inadomi K Kumagai H Arita S Tsuruta N Takayoshi K Mishima K Ota S Tanaka M Okumura Y Sagara K Bi-cytopenia,induced by,antibody for melanoma of esophagus
clinical molecular variable model,However showed performance based,based clinical variables
Radial EBUS,aided in,obtaining histological diagnosis
One target gene,may,may regulated by miRNAs
Pembrolizumab,is,humanized monoclonal IgG4 anti-PD-1 antibody consisting of affinity mouse anti-PD-1-derived variable region grafted with Fc region for stabilization
Joint Committee tumor node metastasis classification system,is,currently gold standard for pancreatic cancer prognostication
TCF 1 gene,encodes,nuclear DNA binding protein uniquely expressed in T lineage lymphocytes Blood 1995 86 8 3050 3059 75793 99 20
Diagnosis BRPC,was,diagnosed via 16 - slice MDCT with pancreas protocol including cross-sectional imaging with 2 mm slice thickness
Computed tomography,revealed shadow at,site of upper lobe bronchus
Department of Oncology,University of,Hubei University of Medicine
Results TMB,can,can measured by targeted genomic profiling assay
effective biomarkers,Therefore should incorporate,features of tumor leading
Cancer Therapy Evaluation Program,is at,National Cancer Institute
medicines,have,have long important source for anti-cancer agents
Pembrolizumab,is,is studied in combination with ipilimumab in patients with melanoma
Pembrolizumab,is,humanized monoclonal IgG4 antibody consisting of affinity mouse region grafted onto IgG4 immunoglobulin molecule with engineered Fc region
radiotherapy,Int,J Radiat Oncol Biol Phys 2007 69 2
clinical significance,is dissipating with,development of biomarkers of specificity including markers in liquid biopsies
peri-tumoral response,represents,activated T cell cytotoxic response in CRC
MMPs production,enhance,in tumor angiogenesis
Pembrolizumab,is,humanized monoclonal IgG4 anti-PD-1 antibody consisting of affinity mouse variable region grafted with Fc region
TLR7 8 agonist imiquimod,may,For cold VSCC tumors may promising therapeutic agent
Department of Radiation Oncology,is,VU University Medical Center
neuropilin 2 isoform NRP2b,uniquely supports,TGF beta mediated progression in lung cancer Science Signaling
Department of Medical Biology,of Department is,University Hospital
Radiation Oncology,of Department is,Shanghai Institutes for Biological Sciences
miRNAs,are,are used as directed therapies as diagnostic prognostic biomarkers
Collaborative Innovation Center for Cancer Medicine,is,Sun Yat - sen University Cancer Center
Single cell analysis,reveals,stem cell program in human breast cancer cells
Shalem O Sanjana NE Zhang F High throughput functional genomics,using,CRISPR Cas9 Rev Genet 2015 16 299 311
serum CYFRA 21 1 assay,has,In our department has routinely performed at initial diagnostic workup after radiation based therapy
preoperative CRT,can,can performed in rectal SCC for disease control
MIB proliferation index,was higher with,expression especially with CXCR4 expression
Institute of Pathology,is,Faculty of Medicine
Berlin Institute of Health,is,Charité Comprehensive Cancer Center
next generation TRK kinase inhibitor,overcomes resistance to,TRK kinase inhibition in patients with TRK fusion positive solid tumors Cancer Discov
Yale Cancer Center,is,Yale School of Medicine
Fig. 1 Gefitinib treatment,induces interferon response hallmark pathways in,human HNSCC cell lines
Internal Medicine,is,Samsung Medical Center
Pembrolizumab,is,humanized IgG4 antibody consisting of high affinity mouse variable region grafted with Fc region
Department of Radiation Oncology,Department of,China Department of Radiation Oncology
Pembrolizumab,are,IgG4 monoclonal antibodies approved as second line therapy for HNSCC
"National Cancer Institute , National Institutes of Health",is,Center for Cancer Research
dResearch Center for Biochemistry and Nutrition,for Center is,"Department of Hematology and Oncology , School of Medicine"
Zhang SE associated fibroblasts,contribute via,paracrine miR 34a 5p EBioMedicine
Regional lymph node status,is mainly defined by,computed tomography
Chemoradiation Oncology,of Department is,China Department of Gastroenterology
SC USA Department of Surgery,is,Medical University of South Carolina
Biostatistics and Bioinformatics,of Division is,Sidney Kimmel Comprehensive Cancer Center
Medical Academy,is,Lithuanian University of Health Sciences
biological research,Nowadays indicated,role of RNA in cancers
effective biomarkers,Therefore should incorporate,features of tumor leading to comprehensive assessment of tumor biology
HeLa cells transfected,were lower than,HeLa cells transfected by pcDNA 3.1 plasmid
Kisfalvi K Guha S Rozengurt E Neurotensin,induce stimulation by,increasing duration in ductal pancreatic cancer cells J Cell Physiol 2005
Respiratory Care Medicine,of Department is,Affiliated Drum Tower Hospital of Nanjing University Medical School
Department of Basic Pharmaceutical Sciences,is,School of Pharmacy
treatment BALB c mice,housed in,certified specific pathogen free level animal facility with ventilated cages at Institute of Radiation Medicine
systems biology approach J Clin Oncol,Am,Soc Clin Oncol
Cancer Genome Atlas Clinical Explorer,facilitates,use by cancer research
Catalan Health Service,is,Department of Health of Catalonia
Xenografted tumor model BALB c mice,were purchased from,Center of Experimental Animal of Guangzhou University
systemic i.v. infusion,also significantly reduced,NCI H460 tumor volume
Pembrolizumab,is,monoclonal IgG4 anti-PD-1 antibody consisting of affinity mouse anti-PD-1-derived region grafted onto IgG4 immunoglobulin molecule with engineered Fc region
musculature,produces,biochemical anti-tumour factors
human Evi5 gene,was,originally isolated in patient with stage 4S neuroblastoma with constitutional chromosome translocation
serum molecular diagnostic model,was established by,BME cytokines
Department of Medical Parasitology & Mycology,University of,Shiraz University of Medical Sciences
definitive biomarkers,is always active with,biological plausibility
"Department of Pharmacology , College of Pharmaceutical Sciences",Hospital of,Affiliated Hospital of Jiangsu University
Medical Academy,is,Lithuanian University of Health Sciences
Radio immunotherapy,remains regarding,sequencing of treatments
radiotherapy,are powerful tools in,multidisciplinary local treatment of ductal adenocarcinoma
Fig. Computer tomography image,obtained from,patient with adenocarcinoma located in colon 55 cm from anus
MUC16 CA125 antigen,is,Moreover used serum marker for diagnosis of ovarian cancer
Department of Surgical Pathology,of Department is,Hokkaido University Hospital
European Organization for Research and Treatment of Cancer,for Organization is,National Cancer Institute of Canada J Natl Cancer Inst
Pembrolizumab,is,humanized IgG4 antibody consisting of affinity mouse anti-PD-1-derived region grafted onto IgG4 immunoglobulin molecule
Key Laboratory of Molecular Clinical Pharmacology & Fifth Affiliated Hospital,is,Guangzhou Medical University
Department of Molecular Pharmacology and Oncology,is,Gunma University Graduate School of Medicine
Zhang SE associated fibroblasts,contribute via,exosome mediated paracrine miR 34a 5p EBioMedicine
CXCLs CXCR2 axis,have,close relationship with tumor drug resistance
Pembrolizumab,is,monoclonal IgG4 anti-PD-1 antibody consisting of affinity mouse region grafted with Fc region
Primary human tracheal cells,were stained,hematopoietic specific marker CD45
Biomarker analyses,evaluating,erlotinib onartuzumab in advanced lung cancer
Province Translational Forensic Medicine Engineering Technology Research Center,is,Zhongshan School of Medicine
Review TCF7 gene,was,identified as transcription factor in 1991
clinical studies,Besides are exploring,TKI combination treatment
human tracheal cells,were stained marker CD45 for,epithelial specific marker CD326 EpCAM
Pembrolizumab,is,humanized IgG4 antibody consisting of high affinity mouse anti-PD-1-derived region grafted with Fc region
USA David H. Koch Institute for Integrative Cancer Research,for Institute is,USA Harvard - MIT Division of Health Sciences & Technology
Department of Pathology,of Department is,University of Iowa Hospitals and Clinics
Department of Oncology,is,Binzhou Medical College Affiliated Hospital
"Graduate Institute of Clinical Medicine , College of Medicine",is,Taipei Medical University
Hemangiosarcoma,is,very aggressive malignant tumor of blood vessel cells with 3 types
OSCC patient,is,representative of OSCC patient in Europe regarding site
medical advices,is in,precise oncological digestive context
"Department of Public Health , College of Medicine",of Department is,Department of Chest Surgery
Pembrolizumab,is,IgG4 anti-PD-1 antibody consisting of affinity mouse region grafted with engineered Fc region
Cardiovascular Research Center,is,Institute of Basic and Clinical Physiology Sciences
pharmacologic targeting,sensitizes EC cells to,based chemotherapy
IBMs,can promote,evaluation of changes within tumours
Research Neoadjuvant concurrent chemoradiotherapy,followed by,transanal mesorectal excision
SSC 9 cells,is with,LentiSema3A EGFP transfection
Bioinformatic analysis,reveals,pattern of associated gene expression specific to basal like breast cancers in tumors Proc
treating physicians,ascertained tumor response according,Response Evaluation Criteria in Tumors
Fig. Computer tomography image,obtained from,patient with adenocarcinoma located in transverse colon 55 cm
Pembrolizumab,is,humanized IgG4 antibody consisting of high affinity mouse anti-PD-1-derived region grafted onto IgG4 immunoglobulin molecule with Fc region
Tumorigenicity assay potential,was,assessed by transplanting TICs into NOD SCID mice
Department of Radiation Oncology,School of,Hokkaido University Graduate School of Medicine
complete tracheal sleeve resection,was,In our case performed with anastomosis
specific transcription profiles,IS,HNSCC subgroup in patients
Department of Medical Parasitology & Mycology,of Department is,School of Medicine
Human tumor models,mimicking clinical situations in,terms biological features
miRNAs,are,As biomarkers associated with patients survival in cancers
First Department of Medicine,of Department is,Jena University Hospital
Cells,were,incubated with FITC labeled human antibody in dark
Our animal experiments,lacked,metastasis models
Department of Neurology,is,University Hospital Essen
Department of Pathology & Laboratory Medicine,is,Schulich School of Medicine & Dentistry
specific antibodies,However influenced,function of stem cells
T cells,were,recruited by CXCL11 with chemotherapy in tumor microenvironment
T cell B7 family checkpoint,is,co-therapeutic target
Hepatic Surgery Center,is,Institute of Hepato - Pancreato - Bililary Surgery
Division of Public Health Sciences,is,Fred Hutchinson Cancer Research Center
Department of Nasopharyngeal Carcinoma,Center for,Collaborative Innovation Center for Cancer Medicine
Two stents,were implanted in,covered stents combined
Johnston S Jr Pivot JPX lapatinib,combined as,line therapy for hormone receptor
T cells,were,In study found in myocardial tissue
C12 heavy ion beam therapy,offers advantages compared,energy x-ray therapy as for example biological efficiency
Department of Pathology,is,Fudan University Shanghai Cancer Center
bVeneto Institute of Oncology,of Institute is,Oncology Unit 1
Pemetrexed transplantable colon cancer induced ICD,augmented,T cell function
Pembrolizumab,is,humanized monoclonal IgG4 anti-PD-1 antibody consisting of affinity mouse variable region grafted with engineered Fc region for stabilization
Pembrolizumab,is,humanized IgG4 anti-PD-1 antibody consisting of high affinity mouse region grafted with engineered Fc region
Department of Gastroenterological Endoscopy,is,Kanazawa Medical University
Pembrolizumab,is,humanized monoclonal IgG4 anti-PD-1 antibody consisting of high affinity mouse variable region grafted onto IgG4 immunoglobulin molecule with Fc region
Physical Medicine and Rehabilitation,of Division is,Cumming School of Medicine
Oncology Research Initiative,University of,"University of Colorado , School of Medicine"
B cells,is associated in,Oncoimmunology
TP53 gene,Mutation of is,important genomic event in gastric carcinogenesis
DWI MRI evaluation,has,has yet reported as tool for malignant tumors from benign lesions
fUonuma Institute of Community Medicine,of Institute is,Fudan University Shanghai Cancer Center
DWI MRI evaluation,has,has reported as useful tool for malignant tumors from benign ovarian lesions
extensive immuno oncology research,has,has mainly focused on T cells
Fudan University Shanghai Cancer Center – Institute Merieux Laboratory,is,Cancer Institute
Azimian H Dayyani M Toossi MTB Mahmoudi M Bax Bcl 2 expression ratio,is in,prediction of response to breast cancer radiotherapy Iran J Basic Med Sci 2018 21
Department of Radiotherapy,of Department is,Chinese Academy of Medical Sciences and Peking Union Medical College
Cells,harvested for,Western blot analysis
clinical trials,focused on,EGFR TKIs including erlotinib in combination with MEK inhibitors appearing
Chemoradiation Oncology,of Department is,First Affiliated Hospital of Wenzhou Medical University
miRNAs,could,could used as predictive biomarker
Ib study,has established,dose of combination of cetuximab
"Department of Pharmacology , College of Pharmaceutical Sciences",of Department is,Affiliated Hospital of Jiangsu University
MUC16 CA125 antigen,is,used serum marker for diagnosis of cancer
Pharmacology Central London,suppresses tumor growth in,cancer Xenograft model
Its biological role,has,has evaluated in ovarian esophagus cancers
B cells,are critical to,T cell mediated antitumor immunity induced by stimulatory cytotoxic therapy
Berlin Institute of Health,is,Institute of Pathology
three genomic measures,were used,covariates to help in selecting genes in lung cancer classifier
Radio immunotherapy,much remains regarding,sequencing of treatments
The University of Texas MD Anderson Cancer Center,Department of,Texas USA Department of Thoracic Surgery
lung cancer cell line CALU 1,is in,vitroCancer Cell International
miRNAs,are,are applied as prognostic biomarkers in setting
Regenerative Medicine,is,South China Institute for Stem Cell Biology and Regenerative Medicine
Diagnosis BRPC,was,diagnosed via 16 - slice MDCT with pancreas protocol including triphasic imaging with 2 mm slice thickness
Department of Interventional Radiology,Department of,Department of Imaging
murine colon cancer ICD,augmented,T cell function
Genetic based synthetic therapy,are,directly targeted at oncogenes
P.R. China Life Sciences Division,is,Shandong Cancer Hospital and Institute
Pembrolizumab,are,human IgG4 anti-PD-1 monoclonal antibodies approved as line therapy for HNSCC
Pembrolizumab,is,is currently tested in combination with bevacizumab with laser ablation in patients with GBM
Epidermal growth factor receptor tyrosine kinase inhibitors,are,used in therapy for cell lung cancer
Interventional Pulmonology,is,Beth Israel Deaconess Medical Center
Magnetic cell,were isolated with,Miltenyi Biotec
human OSCC SAS cell line,was obtained from,JCRB cell bank
Research Neoadjuvant chemoradiotherapy,followed by,transanal mesorectal excision
PD inhibitor nivolumab,was,when combined with CTLA -4-inhibitor ipilimumab
cetuximab,could replace cisplatin in,chemoradiotherapy for HNSCC
Pembrolizumab,are,IgG4 anti-PD-1 antibodies approved as second line therapy for metastatic HNSCC
Inadomi K Kumagai H Arita S Tsuruta N Takayoshi K Mishima K Ota S Tanaka M Okumura Y Sagara K Bi-cytopenia,possibly induced by,antibody for primary malignant melanoma of esophagus
aMedical Genetics Research Center,is,Faculty of Medical Sciences
Li H Han Y Guo Q derived suppressor cells,induce anergy through,bound TGF beta1 J Immunol
HMC 1 exosomes,were added in,presence of BrdU
bioinformatics,of Department is,"China Department of Pharmacy , College of Health"
Department of Internal Medicine,is,Chungnam National University Hospital
Cells,were incubated with,FITC labeled human antibody
C12 heavy ion beam therapy,theoretically offers advantages compared,energy x-ray therapy as for example biological efficiency
Department of Radiology,of Department is,Department of Radiology
miRNAs,have,have affirmed as tumor suppressors in NSCLC
diagnostic biomarkers,are,with fast development of liquid biopsy of cancer diagnosis needed for large scale studies
employing biomarkers,capture,only tumor biological features
Mitochondrial associated proteins,were involved in,MTE induced apoptosis
biomarkers,are,with fast development of biopsy of cancer diagnosis urgently needed for scale prospective studies
Sun X Serum microRNA 221,functions as,potential marker for patients with osteosarcoma Biomed Pharmacother 2015 75 153 158
our miRNAs,were proved,to miRNAs with accuracy of 100 %
Department of Biochemistry and Molecular Biology,of Department is,China2 Department of Biochemistry and Molecular Biology
"fGraduate Institute of Medicine , College of Medicine",is,Kaohsiung Medical University
Department of Urology,Institute of,Institute of Pathology
Department of Pathology,of Department is,Sungkyunkwan University College of Medicine
Pembrolizumab,is,humanized IgG4 antibody consisting of affinity mouse variable region grafted onto IgG4 immunoglobulin molecule with engineered Fc region
University Hospital for Urology,Institute of,Germany Oldenburg Institute of Pathology
Pembrolizumab,is,humanized monoclonal IgG4 anti-PD-1 antibody consisting of affinity mouse anti-PD-1-derived region grafted onto human IgG4 immunoglobulin molecule
hippocampal gyrus,manages memory As,important gyrus area in brain lobe
KYSE 180 cells,demonstrated tendencies,as observed in KYSE 170 cells
Research Radiotherapy,combined with,gefitinib for patients with locally advanced non-small cell lung cancer
Immunotherapy,is with,PD1 Blocking Agents for Metastatic Melanoma Transfus Med Hemother 2017 44 426 428
Department of Laboratory Medicine,of Department is,Hubei University of Medicine
EGFR antibody cetuximab,is only monoclonal antibody Based,clinical relevance
clinical parameters,were acquired from,UCSC cancer genome browser
Bevacizumab,is,humanized antibody
DWI MRI evaluation,has,has reported as useful tool for tumors from benign ovarian lesions
clinical trials,were,Although focused on PARP inhibitors efficacy
MUC16 CA125 antigen,is,Moreover used serum marker
miRNAs,attractive as,biomarkers for cancer diagnosis
biomarkers,predict pCR after,SABR treatment with histopathological study on explanted tumour
Institute of Human Genetics,Thoraxklinik at,University Hospital Heidelberg
B cells,are critical to,T cell mediated antitumor immunity induced by stimulatory cytotoxic therapy for glioblastoma Neoplasia
T cells,promote,prognosis in cancer Clin Cancer Res
Pembrolizumab,is,is currently tested in patients with recurrent GBM
human IgG4 anti-PD-1 monoclonal antibodies,approved as,line therapy metastatic HNSCC US FDA
DWI MRI evaluation,has,has yet reported as useful tool for malignant tumors from benign ovarian lesions
Department of Family Medicine,is,Kaohsiung Medical University Hospital
diagnostic biomarkers,are,with development of liquid biopsy of cancer diagnosis urgently needed for scale studies
percutaneous stent therapy,can relieve symptoms For,superior vena cava syndrome
based cancer diagnosis,are promising,methods for OSCC with high sensitivity
Transwell assay,determine invasion ability after,treatment with EDS
Pembrolizumab,is,humanized monoclonal IgG4 anti-PD-1 antibody consisting of high affinity mouse region grafted onto IgG4 immunoglobulin molecule with engineered Fc region for stabilization
Medicine,of Department is,Drexel University College of Medicine
Inadomi K Kumagai H Arita S Tsuruta N Takayoshi K Mishima K Ota S Tanaka M Okumura Y Sagara K Bi-cytopenia,possibly induced by,anti-PD-1 antibody for primary melanoma of esophagus
C12 heavy ion beam therapy,offers advantages compared,high energy x-ray therapy as biological efficiency
USA5 Department of Radiation Oncology,is,Beth Israel Deaconness Medical Center
Pembrolizumab,is,humanized IgG4 anti-PD-1 antibody consisting of affinity mouse variable region grafted onto human IgG4 immunoglobulin molecule with Fc region for stabilization
Translational Medicine Research Center,is,North Sichuan Medical College
Department of Stomatology,Affiliated to,Nanjing University of Chinese Medicine
Pembrolizumab,is,humanized IgG4 antibody consisting of affinity mouse anti-PD-1-derived region grafted onto IgG4 immunoglobulin molecule with Fc region for stabilization
Shanghai Zhangjiang Institue of Medical Innovation,is,"Shanghai Biotecan Pharmaceuticals Co. , Ltd."
Bevacizumab,is,monoclonal antibody
traditional medicine,is,In China mainly used clinically in combination
our ddPCR assay,may,with rising prevalence of HPV related OPSCC may mode of high risk patient groups
Cells,subjected at,Sylvester Comprehensive Cancer Center
Radiation Oncology,of Laboratory is,Department of Gynecologic Radiation Oncology
Department of Molecular Biology and Genetics,School of,Istanbul University School of Medicine
Human lung cell line BEAS 2B,was obtained from,Cell Bank of Chinese Academy of Science
Fibroblast growth factor receptor 1 gene amplification,is,associated with survival in patients with resected cell lung cancer J Clin Oncol
VEGFR targeting antibody ramucirumab,was,approved by Food Administration for advanced gastric junction adenocarcinoma patients
CT coronary angiography,effective alternative to,traditional angiography for screening
Radical esophagectomy,has,has widely acknowledged with paramount importance in cure intended therapy for esophageal cell carcinoma
Computed Tomography,documented hypercaptation in,right ventricle
Research Neoadjuvant chemoradiotherapy,followed by,transanal mesorectal excision assisted by port surgery
Gastroenterological Medicine,of Department is,Exploratory Oncology Research and Clinical Trial Center
Pembrolizumab,is,humanized monoclonal IgG4 antibody consisting of high affinity mouse anti-PD-1-derived region grafted onto human IgG4 immunoglobulin molecule with Fc region for stabilization
NLRP3 inflammasome,was correlated with,CSCs markers BMI1
Preoperative modified FOLFIRINOX treatment,followed by,capecitabine based chemoradiation for borderline resectable cancer
"National Human Genome Research Institute , National Institutes of Health",is,Drexel University College of Medicine
Translational Radiation Oncology,is,Department of Radiation Oncology
Department of Cancer Prevention,of Department is,University Hospital
BM,is associated after,development of BM
Institute of Human Genetics,of Institute is,Germany 9 Airway Research Center North Member for Lung Research
Pembrolizumab,is,monoclonal IgG4 anti-PD-1 antibody consisting of affinity mouse anti-PD-1-derived variable region grafted
Family Medicine,of Department is,Gastroenterology Department
major cells,fundamental role in,cell mediated destruction of cancer cells
Pembrolizumab,is,humanized monoclonal IgG4 antibody consisting of high affinity mouse variable region grafted onto human IgG4 immunoglobulin molecule with Fc region for stabilization
National Center for Radiation Research in Oncology,is,Faculty of Medicine and University Hospital
Neck Oncology,School of,Shanghai Jiao Tong University School of Medicine
Kisfalvi K Guha S Rozengurt E Neurotensin,induce stimulation by,duration of ERK signaling in ductal cancer cells J Cell Physiol 2005
Department of Surgery,is,Austin Health
Cell culture Human gastric adenocarcinoma cell line BGC 823,were purchased from,Shanghai Institute of Cytobiology in Chinese Academy of Sciences
HRM MAF titration,was,conducted by MAF in DNA sample from 10 % to 0.005 % in increasing total DNA concentration assay from 0.25 ng μl
School of Clinical Medicine,is,Cangzhou Medical College
Pembrolizumab,is,humanized IgG4 anti-PD-1 antibody consisting of affinity mouse region grafted onto human IgG4 immunoglobulin molecule with engineered Fc region for stabilization
stem cell markers expression,is in,Biochem Biophys Res Commun
MUC16 CA125 antigen,is,serum marker for diagnosis
Pembrolizumab,was,approved by FDA for treatment of patients with treated melanoma
HEK 293T cells,were,For lentivirus production co-transfected with mCAR vector
clinical studies,determine,optimal treatment strategy with SCLC
targeted therapeutics,has,In past decade has developed for treatment of NSCLC
based RNAi screen,identifies tumor suppressors in,liver cancer Cell
Respiratory Medicine,of Department is,Department of Anatomic Pathology
Malabar Cancer Centre,is,tertiary care hospital situated in district of Kannur
Ministry of Health,from grants is,Association for Cancer Research
Department of Medical Immunology,is,Graduate School of Medicine
clinical trials,are,are undertaken in our hospital
NSCLC cells,is with,CUL4A overexpression
Four UM SCC cell lines,test,effect on CAM on metastases to liver
miRNAs,directly affect number as,evidence by miR -142-3p downregulation in glioblastoma
Pembrolizumab,is in,Advanced Merkel Cell Carcinoma N Engl J Med
Department of Obstetrics and Gynecology,of Department is,Tumor Hospital of Chinese Academy of Medical Sciences
Department of Radiation Oncology,Hospital of,Teaching Hospital of Fujian Medical University
Department of Gastroenterology and Hepatology,of Department is,Department of Gastroenterology
Cell culture bronchial epithelial cell line HBE,were,obtained from Institute of Biochemistry
T cells,is in,patient with epithelial Cancer Science
Affiliated Cancer Hospital & Institute of Guangzhou Medical University of Guangzhou Medical University,is,Guangzhou Medical University
Pembrolizumab,is,humanized monoclonal IgG4 antibody consisting of affinity mouse anti-PD-1-derived variable region grafted onto IgG4 immunoglobulin molecule
Anti-EGFR monoclonal antibodies,is,humanized IgG1 antibody
In mouse studies C57BL 6 mice,were obtained from,Guangdong Medical Laboratory Animal Center
blood brain barrier assay Short term melanoma cultures,were obtained from,MBMs
Germany Department of Biochemistry and Molecular Biology,of Department is,University Hospital of Würzburg
biological processes enriched,were,In 513 selected gene set for ADC related to cell proliferation
Pembrolizumab,is,monoclonal IgG4 anti-PD-1 antibody consisting of high affinity mouse variable region
Genetic based therapy,are,Currently targeted at oncogenes
AKT inhibitor AZD5363,sensitizes,derived gastric cancer xenograft model
MIB 1 proliferation index,was higher with,expression with CXCR4 expression
SCC cells,increase tumor size in,orthotopic tumor model
Department of Laboratory Medicine,is,Shinshu University School of Medicine
Primary Sjögren ’s syndrome,is,in Sjögren ’s syndrome disorder characterized by focal lymphocytic infiltration of exocrine glands
Department of Radiation Oncology,of Department is,The University of Texas MD Anderson Cancer Center
MED,were,For patient 31.5 Gy respectively for MED
Ongoing early phase oncology trials,focuses solely on,early phase oncology trials
BBR induced apoptosis,is in,NSCLC cells
Pembrolizumab,is,humanized monoclonal IgG4 antibody consisting of affinity mouse region grafted onto human IgG4 immunoglobulin molecule
Peking Union Medical College Hospital,is,Chinese Academy of Medical Science & Peking Union Medical College
NCBI,in,Gene Expression Omnibus
biomarkers,evaluate,clinical responses of immunotherapy
its biological consequences,require investigation,While associated with drug response
Several CAR T cell platforms,are under,active trials for multiple myeloma
epidermal growth factor receptor tyrosine kinase inhibitors,have,In past few decades have most commonly used as targeted therapy for patients
Clinical data,was collected from,medical records
Department of Oncology,is,Radiation Oncology
Applied Biosystems TaqMan Universal PCR Master Mix,was used for,quantification of lncRNAs expression
Department of Surgery - Division of Public Health Sciences,Division of,MO USA Division of Public Health Sciences
SRB assay term effects,were assessed by,performing clonogenic SRB
Respiratory Failure Research Group,is from,"Ministry of Health , Labour and Welfare"
metabolomic signatures,is with,treatment response to nCRT
Cells,were transferred to,upper Transwell assay
Belgium5 Department of Radiation Therapy,is,Antwerp University Hospital
Simultaneous chemotherapy,was,administered with cetuximab as most commonly used agent
Sagittal resonance imaging study,showing high intensity signals in,posterior lobe pituitary
growth factor receptor tyrosine kinase inhibitors,harboring,type epidermal growth factor receptor
based chemotherapy,is mainstay For,advanced NSCLC
Department of Radiation Oncology,of Department is,First Hospital of China Medical University
Pembrolizumab,is,IgG4 antibody consisting of high affinity mouse variable region grafted with Fc region
DWI MRI evaluation,has,has yet reported as tool for tumors from benign ovarian lesions
brain tissues,are,Finally for Alzheimer disease more affected from disease
Department of Medical Oncology,of Department is,Medical School of Nanjing University
Background Cisplatin,is used as,key anticancer drug including lung cancer
dMolecular Oncology Research Center,is,Barretos Cancer Hospital
specific genes,is in,their genomes
National Cancer Center / National Clinical Research Center for Cancer / Cancer Hospital,is,Chinese Academy of Medical Sciences and Peking Union Medical College
epidermal growth factor receptor,raised attention for,role of EGFR in AML
BrdU incorporation,was measured by,colorimetric cell proliferation assay
Immunohistochemistry embedded breast cancer,were,obtained from US Biomax Inc.
Discussion Cardiac CT,offers,detailed anatomical assessment of CAD comparable to invasive angiography
Bioinformatic methodologies,strengthened,research of biomarkers
serum CYFRA 21 1 assay,has,In our department has performed at workup after radiation based therapy
Cells,were cultured in,Dulbecco ’s Modified Eagle Medium F12 supplemented with inactivated fetal serum
based tumor markers,have,have always hot spot of research for diagnostic markers
TLR7 8 agonist imiquimod,may,For cold VSCC tumors may promising applied agent
Tumor differentiation,may,may categorized with stage tumor like high grade dysplasia carcinoma in situ
Tumor histology,was verified through,histological typing of surgically resected tumor
MIAT over-expression enhanced Nrf2 expression,incubated,renal tubular epithelial cell line HK 2
hemicolectomy,was performed following,oncologic principles with bloc resection
clinical samples,yielded,confirmed lung cancer diagnosis via cytology
Anti-VEGFR monoclonal antibodies,is,humanized antibody against VEGFR
Background Pancreatic resection,are,powerful tools in multidisciplinary treatment of ductal adenocarcinoma
Department of Gynecology and Obstetrics,Department of,Department of Pathology
engineered mice,are,most sophisticated animal models of cancer
Pulmonary Medicine,of Department is,First Hospital of Liaoning Medical University
Aurora kinases,are,KRAS targets in lung cancer
cancer immunotherapy,Recently has shown,great clinical benefit
Center for Bioinformatics and Computational Biology,Institute for,"Iowa Institute for Biomedical Imaging , Department of Electrical and Computer Engineering"
based chemotherapy,was,most common line therapy
Pembrolizumab,is,monoclonal IgG4 antibody consisting of affinity mouse anti-PD-1-derived variable region grafted with Fc region for stabilization
Department of Medical Research,of Department is,China Medical University
HRM MAF titration,was,conducted by MAF in DNA sample in increasing DNA concentration assay from 0.25 ng
Pembrolizumab,is,monoclonal IgG4 anti-PD-1 antibody consisting of affinity mouse anti-PD-1-derived region grafted onto IgG4 immunoglobulin molecule
Shah DR Masters GA Precision medicine,is in,lung cancer treatment Surg Oncol Clin N
three cell lines,exhibited,EC50 values for gemcitabine similar to human cell lines
VEGFR targeting antibody ramucirumab,was,approved by Food Administration in United States for advanced junction adenocarcinoma patients with progression on containing chemotherapy
Project of Invigorating Health Care,is through,Science Technology and Education ( Jiangsu Provincial Medical
Biomedical Engineering,is,MED - X Research Institute of Shanghai Jiao Tong University
MTT assay,indicated,anti-tumour effect following transfection of PDCD4 siRNA
human MIR10B gene,was cloned For,stable expression of miR 10b
clinical variable model,showed performance based,based only clinical variables in model
Bcl 2 families,are,key regulators contributes to cell
Key Laboratory,Institute of,Tianjin Institute of Environmental and Operational Medicine
B cells,is in,total PBMCs
Sagittal resonance imaging study,showing high intensity signals in,lobe pituitary
University Teaching Hospital of Lomé,of Hospital is,Department of Pathology
Pathogenesis Program,Center for,Center for Molecular Oncology
based biomarkers,predict pCR after,SABR treatment with histopathological study as gold standard
Stem Cell Transplantation Research Center,University of,Tehran University of Medical Sciences
Pembrolizumab,is,monoclonal IgG4 antibody consisting of affinity mouse anti-PD-1-derived variable region grafted with engineered Fc region for stabilization
Her laboratory research,developing,improved therapeutic strategies for subsets of lung cancer
clinical characteristics,provide,evidence of clinical management of rare malignancy
Several clinical trials,reported,clinical response of patients with sensitive mutations
Immunohistochemistry,were,performed with primary antibodies against PD L1
Pembrolizumab,is,humanized monoclonal IgG4 anti-PD-1 antibody consisting of affinity mouse anti-PD-1-derived variable region grafted with engineered Fc region
miRNAs,expressed,miRNAs expressed
aMedical Genetics Research Center,University of,Mashhad University of Medical Sciences
Thoracic Oncology,of Department is,West China Hospital
Biomarker analysis,conducted on,designed EXTREME phase III trial of chemotherapy with cetuximab
Hippocampal dosimetry,predicts function impairment after,radiotherapy
Cetuximab,is,targeted biological agent approved for use
Research Neoadjuvant chemoradiotherapy,followed by,transanal mesorectal excision assisted by port surgery for adenocarcinoma
Cells,were,incubated with FITC labeled human anti-MAGE-A1 antibody in dark
medical imaging,are still main methods for,clinical diagnosis leading eventually
simultaneous pulmonary resection,is considered Compared,bilateral pulmonary resection
specific immunohistochemical markers,can,can very useful in diagnosis of cancer
Her laboratory research,developing,improved therapeutic strategies for relevant subsets of lung cancer
B cell,is,one class in immune systems
Department of Internal Medicine,School of,Zhejiang University School of Medicine
Stem Cell,of Laboratory is,Guangzhou Medical University
Primary human cells,were stained,specific marker CD45
Brain metastases,is in,small cell lung cancer Oncology
Aerospace Medicine,of Department is,Fourth Military Medical University
Cells,incubated with,primary antibody against p STAT3
pharmacologic targeting,sensitizes,EC cells
4 HGSOC cell lines,show,higher incidence of Centrosome amplification
Single cell transcriptome,enables characterization in,TME with high resolution
successful therapeutic bronchoscopy,is associated with,improved survival in malignant CAO
Kaohsiung Medical University Hospital,Department of,Department of Family Medicine
nonobese diabetic severe combined immunodeficient xenograft model,reflects,important clinical characteristics of disease Cancer Res 2007 67 8653 8661 10.1158 0008 5472.CAN -07-1198
Department of Radiation Oncology,Department of,Japan Department of Gastroenterology
Pembrolizumab,is,monoclonal IgG4 anti-PD-1 antibody consisting of affinity mouse variable region grafted with Fc region
Group of Bioinformatics,Laboratory of,Biomarkers
Department of Oral Pathology and Microbiology,Institute for,"Department of Microbiology , Research Lab for Oral - systemic Health"
Such clinical significance,could,could confirmed by cytological bioactivities with interference
clinical drug library screen,identifies clobetasol propionate as,NRF2 inhibitor with potential therapeutic efficacy in KEAP1 mutant lung cancer
human HEK293T cell line,grown in,DMEM supplemented with 10 % fetal calf serum
Department of Radiation Oncology,is,University of Washington Medical Center
large clinical trials,have reported on,use of nivolumab for NSCLC
directed precision medicine,has,has investigated as target for anticancer therapy
Thiery JP Acloque H Huang RY Nieto MA mesenchymal transitions,inhibits transition by,targeting FOXM1 in cell lung cancer cells
Colangelo T Polcaro G Ziccardi Proteomic screening,identifies calreticulin as,miR 27a target MHC class I cell surface exposure in cancer Cell Death Dis 2016 7
Center of Medicine and Clinical Research,of Center is,Kuopio University Hospital
Research Neoadjuvant concurrent chemoradiotherapy,followed by,transanal total mesorectal excision assisted by port surgery
biomarkers,are,with fast development of liquid biopsy of cancer diagnosis urgently needed for large scale studies
Department of Radiology,Division of,Radiotherapy
CT angiography,rapidly alternative to,traditional invasive angiography
Front BMC CancerBMC CancerBMC 2407BioMed Central London 637510.1186 s12885 -019-6375-9Case ReportCase report,is in,patient with neurofibromatosis type 1
epidermal growth factor receptor,is target for,cancer therapy
Primary outcome Cardiopulmonary fitness fitness,will,will determined by maximal cardiopulmonary exercise test gold measure
Lung metastasis models,were generated by,using luciferase labeled A549 P GR cells
radiotherapy,are,still main treatment options for patients combined with superior vena cava syndrome
Transwell assay,determine exosomes after,treatment with EDS
tracheal sleeve resection,was,In our case performed with anastomosis
Department of Endoscopy,is,Harbin Medical University Cancer Hospital
Cancer Genome Atlas Research Network,However performed,comprehensive genomic analysis of 178 cell lung cancers
Department of Biomedical Informatics,of Department is,The University of Texas Health Science Center
"Department of Internal Medicine , Division of Oncology",of Department is,Washington University School of Medicine
Department of Translational Research,is in,Medicine
Respiratory Medicine,of Division is,Shiga University of Medical Science
Human cells 16HBE,were kindly provided by,tumor Cell Library
MiRNAs,further inhibit,function of target gene
Computed Tomography,documented hypercaptation in,laryngeal ventricle
same day preoperative diagnostic body 18F FDG PET CT images,generally recommended for,diagnostic body 18F FDG PET CT imaging
miRNAs,expressed higher,miRNAs expressed
Pembrolizumab,is,is also studied in combination with pegylated interferon alpha 2b
USA David H. Koch Institute for Integrative Cancer Research,Institute of,USA Institute of Medical Engineering and Science
"Graduate Institute of Medicine , College of Medicine",Department of,Taiwan Department of Family Medicine
Slovenia Department of Oncology,is,University Medical Centre Maribor
IHC staining,is in,human ESCC
Signet ring cells,predict,response to chemoradiation Ann Thorac Surg
"Education Key Laboratory for Modern Toxicology , School of Public Health",is,Nanjing Medical University
Mitochondrial function,is in,EAC cell lines
Pembrolizumab,is,monoclonal IgG4 anti-PD-1 antibody consisting of high affinity mouse anti-PD-1-derived variable region
Department of Surgery,of Department is,Matsusaka Municipal Hospital
tumor suppressors P53,are,particularly important in regulating cellular senescence
Department of Biochemistry and Molecular Biology,of Department is,Centre for Genomics and Oncological Research
Stem Cell Transplantation Research Center,University of,Tehran University of Medical Sciences
Cogle CR Endothelial cell,derived,support of acute leukemia targeted by receptor tyrosine kinase inhibition Leuk Res
Wang QL growth factor receptor expression,is associated with,clinical prognosis Hematol Oncol
-020-01284-x Primary Research MiR,regulates autophagy by,targeting FBXW7 in human non-small cell lung cancer Wang Hui 1
specific antibody,blocked,activity induced by SCLC cell lines
kidney cell line 293T,maintained in,MEM supplemented with 10 % inactivated fetal bovine serum
Department of Biochemistry,of Department is,MA USA Institute of Biomedical Technologies
Lung metastasis models,were generated by,using A549 P GR cells with lentivirus miR -222-3p KD
"University of Ulsan , College of Medicine",is,Asan Medical Center
Oncohealth Institute,is,Fundacion Jimenez Diaz University Hospital
Complicated mucoceles,often resulting in,right hemicolectomy
Kapodistrian University of Athens School of Medicine,is,First Department of Medicine
Fudan University Shanghai Cancer Center,is,Department of Oncology
miRNAs,were highly abundant in,miRNAs
Pembrolizumab,is,humanized monoclonal IgG4 antibody consisting of high affinity mouse anti-PD-1-derived variable region grafted with engineered Fc region for stabilization
medicine,directed at,specific molecular targets in tumors
Pembrolizumab,is,monoclonal IgG4 antibody consisting of high affinity mouse anti-PD-1-derived region grafted with engineered Fc region for stabilization
clinical applications,is in,personalized radiotherapy
murine colon cancer induced ICD,also augmented,T cell mitochondrial function
hippocampal gyrus,manages memory As,neural gyrus area
Many thoracic surgeons,proceed due,its anatomical structure
Pembrolizumab,is,monoclonal IgG4 anti-PD-1 antibody consisting of affinity mouse anti-PD-1-derived region grafted
Research Neoadjuvant concurrent chemoradiotherapy,followed by,transanal mesorectal excision assisted for rectal adenocarcinoma
medical monitor,provide,medical review
clinical trials,far considered as,most robust biomarker
biomarkers,is always active with,biological plausibility
metabolomics,reveal,protective effect of Saponins against ischemic stroke
miRNAs,are,As biomarkers associated with patients survival
Department of Gastroenterology and Hepatology,of Department is,Japan Laboratory of Chemical Biology and Molecular Imaging
Mexico Cancer Genomics Laboratory,is,Mexico Department of Radiotherapy
School of Advanced Medical Technologies,of School is,Tehran University of Medical Sciences
Key Laboratory,is for,Esophageal Cancer Research
Department of Oncology,Hospital of,University Hospital of Besançon
Tumor cells,induce,stromal cells
Pembrolizumab,is,humanized IgG4 anti-PD-1 antibody consisting of high affinity mouse anti-PD-1-derived region
Bristol - Myers Squibb,is,Janssen Pharmaceutical
IHC staining parameters,were examined for,their classification accuracy of 14 tumor lines
Taiwan Center for Biomarkers and Biotech Drugs,is,Kaohsiung Medical University
Xenografted tumor model Male nude mice,were purchased from,Henan Research Center of Laboratory Animal
Department of Biochemistry,of Department is,SP Brazil Beth Israel Deaconess Medical Center
Pemetrexed murine colon cancer induced ICD,augmented,T cell function
Radiology,endpoints,Specific location of target lesions
Pembrolizumab,is,monoclonal IgG4 antibody consisting of high affinity mouse variable region grafted with Fc region for stabilization
Radiosurgery Society,Department of,USA2 Department of Radiation Oncology
Cell culture Human epithelial cell line HBE,were,obtained from Institute of Biochemistry
based biomarkers,predict pCR after,SABR treatment
Inadomi K Kumagai H Arita S Tsuruta N Takayoshi K Mishima K Ota S Tanaka M Okumura Y Sagara K Bi-cytopenia,possibly induced by,antibody for melanoma of esophagus
Primary outcome Cardiopulmonary fitness fitness,will,will determined by cardiopulmonary exercise test gold standard measure of fitness
MDA MB 231,transduced For,intraperitoneal tumor model
driven biomarkers,guide,immune checkpoint blockade in cancer therapy Rev Cancer
Pembrolizumab,is,is currently tested in combination with bevacizumab with guided laser ablation
biomarkers,level of be,In practical clinical application would influence
Department of Internal Medicine - Section of Hematology and Oncology,of Department is,Department of Radiation Oncology
Pembrolizumab,is,humanized IgG4 anti-PD-1 antibody consisting of affinity mouse variable region grafted with Fc region for stabilization
Research Neoadjuvant concurrent chemoradiotherapy,followed by,total excision assisted for adenocarcinoma
miRNAs,showed,tight correlation in types of tumors
antibody pembrolizumab,recently showed,anti-tumor activity
Stem Cells,for Laboratory is,China5 Lung Cancer Research Center of Sun Yat - sen University
anti-CTLA-4 antibody ipilimumab,is in,currently clinical trials for treatment
Clinic of Animal Surgery,Laboratory of,Radiology
MIR10B gene,was,For expression in immortalized RDEB KCs cloned downstream of Pol III U6 promoter
Novel pancreatic cancer cell lines,derived from,mouse models spontaneous pancreatic adenocarcinoma
Human bronchial cells 16HBE,were kindly provided by,tumor Cell Library of Chinese Academy
Center of Medicine and Clinical Research,School of,"Institute of Clinical Medicine , School of Medicine"
specific fluorescence hybridization,investigate,ACTN4 amplifications in patients with cancer
Medicine,University of,University of Jinan - Shandong Academy of Medical Sciences
umbilical endothelial formation,was obviously inhibited by,anlotinib supernatant
China3 Department of Immunology,is,West China School of Preclinical and Forensic Medicine
Pembrolizumab,is,monoclonal IgG4 anti-PD-1 antibody consisting of high affinity mouse variable region grafted with engineered Fc region
specific immunohistochemical markers,can,can very useful in diagnosis of rectal cancer to thyroid carcinomas
EMJ Oncol NCCN Clinical Practice Guidelines,is in,Oncology
Department of Radiation Oncology,School of,School of Medicine
peri-anal extramammary Paget 's disease,associated with,two differentiated intramucosal sigmoid carcinomas
Cells,incubated with,primary antibody
Institut Pierre Louis d’Epidémiologie et de Santé Publique,Department of,Department of Chest Medicine
Several lncRNAs,act by,miRNAs
epidermal growth factor ligand,associated with,prognosis human squamous cell carcinomas Oncol Rep 2008
Yue J Yu Z Tumor marker index,is significant prognostic factor for,patients with resectable cell carcinoma Cancer Biomark Sect A Disease
Matrigel cells,were placed For,Matrigel coated Transwell invasion assay
human alveolar cells,were resistant,expressed in cells
Radical esophagectomy,has,has widely acknowledged with importance in intended therapy for esophageal cell carcinoma
Clinical applications Liquid biopsy,is,new diagnostic tool performed on blood
Department of Radiology,is,Ruijin Hospital Luwan Branch
Female BALB c mice,were obtained in,Experimental Animal Center of Soochow University
biomarkers,predict pCR after,SABR treatment with histopathological study on tumour
Department of General Surgery,is,Peking Union Medical College Hospital
Pemetrexed murine colon cancer ICD,augmented,T cell mitochondrial function
Lithuania Department of Pathology,is,Hospital of Lithuanian University of Health Sciences
Pembrolizumab,is,humanized monoclonal IgG4 anti-PD-1 antibody consisting of high affinity mouse anti-PD-1-derived variable region grafted onto human IgG4 immunoglobulin molecule with Fc region
Postow MA Callahan MK Barker CA Immunologic,correlates of,effect in patient with melanoma N Engl J Med
Samsung Biomedical Research Institute,is,Sungkyunkwan University School of Medicine
Pembrolizumab,is,humanized monoclonal IgG4 anti-PD-1 antibody consisting of affinity mouse region grafted onto human IgG4 immunoglobulin molecule with Fc region for stabilization
THP 1 cells,were,In our cell model induced into macrophages by LPS
Institute of Public Health,of Institute is,Saarland Cancer Registry
cancer immunotherapy,has shown,great clinical benefit
adjuvant chemo radiotherapy plays important role,is in,integrated therapy
miRNAs,are,are increasingly used as directed therapies as prognostic biomarkers
Immunohistochemistry,is in,surgical pathology
PSMD,were,cancer driver genes with role in proteasome pathway with also RPN1 2
miRNAs,play role In,hallmarks of angiogenesis
Pembrolizumab,is,humanized IgG4 anti-PD-1 antibody consisting of high affinity mouse anti-PD-1-derived region grafted with engineered Fc region for stabilization
MIB proliferation index,was higher with,expression of CXCR4 with CXCR4 expression
School of Dental Medicine,is,University of Colorado Anschutz Medical Campus
Department of Internal Medicine,of Department is,Department of Internal Medicine
Two clinical trials,have studied,pembrolizumab
clinical trials,considered as,most robust biomarker
PCR enzyme immunoassay,enables,identification in cervical scrapes
tertiary hospital,is in,Nigeria Ann Med Health Sci Res
"Department of Occupational & Environmental Medicine , College of Medicine",College of,"Korea2 Department of Occupational & Environmental Medicine , College of Medicine"
Cell culture Human epithelial cell line HBE,were,obtained from Institute of Biochemistry of Chinese Academy
medical monitor,provide,medical review of pre-specified events in support
biomarkers,Therefore should incorporate,features of tumor leading
western blot assay,detect expression after,HCC827IR derived treatment
in anti-metastatic activity,has,has demonstrated suppression of rat breast cancer metastasis
biomarker expression score,will,will correlated with clinical course
circulating miRNAs,showed correlation,tumor type mentioned
Pembrolizumab,is,humanized monoclonal IgG4 anti-PD-1 antibody consisting of high affinity mouse variable region grafted
Takai K Hara J Matsumoto K Hepatocyte growth factor,indirectly promotes,hematopoiesis Blood
Biological Sequence Analysis,for Center is,Massachusetts USA Department of Surgery
Robinson G endothelial growth factor,is,autocrine survival factor for neuropilin expressing breast carcinoma cells
Department of Pathology,University of,"University of Colorado , Anschutz Medical Campus"
B cell,is,one major class of immune cells in systems
Xing F Saidou J Watabe K Cancer associated fibroblasts,is in,tumor microenvironment Front Biosci 2011 15 166 187 10.2741 3613 4
Department of Internal Medicine,is,Inha University College of Medicine
Department of Radiation Oncology,Department of,Department of Internal Medicine
Tucatinib Tukysa Seattle Genetics HER2 Combination,is with,trastuzumab for unresectable HER2 Positive breast cancer 2020
Human vein endothelial cells,were transfected with,DC based TFAP2B siRNA
European Organization for Research and Treatment of Cancer,for Organization is,National Cancer Institute of Canada J Natl Cancer Inst
D cells,were purchased from,Shanghai Institute of Biochemistry
Predictive biomarkers,are common practice with,targeted therapies like anti HER2
miRNAs,have,As matter of fact have studied in cancers
Department of Oncology,of Department is,Department of Oncology
immunotherapy group,contained proportion Compared,chemotherapy group
Center for Radiological Research,is,Columbia University Medical Center
Pembrolizumab,is,humanized monoclonal IgG4 anti-PD-1 antibody consisting of affinity mouse anti-PD-1-derived region grafted with Fc region for stabilization
mRNAs,were selected from,miRNAs
texture IBMs,could reflect,intra-tumour heterogeneity
Prospective School of Medicine,is,UCLA USA National Institutes of Health
PRMT overexpression,has,Since has implicated in human cancers
MSCs,appear,ideal tool for cell based therapies
Pembrolizumab,is,humanized IgG4 anti-PD-1 antibody consisting of high affinity mouse variable region grafted onto IgG4 immunoglobulin molecule with Fc region for stabilization
Bevacizumab,is,humanized monoclonal antibody
NLRP3 inflammasome,was,demonstrated as negative regulator in associated liver cancers
biomarkers,are,with fast development of liquid biopsy urgently needed for scale prospective studies
medial laparotomy,was,performed with resection of anterior rectal area simultaneously with nephrectomy
Her laboratory research,developing,improved therapeutic strategies for clinically relevant molecular subsets of lung cancer
Cine cardiac resonance images,showing,3 chamber view of left ventricle
Harrington EA induced apoptosis,is inhibited by,specific cytokines EMBO J 1994 13 14 3286 95 8045259 47
murine colon cancer ICD,also augmented,T cell mitochondrial function
Department of Oncology,of Department is,Maroc Department of Oncology
pembrolizumab,Moreover was recently approved for,first line treatment of NSCLC
upper mediastinal LNs,were,defined with recurrent laryngeal nerve with paraaorta
human tracheal basal cells,are,In assay seeded into rat tracheas
Rodriguez AC Clinical,crosstalk in,Cancer Cell Rep 2018 22 2995 3005
Department of Otolaryngology,is,Kaohsiung Chang Gung Memorial Hospital and Chang Gung University College of Medicine
miRNAs,showed correlation,tumor type mentioned
Department of Surgery,of Department is,Westmead Hospital
Genetic based lethal therapy,are,directly targeted at activated oncogenes
Combined Nivolumab,is in,Advanced Melanoma N Engl J Med
right hemicolectomy,was performed following,oncologic principles with bloc resection
systemic chemotherapy,is with,radiotherapy
Biomedical Engineering,of Department is,Fourth Military Medical University
"University of Ulsan , College of Medicine",is,Asan Medical Center
LINC01234 gene,shows,expression level in group 1 breast cancer samples than in group 2 of breast cancer samples
Wang Y Li Z He C Wang D Yuan X Chen J Jin J MicroRNAs expression signatures,are,associated with lineage in acute leukemias Blood Cells
dResearch Group Molecular Mechanisms of Head,of Mechanisms is,German Cancer Research Center
Department of Epidemiology and Biostatistics,is,National Institute for Health Development
miRNAs,Overall function as,miRNAs
Department of Radiation Oncology,is,Asan Medical Center
Orthopaedic Implant,of Laboratory is,Shanghai Jiao Tong University School Of Medicine
Pembrolizumab,is,humanized IgG4 anti-PD-1 antibody consisting of affinity mouse anti-PD-1-derived region
based chemotherapy,was only available systemic therapy for,advanced NSCLC
Pembrolizumab,is,humanized monoclonal IgG4 anti-PD-1 antibody consisting of high affinity mouse region grafted onto IgG4 immunoglobulin molecule
animal studies,were performed according,protocols approved by Jinling Hospital Medical Experimental Animal Care Commission
Degulated cyclin d1 expression,is associated with,efficacy of EGFR TKI gefetinib in HNSCC cell lines
THZ1 treatment,suppressed,MYC activity
Department of Pathology and Laboratory Medicine,is,Emory University School of Medicine and Winship Cancer Institute of Emory University
Department 7216 Cancer Center,Department of,MI 48109 USA Department of Pathology and Urology
Cui G Li C Xu G Sun Z Zhu L Li Z Zheng W Li J Yuan A fibroblasts,contribute to,"expression of factor indoleamine 2,3 dioxygenase in human esophageal cancers"
KYSE cells,demonstrated tendencies,observed in KYSE 170 cells
Celià Terrassa Cortés O Mateo F Martínez de Paz Rubio N Arnal Estapé Epithelial mesenchymal transition,can suppress,major attributes of initiating cells
Biomarker discovery,using 2 D gel electrophoresis MALDI TOF TOF by,clinical assays
Human Papillomavirus,is,main etiological factor
National Center for Radiation Research in Oncology,is,Faculty of Medicine and University Hospital
MUC16 CA125 antigen,is,Moreover serum marker for diagnosis
Department of Pathology,is,Yonsei University College of Medicine
"Institute of Clinical Medicine , School of Medicine",is,Faculty of Health Sciences
Sun Yat - sen University Cancer Center,Center for,Collaborative Innovation Center for Cancer Medicine
miRNAs,are,As favorable biomarkers associated with patients survival in cancers
biomarkers,correlated after,radiotherapy
BMS,have funded,editorial support for presentations of data from TERRITOIRE study
human keratinocyte cell line,were,available in our own lab
cell surface receptor,found in,T cells
Department of Interventional Radiology,Department of,Department of Medical Oncology
Tehran University of Medical Sciences,Department of,Department of Pharmacology and Toxicology
tracheal cells,gave rise to,well differentiated mucociliary epithelia
Four UM SCC cell lines,test,effect of WNT974 on tumor growth on CAM on metastases
Di Lorenzo N Intracranial meningioma,containing,colon carcinoma Acta Neurochir
Department of Gastroenterology,is,Changhai Hospital of Second Military Medical University
MIB proliferation index,was markedly higher with,expression of CXCR4 especially with positive CXCR4 expression
Yue J Yu Z Tumor marker index,is factor for,patients with resectable esophageal cell carcinoma Cancer Biomark Sect A Disease
Department of Histopathology,is,Royal Brompton & Harefield NHS Foundation Trust
three LCNEC patients,is with,high PCT expression in tumor
ArticleHigh monocyte,indicates,characteristics in lung adenocarcinoma
Peter Doherty Institute for Infection and Immunity,at Department is,Victoria 3168 Australia Department of Surgery
Keio University School of Medicine,is,Keio University Hospital
Cell culture Human gastric adenocarcinoma cell line BGC 823,were purchased from,Shanghai Institute of Cytobiology
clinical significance,is dissipating with,development of biomarkers of high specificity
China Department of Pharmacy,is,Institute of Surgery Research
Faculty of Medicine,of Faculty is,Department of Internal Medicine
human papillomaviruses,are,main etiological factor
Pembrolizumab,is,humanized monoclonal IgG4 anti-PD-1 antibody consisting of high affinity mouse anti-PD-1-derived variable region grafted onto human IgG4 immunoglobulin molecule with engineered Fc region for stabilization
consensus Korean reference genome,is step towards,personal reference genomes
National Center for Radiation Research in Oncology,is,Faculty of Medicine and University Hospital
five LUAD tissue samples,were,collected from Department of Surgery
CAR T cell trials,provide,clinical benefits for cancers
Department of Medical Research,is,Chi Mei Medical Center
Drug Brand name Manufacturer Targets Applications,Approved,years of clinical trials Erdafitinib Balversa Janssen FGFR1 4 alterated cancer
European Organization for Research and Treatment of Cancer,for Organization is,National Cancer Institute of Canada J Natl Cancer Inst
Pembrolizumab,is,humanized monoclonal IgG4 anti-PD-1 antibody consisting of high affinity mouse anti-PD-1-derived variable region grafted onto IgG4 immunoglobulin molecule with engineered Fc region for stabilization
"Bucheon St. Mary ’s Hospital , College of Medicine",Hospital ’s,"Uijeongbu St. Mary ’s Hospital , College of Medicine"
UT 84112 USA Toronto Lung Transplant Program,is,University Health Network
Four UM SCC cell lines,test,effect of WNT974 on tumor growth on CAM on distant metastases to liver
"Prospective National University of Singapore , Department of Bioengineering",University of,Optical Bioimaging Laboratory Singapore National University of Singapore 2748 Guze
Proper laryngeal anatomy,is,particularly crucial to physiology
Anti-VEGFR monoclonal antibodies,is,monoclonal antibody against VEGFR
Human bronchial epithelial cells 16HBE,were provided by,tumor Cell Library
medical monitor,provide,medical review of events in support of endpoint data
University Clinic Magdeburg,is,Germany Celgene GmbH
Department of Thoracic Medical Oncology,is,Japanese Foundation for Cancer Research
Yue J Yu Z Tumor marker index,is significant factor for,patients with resectable cell carcinoma Cancer Biomark Sect A Disease
Lane AA Chabner BA Histone Deacetylase Inhibitors,is in,Cancer Therapy J Clin Oncol 2009 32 5459 5468
Primary Sjögren ’s syndrome,is chronic disorder in,primary Sjögren ’s syndrome
Washington University School of Medicine,of School is,Missouri USA Pathology and Immunology
Li Y Zhou YB Pancreatic stellate cells,increase cancer cells invasion through,hepatocyte growth factor survivin
diagnostic biomarkers,are,In addition with fast development of biopsy of cancer diagnosis urgently needed for large scale studies
Department of Cell Biology,of Department is,Fourth Military Medical University
Clinical studies,have indicated,importance of better preclinical tumor models
Kunming Medical University,is,Yunnan Cancer Hospital
adaptive response gene,has,has identified as oncogene
Nuclear Medicine,of Department is,Korea Medical Oncology
Zhang T Zhang gastric carcinoma xenograft mouse models,faithfully represent,tumor diversity PLoS One
MA USA Clinica Universidad de Navarra,is,Harvard Medical School
miRNAs,expressed higher,while miRNAs expressed lower
CXCL10 induction,is in,HN31 cells
Kobayashi A Oxidative stress sensor Keap1,functions as,adaptor for Cul3 based E3 ligase
Pembrolizumab,is,humanized IgG4 anti-PD-1 antibody consisting of high affinity mouse region
Clinical studies,have noted association with,improved responses after ICI treatment
KDR VEGFR2 trials,are,ongoing Bevacizumab Humanized mAb VEGF Individualized treatment
Cancer Genome Atlas Research Network Comprehensive genomic characterization,defines,human glioblastoma genes
Department of Pathology,Department of,Department of Pathology
T cells,has opened,era with drugs for cancer immunotherapy
Nuclear Medicine,of Department is,Yonsei University College of Medicine
Radiotherapy,has,has established as definitive treatment in ESCC patients
Research Institute of Cancer Prevention,is,Health Sciences University of Hokkaido
Athymic 4 week old BALB c nude mice,were,in mice purchased from SLAC Laboratory Animal Co.
multiplex NGS assay,opportunity,CUP patients benefit from personalized therapies
NLRP3 inflammasome,was,demonstrated as regulator of tumorigenesis in associated liver cancers
Department of Radiology,is,Hallym University College of Medicine
Department of Medical Oncology,of Department is,Australia Department of Surgery
Nuclear Medicine,of Department is,Department of Internal Medicine
Saitama Medical Center,is,Jichi Medical University
Mitochondria,lack,DNA repair machineries present in nucleus
Department of Radiation Oncology,Department of,"P.R. China 4 Department of Oncology , Second Affiliated Hospital of Anhui Medical University"
Cell culture Human lung cancer cell line A549,was,authenticated by cellular morphology at Microread Inc.
Department of Radiation Oncology,of Department is,Jeonbuk National University Hospital - Jeonbuk National University Medical School
transplantable murine colon cancer induced ICD,also augmented,T cell function
Department of Radiation Oncology,Center of,China Center of Oncology Research
Pembrolizumab,is,monoclonal IgG4 antibody consisting of affinity mouse variable region grafted with Fc region
Zhang L Nomie K Zhang H Bell T Pham L Kadri S B cell lymphoma derived xenograft models,are platform for,personalized therapy Clin Cancer Res 2017 23 15 4212 4223 10.1158 1078 0432.CCR -16-2703 28348046 15
Department of Pathology,is,National Hospital Organization Higashihiroshima Medical Center
tracheal cells,stained with,indicated antibodies
Department of Epidemiology and Biostatistics,is,Nanjing Medical University
In analysis BALB c mice,purchased from,Shanghai Laboratory Animal Center
Taiwan Department of Radiation Oncology,is,"Faculty of Medicine , College of Medicine"
MUC16 CA125 antigen,is,Moreover routinely used serum marker for diagnosis of cancer
Bioinformatic analysis,reveals,pattern specific to like breast cancers in human tumors Proc
biomarkers,are urgently needed with,fast development of liquid biopsy of cancer diagnosis
SPCA1 cells,validate,effects of BANCR on metastasis
Respiratory Medicine,of Department is,Keio University School of Medicine
Quantitative transcription polymerase chain reaction,was carried out in,ABI Prism 7900HT Sequence Detection System
Nanjing Clinical Medical School of the Second Military Medical University,is,Nanjing General Hospital of Nanjing Military Command
IL 1 beta alpha 2 macroglobulin complex,upregulate,growth factor alpha receptor on rat pulmonary fibroblasts
"Department of Genetics , Development & Molecular Biology",is,School of Biology
Oncology,of Laboratory is,Sun Yat - sen University Cancer Center
Pembrolizumab,is,humanized IgG4 antibody consisting of affinity mouse anti-PD-1-derived region grafted onto IgG4 immunoglobulin molecule with Fc region
targeted PI3Kα inhibition,is under,As active clinical investigation
Topalian SL Taube JM Anders RA driven biomarkers,guide,checkpoint blockade in cancer therapy Nat Rev Cancer 2016 16 275 287
epidermal growth factor receptor,development of is,milestone in targeted therapy
Department of Preventive Medicine,is,Seoul National University College of Medicine
Pembrolizumab,are,human IgG4 anti-PD-1 monoclonal antibodies approved as second line therapy for HNSCC
reliable biomarkers,evaluate,clinical responses of immunotherapy
Pembrolizumab,is,humanized monoclonal IgG4 anti-PD-1 antibody consisting of high affinity mouse variable region
Genetic based therapy,are,Currently directly targeted at oncogenes
cancer immunotherapy,has shown,clinical benefit in multiple types of cancers
Yue J Yu Z Tumor marker index,is significant prognostic factor for,patients with resectable squamous cell carcinoma Cancer Biomark Sect A Disease
Clinical translation recent pioneer study,investigated,use of bispecific antibody consisting of interleukin 2 variant
several monoclonal antibodies,are undergoing development in,clinical trials
Aalborg University Hospital,Department of,Denmark3 Department of Radiology
Bcl xl genes,was diminished in,KYSE70 cells
Cancer Institute,Department of,Department of Gynecology
Background Pancreatic resection,are,tools in multidisciplinary local treatment of pancreatic adenocarcinoma
medical imaging,are still methods for,clinical diagnosis leading
Shanghai Jiaotong University School of Medicine,of School is,Shanghai Pulmonary Hospital
HPV E6 oncogene,highlighted,functional role of E6 oncogene
Department of Gastroenterology,Department of,Surgical Pathology
specific immunohistochemical markers,can,can very useful in correct diagnosis of rectal cancer
Ib study,has already established,dose of combination of cetuximab
TCF 1 gene,encodes,binding protein uniquely expressed in T lineage lymphocytes Blood 1995 86 8 3050 3059 75793 99 20
human tracheal cells,are,In assay seeded into denuded rat tracheas
cancer research,primary focus of was,For decades development of therapeutic interventions
targeted combination therapy,is in,glioblastoma Cancer Cell
Tang J Jiang R Deng L Circulation RNAs,act as,biomarkers for tumorigenesis
Pembrolizumab,is,is evaluated as therapy in PD L1 positive NSCLC patients
Paired organs,are,understood as organ group
animal experiments clinical data confirmed,explore,role on cisplatin resistance by NCOR2
Pembrolizumab,is,IgG4 anti-PD-1 antibody consisting of affinity mouse region grafted with Fc region
receptor tyrosine kinase AXL,were,expressed in cells
Fujiwara T Eguchi T Sogawa C Ono K Murakami J Ibaragi S mesenchymal transition initiated,is inhibited by,antibody cetuximab Oral Oncol 2018 86 251 257 30409309 18
"Department of Pharmacology , College of Medicine",of Department is,Institute of Biomedical Informatics
KF Zhang L Huang CD163 macrophages,correlated,cells in cell carcinoma BioMed research
concurrent chemoradiotherapy,PORT after,radical esophagectomy for carcinoma
prognostic biomarkers,should incorporate,features of tumor leading to assessment of tumor biology
anti-PD-L1 murine monoclonal antibody,measure PD L1 expression by,IHC in tumor biopsies
Needle Aspiration Cytology,has,has adopted as diagnostic procedure for breast
Medical School of Nanjing University & Clinical Cancer Institute of Nanjing University,Nanjing to,Nanjing Drum Tower Hospital Affiliated to Medical School of Nanjing University
Pembrolizumab,is,humanized monoclonal IgG4 anti-PD-1 antibody consisting of high affinity mouse variable region grafted with engineered Fc region for stabilization
peri-anal extramammary Paget 's disease,associated with,two invasive intramucosal sigmoid carcinomas
Thoracic Oncology,of Department is,PR China Department of Oncology
Department of Radiology,of Department is,Xinhua Hospital
Background Pancreatic resection,are,tools in local treatment of pancreatic adenocarcinoma
Clinical example,was,in SD BLCA patient diagnosed with G3 pT1 carcinoma
Qiu X Yang J Clinical study,combined with,radiotherapy
Research Neoadjuvant chemoradiotherapy,followed by,transanal excision assisted by single port surgery for adenocarcinoma
Bluestone Center for Clinical Research,is,New York University College of Dentistry
KYSE510 cell line,evaluated exhibited among,ESCC cell lines
HPV 16 E6 oncogene,highlighted,role of E6 oncogene
Pembrolizumab,is,monoclonal IgG4 anti-PD-1 antibody consisting
Clinical tissue samples Real time PCR,measure raptor expression in,clinical tissue samples from patients with OPSCC
biomarkers,are urgently needed with,fast development of biopsy
miRNAs,have garnered lot as,potential blood based biomarker for cancer
Hippocampal dosimetry,predicts function impairment after,radiotherapy for brain tumors
AKT inhibitor AZD5363,sensitizes,derived gastric cancer xenograft model with PTEN loss
Institute of Human Genetics,Member for,Lung Research
Her laboratory research,developing,improved therapeutic strategies for specific clinically relevant molecular subsets of lung cancer
antibody pembrolizumab,More recently showed activity of,lenvatinib with cell death protein 1
targeted therapeutics,has,In past decade has developed for treatment of advanced NSCLC
Pembrolizumab,is,monoclonal IgG4 anti-PD-1 antibody consisting of high affinity mouse anti-PD-1-derived variable region grafted with Fc region
Malabar Cancer Centre,is,care hospital situated in district in North Kerala
Key Laboratory of Medical Imaging,is,North Sichuan Medical College
Methods Clinical materials Imaging,diagnosed with,primary NSCLC
Background Pancreatic resection,are tools in,multidisciplinary treatment of pancreatic ductal adenocarcinoma
Conventional imaging diagnosis,is often based on,analysis of radiologists
Tissue sample analysis Biomarker expression,using,immunochemistry
IPASS study,established,superiority of gefitinib
Department of Anesthesiology,is,Binzhou Central Hospital
Pembrolizumab,is,humanized monoclonal IgG4 antibody consisting of high affinity mouse anti-PD-1-derived region grafted with engineered Fc region
Center for Human Genetics,is,Marshfield Clinic Research Foundation
Samsung Medical Center,is,Sungkyunkwan University School of Medicine
Department of Oncology,University of,Shanghai University of Traditional Chinese Medicine
Peroxisome activated receptors,are,nuclear transcription factors
Simultaneous chemotherapy,was administered with,cetuximab
Stem Cell,of Laboratory is,South China Institute for Stem Cell Biology and Regenerative Medicine
miRNAs,are,In view of relationship between miRNAs presently considered as potential novel targets for anti-cancer therapies
Department of Obstetrics and Gynecology,of Department is,Peking Union Medical College Hospital
Department of Medicine,is,Samsung Medical Center
Activated caspase 8,also triggers pathway by,BH3 interacting domain death agonist
BICR 16 cell,was,cultured in DMEM with 500ug ml G418
Department of Radiation Oncology,of Department is,Department of Radiation Oncology
MUC16 CA125 antigen,is,Moreover already routinely used serum marker for diagnosis of ovarian cancer
Whole genome sequencing,reveals,signatures associated with inflammatory microenvironments in Chinese NSCLC patients
Mammalian mitochondria,are depicted,as elongated particles originated in cells
South Korea Asan Institute for Life Sciences,is,Asan Medical Center
Tokyo Women ’s Medical University,Department of,Vascular Biology
Institute of Experimental & Clinical Cell Therapy,is,Paracelsus Medical University
Wake Forest Baptist Comprehensive Cancer Center,is,Wake Forest Baptist Medical Center
bone marrow aspiration protocol,develop products based,cells for treatment
Department of Radiation Oncology,is,Guangdong 999 Brain Hospital
Goblet cell clusters,are nests of,signet ring like cells
Western blot analysis,is in,SAS cells
Department of Radiation Oncology,Hospital of,"P.R. China 4 Department of Oncology , Second Affiliated Hospital of Anhui Medical University"
Department of Head & Neck Surgery,is,University of Texas MD Anderson Cancer Center
serum molecular diagnostic model,was,In study established for first time by BME cytokines
Department of Clinical Biochemistry,is,University Health Network
Review TCF7 gene,was,identified as T lymphocyte specific transcription factor in 1991
tumor features,characterization of is,In precision oncology era pivotal step in cancer patients management
Serbia3 Institute for Pathology,is,Clinical Center of Serbia
miRNAs,deregulated in,presented radiochemotherapy cell culture model
Pembrolizumab,is,IgG4 antibody consisting of affinity mouse variable region grafted
medical imaging,are still methods for,clinical diagnosis leading eventually
C12 ion beam therapy,offers advantages compared,high energy x-ray therapy as biological efficiency
CAR T cell platforms,are under,clinical trials for myeloma
Biomarkers,are,biological molecules found in blood
model imaging BALB c mice,were provided by,Comparative Medical Center
Pembrolizumab,is,humanized monoclonal IgG4 anti-PD-1 antibody consisting of affinity mouse anti-PD-1-derived region grafted onto IgG4 immunoglobulin molecule with engineered Fc region for stabilization
Robotic thoracic surgery,offers advantages over,VATS especially in bronchial plastic surgery
miRNAs,may play roles except,functioning as biomarkers
3 Cytokine chip analysis,delineates,cytokine production signature
Radiation Oncology,is,Samsung Medical Center
Department of Radiation Oncology,Department of,MA USA Department of Medical Oncology
Pembrolizumab,is,humanized IgG4 anti-PD-1 antibody consisting of affinity mouse region grafted onto IgG4 immunoglobulin molecule
Radiology,of Department is,Department of Radiology
pathologist score,showed,increase in cleaved caspase 3 in xenografts
USA Department of Clinical Epidemiology,is,Aarhus University Hospital
Pembrolizumab,is,humanized IgG4 antibody consisting of affinity mouse anti-PD-1-derived region grafted onto human IgG4 immunoglobulin molecule with Fc region for stabilization
KDR VEGFR2 Clinical trials,are,Bevacizumab Humanized mAb VEGF treatment
Indicated cells,were,cultured with 200 μl DMEM with Matrigel
Chromatin,Regulates Genome Targeting with,Cisplatin Angew Chem Int Ed Engl 2017
clinical information,was consulted from,their medical records
Discussion Radiotherapy,has,has used as therapeutic option for patients with advanced cancer in past
Pattingre S Tassa A Bcl 2 antiapoptotic proteins,inhibit,Beclin 1 dependent autophagy Cell 2005
Wu XJ Basic transcription factor 3,is required via,regulation in gastric Cancer Oncol Res
Gastroenterology,of cDepartment is,Department of Endoscopy
right hemicolectomy,was performed following,strict oncologic principles
pulsatile MEKi treatment,Besides combined with,CTLA 4 blockade survival in tumors
HRM MAF titration,was,conducted by MAF in DNA sample from 10 % in increasing DNA concentration assay from 0.25 ng μl
Department of Medical Oncology,of Department is,Australia Translational Genomics
China3 Institute for Nutritional Sciences,is,Shanghai Institutes for Biological Sciences
Masuda M Methotrexate,is excreted by,multispecific anion transporter
Pembrolizumab,are,IgG4 antibodies approved as second line therapy for metastatic HNSCC by US FDA
Tumor nude mice model construction BALB c nude mice,were purchased from,Beijing Laboratory Animal Research Center
Radical esophagectomy,has,has widely acknowledged with importance in therapy for esophageal cell carcinoma
clinical data,were retrieved,Data Portal of National Cancer Institute
Lauren histologic type,is,most important factor associated with pattern following resection of gastric adenocarcinoma
Four UM SCC cell lines,test,effect of WNT974 on tumor growth on CAM on metastases to liver
Pembrolizumab,is,humanized monoclonal IgG4 anti-PD-1 antibody consisting of high affinity mouse anti-PD-1-derived variable region grafted onto human IgG4 immunoglobulin molecule with engineered Fc region
Pembrolizumab,is,humanized IgG4 anti-PD-1 antibody consisting of affinity mouse variable region
miRNAs,expressed in,H69 cell
immune checkpoint blockade therapy,has elicited,clinical response in cancer patients
Department of Surgery,Center for,Qatar National Center for Cancer Care and Research
Okayama University Graduate School of Medicine,is,Dentistry and Pharmaceutical Sciences
human cells,were stained marker CD45 for,epithelial specific marker CD326 EpCAM
Department of Radiation Oncology,of Department is,Teaching Hospital of Fujian Medical University
Local Veterinary Office and Ethics Committee,is at,Guangzhou Medical University
Chinese Academy of Medical Sciences & Peking Union Medical College,is,Department of Pathology
Department of Medical Oncology,Department of,Australia Department of Paediatrics
HMC 1 exosomes,were,added for 4 hours in presence of BrdU
Department of Respiratory Medicine,of Department is,Department of Diagnosis
Pembrolizumab,is,cancer immunotherapy most commonly used
biomarkers,are,In addition with development of liquid biopsy of cancer diagnosis urgently needed for scale studies
directed antibody cetuximab,results in,advanced NSCLC
Gao G Ren S Li Xu J Xu Q Su C growth factor receptor tyrosine kinase inhibitor therapy,is effective as,first line treatment with mutated EGFR
Several clinical trials,reported on,activity of therapy in cancer
Department of Pathology,of Department is,Affiliated Hospital of Qingdao University
immunohistochemistry,are helpful for,correct diagnosis of IMT
Department of Surgical Oncology,is,Kanazawa Medical University
Methods Patients Human FFPE tissue blocks,were obtained from,Biobank
T cells,has opened,era with living drugs for cancer immunotherapy
B cells,are critical to,T cell mediated antitumor immunity induced by stimulatory conditionally cytotoxic therapy for glioblastoma Neoplasia
biomarkers,are,are investigated including tumor infiltrating lymphocytes
CCD16 cells,performed,cell growth inhibition studies
Biomedical Sciences,is,Academia Sinica
nine common targeted cancer related miRNAs,were found in,three candidate circRNAs
Background Epidermal growth factor receptor,is,clinically validated target
Della Vittoria Scarpati G Falcetta F Carlomagno C Ubezio P Marchini S De Stefano A specific miRNA signature,correlates with,complete response in locally advanced cancer Int J Radiat Oncol Biol Phys 2012 83 1113 1119
Department of Medical Chemistry,is,Medical University of Lublin
Department of Pathology and Institute of Precision Medicine,is,Jining Medical University
Cancer Therapy Evaluation Program,is at,National Cancer Institute
metabolomics,reveal,protective effect of Saponins of Tribulus terrestris fruit against ischemic stroke
Department of Radiotherapy,of Department is,Tianjin Key Laboratory of Cancer Prevention and Therapy
Human papillomavirus serology,was supported by,Cancer Research UK Programme Grant
Bioinformatic analysis,reveals,pattern of associated gene expression specific to like breast cancers in tumors Proc
Family Medicine,of Department is,Gachon University College of Medicine
Gene expression significance,analyzing,platforms Curr Drug Metab
human TCF gene,encodes,DNA binding protein uniquely expressed in T lineage lymphocytes Blood 1995 86 8 3050 3059 75793 99 20
Samsung Biomedical Research Institute,is,Sungkyunkwan University School of Medicine
effective biomarkers,should incorporate,features of tumor
USA2 Division of Molecular Imaging and Nuclear Medicine,is,Department of Radiology
Institute of Radiooncology,is,Department of Radiation Oncology
employing biomarkers,capture,tumor biological features
Pembrolizumab,is,humanized IgG4 anti-PD-1 antibody consisting of affinity mouse anti-PD-1-derived region grafted onto human IgG4 immunoglobulin molecule with engineered Fc region for stabilization
Liang H Liu X Wang M Immunotherapy,combined with,growth factor receptor tyrosine kinase inhibitors in lung cancer treatment Onco Targets Ther 2018 11 6189 6196
Department of Pathology and Laboratory Medicine,of Department is,Department of Pathology
Department of Radiation Oncology,of Department is,Department of Radiation Oncology
preoperative chemoradiotherapy combined,is,triple therapy model
Human monocytes isolated,were induced for,5 days with presence of MSC EV
Veterinary Pathology,of Department is,National Institute for Research and Development of Isotopic and Molecular Technology
GSK treatments,result in,significant effects in breast cancer
proven resectable ductal adenocarcinoma,is with,prior tumor specific treatment
Research Neoadjuvant concurrent chemoradiotherapy,followed by,transanal total excision assisted for lying rectal adenocarcinoma
Primary surgery type,was identified as,most definitive surgical procedure
Gene drug combination treatment groups,show,anti-tumor activity
Department of Surgery,Department of,Maxillofacial Surgery
Pembrolizumab,is,IgG4 anti-PD-1 antibody consisting of affinity mouse anti-PD-1-derived region grafted with engineered Fc region for stabilization
Pembrolizumab,is,IgG4 anti-PD-1 antibody consisting of affinity mouse anti-PD-1-derived variable region grafted with Fc region
Mammalian mitochondria,are usually depicted,as cylindrical particles originated through endosymbiosis
exosomic miR level,may,may potential prognostic biomarker for gemcitabine sensitivity in NSCLC patients
intra-tumoral PD L1 level,potentiate,therapy of PARPi
neurotensin receptor pathway,contributes to,human breast cancer progression PLoS One
SCC cells,increase tumor size in,tumor model
Department of Gynecology Oncology,is,Harbin Medical University Cancer Hospital
Primary Sjögren ’s syndrome,is,in primary Sjögren ’s syndrome autoimmune disorder characterized by lymphocytic infiltration of exocrine glands
Temsirolimus Advanced RCC FDA,approved,ICSN3250 Colon cancer cell studies
Department of Oncology,of Department is,Ottawa Hospital Research Institute
Department of Molecular Pathology and Tumor Pathology,is,Akita Graduate School of Medicine
Our animal study,was approved by,Care Committee of Guangzhou medical University
Sichuan People ’s Republic of China Department of Pathology,is,West China Hospital
2 specific stage IV NSCLC,is with,BM at BL
Ramnath N Neill H Induction chemotherapy,followed compared,chemoradiotherapy for advanced stage III Non-small-cell lung cancer
human normal bronchial epithelial cell line,was used as,control cell line
Pembrolizumab,is,IgG4 anti-PD-1 antibody consisting of high affinity mouse region grafted onto IgG4 immunoglobulin molecule with engineered Fc region
biomarkers,are,with development of liquid biopsy urgently needed for large scale studies
Department of Oncology,University of,Hebei University of Chinese Medicine
USA Department of Pharmaceutical Sciences and Opthalmology,of Department is,Stanton L. Young Biomedical Research Center
Department of Radiation Oncology,Hospital ’s,"Daejeon St. Mary ’s Hospital , College of Medicine"
Pembrolizumab,is,humanized IgG4 anti-PD-1 antibody consisting of high affinity mouse region grafted
Peter Doherty Institute for Infection and Immunity,at Department is,Victoria 3050 Australia Department of Surgical Oncology
Department of Laboratory Medicine,of Department is,China Department of Pharmacy
AGS Gr cells,treated with,ULK1 inhibitor SBI 026965
Cloosen S Cancer specific Mucin 1 glycoforms,are expressed on,multiple myeloma Br J Haematol
China Department of Medical Information,is,General Hospital of Jinan Military Command
Asan Medical Center,is,College of Medicine
PD 1 gene,be,used as markers for distinguishing between stages of lung adenocarcinoma
medial laparotomy,was,performed with resection of anterior rectal area with left nephrectomy
Radiotherapy Group,is of,European Organization for Research and Treatment of Cancer
Shanghai Cancer Institute,School of,Shanghai Jiao Tong University School of Medicine
Nuclear Medicine,of Department is,Affiliated Cancer Hospital & Institute of Guangzhou Medical University
cancer immunotherapy,induces,antigen specific T - cell responses
percutaneous endoluminal stent therapy,can relieve symptoms For,superior vena cava syndrome
Radiation Oncology,of Department is,Department of Radiation Oncology
Yoon SS Lauren histologic type,is most important factor associated following,resection of gastric adenocarcinoma Ann Surg
Sala Daniela Department of Pathology,of Department is,University of Medicine and Pharmacy of Tirgu - Mures
Cetuximab,received,FDA approval for use in treating HNSCC
effective prognostic biomarkers,should ideally incorporate,features of tumor leading
tumor suppressor miRNA,let,7a 1 gene as target
RNActive based cancer immunotherapy,containing,optimized mRNAs
Inadomi K Kumagai H Arita S Tsuruta N Takayoshi K Mishima K Ota S Tanaka M Okumura Y Sagara K Bi-cytopenia,induced by,anti-PD-1 antibody for melanoma
Department of Surgery,of Department is,Japan Department of Pathology
biological mechanisms,should,should clarified for drug development for actinin 4
Radical esophagectomy,has,has widely acknowledged with paramount importance in therapy for cell carcinoma
Cancer Genome Atlas Clinical Explorer,is oriented summary of,proteomic data organized by cancer type
Pembrolizumab,is,IgG4 antibody consisting of affinity mouse anti-PD-1-derived variable region grafted with Fc region for stabilization
Lab,developed,immunohistochemistry
Clinical translation recent pioneer study,investigated,use of antibody consisting of interleukin 2 variant
human tracheal cells,were stained,hematopoietic specific marker CD45
Fig. Western blot analysis,confirms,CAI as two proteins in NSCLC
Paget ’s cells,are positive by,immunohistochemistry
Rehabilitation Medicine,of Department is,Enze Medical Center
effective biomarkers,should ideally incorporate,features of tumor leading to comprehensive assessment of tumor biology
Oncology,of Division is,Stanford University School of Medicine
Department of Obstetrics and Gynecology,of Department is,Southern Medical University
Shanghai Pulmonary Hospital,affiliated with,Shanghai Chest Hospital
Department of Cardiothoracic Surgery,of Department is,Cancer Research Institute
biomarkers,are,with fast development of biopsy urgently needed for large scale studies
Pembrolizumab,was,approved by FDA in 2017 for MSI solid tumors irrespective
Hepatosplenic Surgery Center,Hospital of,First Affiliated Hospital of Harbin Medical University
Faculty of Medicine and Dentistry,is,Undergraduate Medical Education
pharmacological study,evaluate,effects on human myeloma cells
Gene status,correlates with,patterns in patients with pancreatic cancer J Clin Oncol
Clinical Laboratory,of Department is,Shanghai Jiao Tong University School of Medicine
Cells,cultured with,2 ng active human TGF β1
cellular targeting assay,examine,targeting levels in human lung cancer cells
"Department of Internal Medicine , Division of Oncology",School of,Washington University School of Medicine
Department of Medicine,of Department is,Beth Israel Deaconess Medical Center
Integrative genomic analyses,reveal,long RNAs in cancer Nat Struct Mol Biol
One hundred nineteen NSCLC samples,were retrieved from,Affiliated Hospital of Shandong University
specific immunohistochemical markers,can,can very useful in correct diagnosis of cancer to thyroid carcinomas
Department of Radiation Oncology,is,Faculty of Medicine and University Hospital
HRM MAF titration,was,conducted by MAF in DNA sample from 10 % in increasing DNA concentration assay
Cao Y Wang L Nandy D Zhang Y Basu Radisky D Neuropilin 1,upholds,dedifferentiation phenotypes of renal cell carcinoma cells
primary antibody,was conjugated with,conjugated antibody
Department of Cardiothoracic Surgery,of Department is,Department of Cardiothoracic Surgery
human intestinal epithelial cells,trigger IgA class in,B cells
Department of Internal Medicine - Section of Hematology and Oncology,is,Wake Forest School of Medicine
MTT assay,investigate,effects of miR 126 in cancer
cardiopulmonary exercise test,was conducted in,patients with FEV1
Monoclonal antibodies,are under,intensive clinical evaluation
Department of Pathology,is,Matsusaka Municipal Hospital
serum diagnostic model,was,established for time by BME cytokines
NCBI,in,Gene Expression Omnibus
"Department of Pharmacology , School of Chemical Biology and Pharmaceutical Sciences",is,Capital Medical University
Department of Medical Oncology,of Department is,Zhejiang University School of Medicine
Hellmann MD Ciuleanu TE Pluzanski A Lee JS Otterson GA Audigier - Valette C Nivolumab,is with,high tumor mutational burden N Engl J Med
Murine model imaging BALB c athymic mice,were provided by,Comparative Medical Center of Yang Zhou University
clinical trials,have exhibited effects,Although therapeutic target
MTT assay,indicated,anti-tumour effect of cisplatin
Pembrolizumab,is,humanized monoclonal IgG4 anti-PD-1 antibody consisting of high affinity mouse region grafted onto human IgG4 immunoglobulin molecule with Fc region for stabilization
Department of Radiation Oncology,is,National Cancer Center / National Clinical Research Center for Cancer / Cancer Hospital
PBMC scRNA seq datasets,were obtained from,database of 10X genomics
State Key Laboratory of Genetic Engineering and Ministry of Education Key Laboratory of Contemporary Anthropology,of Laboratory is,Genesky Biotechnologies Inc.
five LUAD tissue samples,were,Simultaneously collected from Department of Thoracic Surgery
first clinical trial,using,MSCs
PRMT overexpression,has,Since has implicated in human cancers of PRMT activity
Medical writing support,was provided by,full time employee of Medtronic on paper
early phase oncology trials,focuses on,early phase oncology trials at MDACC
based synthetic therapy,are,Currently targeted at activated oncogenes
T cells,were,transduced with vectors with HER2 CAR
tumor suppressors P53,are,particularly important in cellular senescence
Primary human tracheal epithelial cells,stained with,indicated antibodies
clinical trials,have focused on,developing PARPi drugs
based chemotherapy,is,established multimodal therapy
clinical management,is limited for,usually surgery
Department of Medicine,is,Stanford University School of Medicine
Department of Dermatology,University of,Iran University of Medical Sciences
HNSCC xenograft model,was,developed by transplantation of HNSCC cells in nude mice
Several CAR T cell platforms,are under,trials for myeloma
Pembrolizumab,is,humanized IgG4 antibody consisting of affinity mouse region grafted
based chemotherapy,was,For decades therapy for advanced NSCLC
Background Icotinib,has,has widely used in patients with non-small cell lung cancer
OmniSeq studies,were considered,subjects research under approved protocol at Roswell Park Comprehensive Cancer Center
Department of Genetics,of Department is,Government Royapettah Hospital & Kilpauk Medical College
Bocca P Di Carlo E Caruana tumor vasculature remodelling,improves tumor infiltration in,neuroblastoma model
Basic Medical College,is,Zhejiang Chinese Medical University
based assay,have,access to pembrolizumab
clinical trials,determine,efficacy of TKIs in treatment of cancer
Pembrolizumab,is,IgG4 anti-PD-1 antibody consisting of high affinity mouse variable region
in depth clinical studies,identify,biomarkers
Primary Sjögren ’s syndrome,is,in Sjögren ’s syndrome autoimmune disorder characterized by focal infiltration
clinical model,showed power with,clinical variable model
Gleason system,is quintessential prognostic factor in,radical prostatectomy
Department of Otorhinolaryngology,is,Union Hospital
gene therapy medicinal product,has undergone studies according,guidelines of European Medicines Agency
School of Medicine and Life Sciences,of School is,Nanjing University of Chinese Medicine
Malabar Cancer Centre,is,care hospital situated
Pembrolizumab,is,humanized monoclonal IgG4 antibody consisting of high affinity mouse anti-PD-1-derived variable region grafted onto human IgG4 immunoglobulin molecule
Hybrid PET MRI scanners,are now available for,clinical use
Mouse monoclonal antibody,was purchased from,Santa Cruz Biotechnology
Proper anatomy,is,particularly crucial to normal swallowing physiology
Wu XJ Basic transcription factor,is required via,regulation of FOXM1 in Cancer Oncol Res
Poland Department of Regenerative Medicine,is,Medical University of Warsaw
our HisCoM mimi model,can account for,biological relationships
Primary Sjögren ’s syndrome,is,in primary Sjögren ’s syndrome autoimmune disorder characterized by focal lymphocytic infiltration
SPC A-1 cells,were purchased from,Shanghai Cell Bank
Background Low dose spiral tomography,be highly sensitive method of,diagnosing stage lung cancer
single agent nivolumab,was granted,FDA approval for patients following chemotherapy
PBMC scRNA seq datasets,were obtained from,official website of 10X genomics
circulating miRNAs,showed,tight correlation in types of tumors
stable cell line A549 DDP,was previously established in,our lab
our top 50 miRNAs,were proved,to breast cancer related miRNAs with accuracy
Department of Molecular Cell Biology,School of,Sungkyunkwan University School of Medicine
Pembrolizumab,is,humanized monoclonal IgG4 anti-PD-1 antibody consisting of high affinity mouse anti-PD-1-derived region grafted onto human IgG4 immunoglobulin molecule
CT angiography,rapidly alternative to,traditional invasive angiography for screening
radiologist,NS with,10 year experience in lung cancer screening LDCT
Conclusion HNSCC cell line xenograft growth,can,can assessed in CAM assays in manner
Bioinformatic analysis,reveals,pattern of gene expression specific to basal like breast cancers in human tumors Proc
Penn State Cancer Institute,is,Penn State Health Milton S. Hershey Medical Center
Cells,were counted with,Beckman Coulter Life Sciences
Critical Care Medicine,is,Massachusetts General Hospital
new monoclonal antibody,directed against,fixative resistant epitope macrophage restricted form
Primary cells,were stained marker CD45 for,epithelial specific marker CD326 EpCAM
driven biomarkers,guide,immune checkpoint blockade in cancer therapy Nat Rev Cancer
Pembrolizumab,is,IgG4 antibody consisting of high affinity mouse variable region grafted with engineered Fc region for stabilization
Japan Clinical Trial Coordination Office,is,Shizuoka Cancer Center
radiotherapy,are powerful tools in,multidisciplinary treatment of pancreatic ductal adenocarcinoma
Pembrolizumab,is,is currently tested in combination with bevacizumab with guided laser ablation in patients with recurrent GBM
miRNAs,were identified,miR 7 targeting IGF1R
Pembrolizumab,is,humanized IgG4 anti-PD-1 antibody consisting of high affinity mouse anti-PD-1-derived variable region grafted onto IgG4 immunoglobulin molecule with engineered Fc region
Department of Complementary & Integrative Medicine,is,University of Hawaii John A. Burns School of Medicine
CT coronary angiography,rapidly effective alternative to,traditional invasive angiography
M cells,proportionally more SRAMs compared,E cells
Label Clinical Trial,is With,Pembrolizumab
5 Fluorouracil transplantable murine CRC,favored MDSC differentiation,relieving immunosuppression in context of FOLFIRI Kanterman
Pembrolizumab,is,humanized monoclonal IgG4 anti-PD-1 antibody consisting of high affinity mouse anti-PD-1-derived region grafted with engineered Fc region
Department of Pathology,of Department is,Southern Medical University
biomarkers,rely According,Foundation Medicine LOH assay
treating physician,rare possibility of,LM originating from tumor types in patient
clinical genomic approach,was still more predictive compared,clinical model
HRM MAF titration,was,conducted by MAF in mixed DNA sample from 10 % to 0.005 % in total DNA concentration assay from 0.25 ng μl
Clinical Research,of Department is,First Affiliated Hospital of Jinan University
Department of Radiology,is,Tianjin Medical University Cancer Institute and Hospital
Pembrolizumab,are,IgG4 anti-PD-1 monoclonal antibodies
Integrative genomic analyses,reveal,relevant long RNAs in human cancer Struct Mol Biol
Department of Radiology and Pathology,is,Ribeirão Preto Medical School of University of São Paulo
sarcoma component,consisted of,mainly osteosarcoma characterized by neoplastic bone
simultaneous bilateral pulmonary resection,is considered Compared,bilateral pulmonary resection
Pembrolizumab,is,humanized monoclonal IgG4 antibody consisting of affinity mouse anti-PD-1-derived variable region grafted with Fc region
Research Neoadjuvant chemoradiotherapy,followed by,total excision assisted for adenocarcinoma
Epidemiology Unit,Bureau of,Bureau of Epidemiology
DOT1L inhibitor pinometostat,has,clinical activity
Department of Radiology,is,Toho University Omori Medical Center
Norway Institute of Health and Society,is,Faculty of Medicine
Tumor nude mice model construction BALB c mice,were purchased from,Beijing Laboratory Animal Research Center
Preoperative modified FOLFIRINOX treatment,followed by,based chemoradiation for borderline resectable pancreatic cancer
Radiation Oncology,School of,Washington University School of Medicine
Department of Radiation Oncology,is,University Hospital
Department of Radiation Oncology,88 for,Seoul Korea Institute for Innovative Cancer Research
School of Dentistry,is,Health Sciences University of Hokkaido
exosomic miR -222-3p level,may,may potential biomarker
HRM MAF titration,was,conducted by MAF in mixed DNA sample from 10 % to 0.005 % of Ex19_std in increasing total DNA concentration assay from 0.25 ng μl
Tumor sections,were,stained for ROS1 with rabbit monoclonal antibody
Background Pancreatic resection,are,powerful tools in local treatment of adenocarcinoma
Environmental Medicine,is,Inha University Hospital
Department of Human Pathology,is,Juntendo University School of Medicine
Cells,were pre-incubated with,following specific MAPK ERK inhibitors
Department of Internal Medicine - Section of Hematology and Oncology,of Department is,Wake Forest School of Medicine
Ireland Trinity Translational Medicine Institute,Department of,Ireland Department of Pathology
Bevacizumab,was,first FDA approved anti-VEGF monoclonal antibody
Department of Pathology,is,Hallym University Medical Center
Cells,incubated followed,incubation with fluorescent dye conjugated antibody
Department of Gastroenterology,Hospital of,First Hospital of Jilin University
Department of Obstetrics and Gynecology,is,Seoul National University College of Medicine
cell biologists,have identified,role of mesenchymal transition in cancer cell metastasis
Luciferase reporter assay TTN AS1 fragment,construct TTN AS1 WT vectors by,use of pmirGLO dual luciferase vectors
Otorhinolaryngology Surgical Service,is,University Hospital Virgen de la Arrixaca IMIB - Arrixaca
Institute of Medical Sciences,Laboratory of,Cancer Proteomics
San Diego Moores Cancer Center,Department of,Medicine
IL 1 beta alpha 2 macroglobulin complex,upregulate,growth factor alpha receptor on rat fibroblasts
expressed miRNAs,have,As matter of fact have studied in cancers including lung SCC
Malabar Cancer Centre,is,care hospital situated in district of Kannur
Graduate School of Medicine,School of,Graduate School of Medicine
definitive biomarkers,is active with,biological plausibility
Molecular Biology Department,is,Faculty of Medical Laboratory Sciences
Four UM SCC cell lines,test,effect on tumor growth on CAM on distant metastases to liver
Pembrolizumab,is,humanized monoclonal IgG4 antibody consisting of high affinity mouse variable region grafted onto IgG4 immunoglobulin molecule with Fc region for stabilization
Fig. Computer tomography image,obtained from,patient with colorectal adenocarcinoma located from anus
Department of Rehabilitation,is,Union Hospital
prognostic biomarkers,Therefore should incorporate,features of tumor leading to assessment of tumor biology
human normal epithelial cell line,was used as,control cell line
Whole genome bisulfite sequencing,may provide,information regarding biological impact
T cells,predicts,response to anti-PD-1 therapy in tumors
Department of Pathology,is,St. Michael ’s Hospital
A549 DDP cells,were transfected with,MTT analysis of IC50 of cisplatin
diagnostic laparoscopy,should,In consideration of peritoneal tropism of disease should mandatory
Integrative Physiology,of 2Department is,National Defense Medical College
Twenty four BALB c mice,were got from,Guangdong Medical Animal Center
Tissue microarray,were,selected by histology from hematoxylin
Department of Gastrointestinal Surgery,of Department is,Southern Medical University
T cells,Finally migrate to,specific tissues
Chest tomography analysis,determines baseline before,pembrolizumab therapy
Department of Gastroenterology,of Department is,Hubei University of Medicine
Circulatory miR451,has,has introduced as diagnostic marker of esophageal cancer
bilateral tonsillectomy,were,performed in regional hospital
medical oncologists,comprised,Department of Thoracic Head
miRNAs,are,As prognostic biomarkers associated with patients survival in cancers
clinical genomic approach,was more predictive compared,clinical model
primary ovarian LCENC,is synonymous According,World Health Organization
Two single guide RNAs,were designed to,specifically MIR10B
based lentiviral vectors specific,were obtained from,Academia Sinica
stromal cells,are defined as,associated fibroblast
Cells,were incubated with,human anti-MAGE-A1 antibody
our miRNAs,were proved,miRNAs with accuracy of 100 %
Nuclear Medicine,of Department is,Bern University Hospital
antibody pembrolizumab,More recently showed,anti-tumor activity
Department of Radiology and Radiation Oncology,Department of,Department of Clinical Radiology
miRNAs,are,Specifically are applied as biomarkers in setting of clinical trials
medical imaging,tool for,clinical diagnosis
Aurora kinases,are,strategic kinases
Kapodistrian University of Athens School of Medicine,of School is,"Hematology / Oncology , University of Pittsburgh School of Medicine"
Department of Histopathology and Cytology,Faculty of,Faculty of Medical Laboratory Sciences
Brain,is extremely rare site of,metastases from HNSCC
National Center of Pathology,is,Affiliate of Vilnius University Hospital Santaros Clinics
HN31 cells,exhibited,CXCL10 induction
Pemetrexed murine colon cancer ICD,also augmented,T cell mitochondrial function
Cell clinical data confirmed,explore,role on cisplatin resistance by NCOR2
Prospective Centre for Optical Diagnostics and Therapy,is,Department of Radiation Oncology
Okazaki T Autoantibodies,are,responsible for dilated cardiomyopathy in PD -1-deficient mice
Radiotherapy,Hospital of,Guangxi Medical University
DWI MRI evaluation,has,has reported as tool for malignant tumors from ovarian lesions
National Comprehensive Cancer Network,recommends,BRCA1 2 analysis for all with adenocarcinoma
Hematology / Oncology Center for Personalized Cancer Therapy,for Transplantation is,Department of Medicine
MDA MB 231 metastatic tumors,were observed after,LPA treatment on organs
Department of Radiation Oncology,of Department is,Academy of Integrative Medicine
medical imaging,auxiliary tool for,clinical diagnosis
Department of Otolaryngology,Department of,Manitoba Canada Department of Radiology
Department of Cardiovascular Surgery & Electro - chemotherapy,is,China - Japan Friendship Hospital
Quantitative transcription polymerase chain reaction,was carried out in,ABI Prism 7900HT Sequence Detection System using
Department of Histopathology and Cytology,is,Faculty of Medical Laboratory Sciences
T cells,might,might important for HPV specific T cell response
Department of Nuclear Medicine and Molecular Imaging,Faculty of,Medicine
Pembrolizumab,is,humanized IgG4 antibody consisting of affinity mouse anti-PD-1-derived region grafted onto human IgG4 immunoglobulin molecule with engineered Fc region for stabilization
Department of Radiation Oncology,Department of,Korea Department of Radiation Oncology
Department of Respiratory Medicine,is,Fujieda Municipal Hospital
DWI MRI evaluation,has,has yet reported as useful tool for malignant tumors from ovarian lesions
Pembrolizumab,is,humanized IgG4 antibody consisting of affinity mouse region grafted with Fc region
employing single biomarkers,capture,only tumor biological features linked
current immune checkpoint inhibitors,take brakes,immunotherapies focused
Malabar Cancer Centre,is,tertiary care hospital under Department situated in rural district in North Kerala
B cells,are critical to,antitumor immunity induced by combined therapy for glioblastoma Neoplasia
AChE binding tail PRiMA,is,down regulated in muscle of mice with dystrophy by merosin deficiency Chem Biol Interact 2013 203 330 334
Oncology Business Unit,is,Pfizer Inc
Cogle CR Endothelial cell,derived,support of acute myeloid leukemia targeted by receptor tyrosine kinase inhibition Leuk Res
Medical School of Nanjing University & Clinical Cancer Institute of Nanjing University,of School is,Jiangsu Province China Department of Biology
Tumor differentiation,may,may categorized as variables with stage tumor like grade dysplasia carcinoma in situ
NLRP3 inflammasome,was,demonstrated as negative regulator of tumorigenesis in associated liver cancers
Department of Surgical Pathology,Division of,Japan Research Division of Companion Diagnostics
Department of Medicine,of Department is,"USA2 Department of Medicine , Division of Cardiology"
Department of Medical Oncology,of Department is,Australia Department of Radiation Oncology
cortical MIAT,reduced in,SCZ of superior gyrus
Pembrolizumab,is,humanized monoclonal IgG4 anti-PD-1 antibody consisting of high affinity mouse region grafted
Department of Pathology,of Department is,Japan Department of Pathology
Department of Respiratory Medicine,Department of,Department of Thoracic Surgery
targeted drug discovery,is in,relation to oncology
Src family kinases,is with,dasatinib blocks migration of human melanoma cells
Department of Epidemiology and Public Health,of Department is,Medical Information Department
China Department of Biotherapy,is,Eastern Hepatobiliary Surgery Hospital
Cell culture lung cancer cell line A549,was,authenticated by cellular morphology at Microread Inc.
Tumor differentiation,may,may categorized as variables with stage tumor
biomarkers,evaluate,clinical responses of immunotherapy including DC CTL CIK therapy
Biological effects,were assessed trypan exclusion test detection by,Sulforhodamine B cell proliferation assay
TCR T cells,Fueling,current excitement of cancer medicine
MBT 2 cells,were cultured For,BrdU incorporation assays
Cancer Genome Atlas Clinical Explorer,is clinically oriented summary of,data organized by cancer type
percutaneous stent therapy,can quickly relieve symptoms For,superior vena cava syndrome
human MIR10B gene,was,For stable expression cloned into pMX IRES Blasticidin vector downstream
VEGFR targeting antibody ramucirumab,was,approved by Food Administration in United States for gastric junction adenocarcinoma patients with progression on fluoropyrimidine - containing chemotherapy
Epigenome Research Center,is,China Medical University Hospital
serum CYFRA 21 1 assay,has,In our department has routinely performed at initial diagnostic workup after therapy
serum CYFRA 21 1 assay,has,In our department has performed after radiation based therapy
Department of Radiotherapy,is,National Cancer Center / National Clinical Research Center for Cancer / Cancer Hospital
Biomarker analyses,evaluating,erlotinib onartuzumab in advanced non-small-cell lung cancer
Several CAR T cell platforms,are under,clinical trials for multiple myeloma
National RNAi Core Facility,is,Academia Sinica
PD 1 gene,be,used as markers for distinguishing lung adenocarcinoma staging in Northeast Han population
Clinical information,were,obtained from medical records
based biomarkers,predict pCR after,SABR treatment with study on explanted tumour
Medical Science,School of,School of Medicine
NALP3 inflammasome,is,characterized inflammasome
Department of Internal Medicine,Faculty of,Medicine
Bevacizumab,was,first approved anti-VEGF monoclonal antibody
peri-anal extramammary Paget 's disease,associated with,two well differentiated invasive sigmoid carcinomas
Resource Biology,of Laboratory is,School of Medicine
tumor suppressors P53,are,because important in regulating cellular senescence
b SAS cells,immunoprecipitated with,TRAF6 antibody
VEGFR targeting antibody ramucirumab,was,approved by Food Administration in United States for advanced junction adenocarcinoma patients with progression on chemotherapy
Department of Radiology and Radiation Oncology,School of,Graduate School of Medical Sciences
Mouse polyclonal antibodies,were,used as antibodies with labeled anti-Rabbit IgG
Faculty of Pharmaceutical Sciences,Centre for,Heart Lung Innovation
Pembrolizumab,is,is evaluated in phase trials in combination with oral azacitadine in pretreated advanced NSCLC
Pembrolizumab,is,humanized IgG4 antibody consisting of affinity mouse variable region grafted onto IgG4 immunoglobulin molecule with engineered Fc region for stabilization
Radical esophagectomy,has,has acknowledged with paramount importance in intended therapy for esophageal squamous cell carcinoma
Critical Care Medicine,is,Department of Medicine
Pembrolizumab,is,IgG4 antibody consisting of high affinity mouse variable region
Xenograft tumor models,were,established through injecting ECA109 into mice
Primary Sjögren ’s syndrome,is,in Sjögren ’s syndrome chronic autoimmune disorder characterized by infiltration
Clinical Research Division,is,Center of Molecular Immunology
may particular important EGFR ligand,is in,cancer biology
Kisfalvi K Guha S Rozengurt E Neurotensin,induce stimulation by,duration in pancreatic cancer cells J Cell Physiol 2005
specific immunohistochemical markers,can,Thus can useful in correct diagnosis of cancer
clinical trials,are evaluating,targeted for characterized SCLCs
Immunohistochemistry staining embedded tumor,were,collected from Pathology Department of our hospital
systemic chemotherapy,combined with,resection of primary tumor
HRM MAF titration,was,conducted by MAF in mixed DNA sample from 10 % to 0.005 % of Ex19_std in increasing DNA concentration assay from 0.25 ng μl
Clinical Medicine,of School is,Tongji Medical College
three genomic measures,were used,covariates to help in genes in lung cancer classifier
Radical esophagectomy,has,has widely acknowledged with paramount importance in therapy for esophageal cell carcinoma
personalized medicine,directed at,specific targets in tumors
clinical studies,are exploring,TKI combination treatment
Tongji University School of Medicine,is,Department of Oncology
Robotic surgery,offers advantages over,VATS in bronchial plastic surgery
ESCC cell line TE cells,were obtained from,Cell Bank for Biological Sciences
Clonogenic survival assay,was performed on,cells treated with erlotinib in combination with 6AN
Peter Doherty Institute for Infection and Immunity,at Department is,Australia Department of Radiation Oncology
Discussion Cardiac CT,offers,anatomical assessment of CAD comparable to coronary angiography
T cells,might,might important for HPV specific T cell response in tumors
ALDH2 GG genotype,with subjects is,ORs for esophageal cancer among male individuals genotypes
Department of Histopathology and Cytology,of Department is,Department of Histopathology and Cytology
KYSE cells,demonstrated tendencies,as observed in KYSE 170 cells
Invading tumour front grading system,generate IFG score as,developed by Bryne
DWI MRI evaluation,has,has reported as useful tool for differentiating tumors
Radiotherapy,is considered as,effective therapy for brain metastases
"Institute of Clinical Immunology , Yueyang Hospital of Integrated",of Institute is,Shanghai University of Traditional Chinese Medicine
Background Epidermal growth factor receptor,is target for,therapeutic antibody in management
Human lung adenocarcinoma PC 9 cell line,was purchased from,RIKEN BioResource Center
based chemotherapy,is,For NSCLC mainstay of line treatment
HRM MAF titration,was,conducted by MAF in mixed DNA sample from 10 %
VEGFR targeting antibody ramucirumab,was,approved by Food Administration for advanced junction adenocarcinoma patients with progression on containing chemotherapy
Pembrolizumab,is,monoclonal IgG4 antibody consisting of affinity mouse anti-PD-1-derived region
Pauley Heart Center,College of,"Department of Kinesiology & Health Sciences , College of Humanities & Sciences"
Pembrolizumab,is,humanized monoclonal IgG4 anti-PD-1 antibody consisting of high affinity mouse anti-PD-1-derived variable region grafted with Fc region
Kawase T Yasui Y Nishina S Fibroblast activation fibroblasts,promote,progression of pancreatic adenocarcinoma BMC Gastroenterol
Department of Laboratory Medicine,of Department is,Guangdong China Guangdong Esophageal Cancer Institute
his clinical fellowship,is in,hematology oncology
Clinical data,were collected retrospectively from,medical records
nonobese diabetic severe combined immunodeficient xenograft model,reflects,important clinical characteristics
Radiation Oncology,is,Samsung Medical Center
MDSCs,induce apoptosis in,T cells
human melanoma A375 cell line,was purchased from,Cell Bank of Chinese Academy of Sciences
Department of Clinical Oncology,is,Oncoclinicas Group
VH Dawson H Perren A Lugli A Next generation tissue microarray,quality of,biomarker studies
Pulmonary Medicine,of Department is,Nippon Medical School
Pembrolizumab,are,human IgG4 antibodies approved as second line therapy for metastatic HNSCC
Department of Radiation Oncology and Molecular Radiation Sciences,Department of,Department of Radiation Oncology
CT coronary angiography,alternative to,traditional angiography
Cardiac glycosides,are known,specific inhibitors of enzyme
Masuda M Methotrexate,is excreted by,canalicular multispecific anion transporter in rats Cancer Res
bronchial cells 16HBE,were provided by,tumor Cell Library
Inadomi K Kumagai H Arita S Tsuruta N Takayoshi K Mishima K Ota S Tanaka M Okumura Y Sagara K Bi-cytopenia,possibly induced by,anti-PD-1 antibody for primary malignant melanoma of esophagus
Japan Department of Pathology,is,Tokyo Medical University Ibaraki Medical Center
Discussion Cardiac CT,offers,detailed anatomical assessment of CAD comparable to coronary angiography
Pembrolizumab,is,monoclonal IgG4 anti-PD-1 antibody consisting of affinity mouse region grafted onto IgG4 immunoglobulin molecule with engineered Fc region for stabilization
Chiba University Hospital,University of,International University of Health and Welfare
LC biomarkers,is in,Metaboanalyst
Radiotherapy,can ameliorate,symptoms caused by tumor
Department of Preventive Medicine and Public Health,of Department is,Ajou University School of Medicine
HCC827 cells,were,Then treated with MET exosomes
single agent nivolumab,was granted,FDA approval for patients with SCLC with disease progression
Xenografted tumor model Female BALB c mice,were purchased from,Center of Experimental Animal of Guangzhou University of Chinese Medicine
labeled CD133 antibodies,were,bought from Miltenyi Biotec
MUC16 CA125 antigen,is,already used serum marker for diagnosis of cancer
IBM score,be independent prognostic factor for,OSCC patients
specific immunohistochemical markers,can,can very useful in correct diagnosis of cancer
Pembrolizumab,is,humanized IgG4 anti-PD-1 antibody consisting of affinity mouse anti-PD-1-derived region grafted onto human IgG4 immunoglobulin molecule with Fc region
Department of Molecular Cell Biology,of Department is,South Korea Samsung Biomedical Research Institute
Pembrolizumab,is,humanized IgG4 antibody consisting of high affinity mouse variable region grafted onto human IgG4 immunoglobulin molecule with engineered Fc region
MRI,was conducted concerns During,diagnostic work up for FAS
HRM MAF titration,was,conducted by MAF in mixed DNA sample from 10 % to 0.005 % in total DNA concentration assay from 0.25 ng
Lorlatinib,demonstrated,clinical activity in NSCLC patients with ROS1 fusion including those
School of Medicine and Life Sciences,University of,Nanjing University of Chinese Medicine
Pembrolizumab,is,monoclonal IgG4 anti-PD-1 antibody consisting of affinity mouse anti-PD-1-derived variable region
Thoracic surgeon,is now familiar with,use in era of lung transplantation
miRNAs,are presently considered In,view of close relationship between miRNAs
IgG4 anti-PD-1 monoclonal antibodies,approved as,line therapy metastatic HNSCC US FDA
Medical Practice for Radiotherapy and Radiation Oncology,Centre for,Centre for Clinical Trials Lübeck
clinical data,were collected as,data from existing EMRs
pharmacological effects,were examined in,NSCLC cells
IHC staining,supported,diagnosis malignant adenomyoepithelioma
UM SCC cell lines,test,effect on CAM on distant metastases
Radical esophagectomy,has,has widely acknowledged with paramount importance in therapy for squamous cell carcinoma
Neuroscience Research Center,is,Institute of Neuropharmacology
clinical characteristics,provide,evidence of clinical management
Pembrolizumab,is,humanized monoclonal IgG4 anti-PD-1 antibody consisting of affinity mouse region grafted onto IgG4 immunoglobulin molecule with Fc region for stabilization
current immune checkpoint inhibitors,take brakes,While immunotherapies focused on T cell activity
Genetic synthetic lethal therapy,are,targeted at activated oncogenes
Department of Radiation Oncology,Hospital of,First Hospital of China Medical University
miRNAs,particularly attractive as,biomarkers
Primary GBM Combination,is with,radiotherapy
Tianjin Cancer Institute,is,National Clinical Research Center of Cancer
treatment BALB c mice,housed in,certified specific level animal facility
specific shRNA,Conversely was stably expressed in,UM SCC 14A cells with high expression
top five kinases,is in,nine TNBC cell lines
T cells,were,recruited by CXCL11 with chemotherapy in tumor of NSCLC patients Chemokines
National Cancer Center / National Clinical Research Center for Cancer / Cancer Hospital,is,Chinese Academy of Medical Sciences and Peking Union Medical College
Department of Pathology,of Department is,Affiliated Tumor Hospital of Guangxi Medical University
MS HRM analyses,were,performed on tumor sample in duplicate with duplicates of DNA methylation standards
Autonomous Public Clinical Hospital No.,is of,Pomeranian Medical University
relevant consensus Korean reference genome,is step towards,personal reference genomes
Systemic treatment,was usually prescribed as,judged appropriate by patients medical oncologists
Pembrolizumab,is,is studied in combination with ipilimumab in patients with melanoma in phase
University Hospital Bichat - Claude Bernard,is,Medical Faculty
T cells,is in,metastatic breast cancer Cancer Immunol Res
Bayi Hospital Affiliated,is to,Nanjing University of Chinese Medicine
Pembrolizumab,was,approved by FDA in 2017 for MSI tumors irrespective
Stachler MD,Paired,exome analysis of Barrett 's esophagus
Radiotherapy,of Department is,Medical Faculty
Department of Oncology,of Department is,Jining Medical University
Department of Cancer Biology,is,Wake Forest School of Medicine
Harvard Medical School,School of,Brody School of Medicine
NSCLC cells,were,of NSCLC clones seeded in Cell culture dishes
our human HNSCC cell lines,showed,induction of MHC class I genes
parahippocampal gyrus,showed,BM involvement
China Departments of Radiation Oncology,is,Hangzhou Cancer Hospital
human oral tissue protein,was,purchased from BioChain as control
2 NSCLC xenograft models,approved for,cancer therapy
HRM MAF titration,was,conducted by MAF in mixed DNA sample from 10 % to 0.005 % of Ex19_std in increasing DNA concentration assay
Department of Surgery,is,Tri-Service General Hospital
Office of Biostatistics,Institute for,Ajou Research Institute for Innovative Medicine
g NCI H1975 cells,immunoprecipitated by,anti-HA antibody
biomarkers,exploit,clinical potential of juice samples
Department of Pathology,University of,Medical University of Vienna
Institute of Dermatology,is,Chinese Academy of Medical Science
Department of Pharmacology,is,School of Medicine
Rodriguez AC Clinical,crosstalk in,endometrial Cancer Cell Rep 2018 22 2995 3005
associated angiogenesis,is target,actively investigated for treatment of malignancy types
Conclusion HNSCC cell line xenograft growth,can,can effectively assessed in CAM assays in manner consistent
KYSE 180 cells,demonstrated tendencies,observed in KYSE 170 cells
Guangdong Key Laboratory for Research and Development of Natural Drugs,is,Guangdong Medical University
Medicine,of cDepartment is,Harvard Medical School
mRNA expression demonstrated,is considered,marker for HPV infection
Medicine,of Department is,Germany Department of Dermatology
miRNAs,were found Out,2578 analyzed miRNAs
Department of Diagnosis,is,Ningbo Diagnostic Pathology Center
cancer immunotherapy,has shown,great clinical benefit in multiple types of cancers
Biomarker analysis,conducted on,designed phase III trial of chemotherapy with cetuximab
directed precision medicine,has,has extensively investigated as target for anticancer therapy
Fifty nine OSCC patients,were recruited from,Affiliated Hospital of Mudanjiang Medical College
biofilm,Even constitutes,main etiological factor for prevalent diseases
miRNAs,contribute to,CXCL12 CXCR4 induced liver metastasis of colorectal cancer
T cells,exist in,CTLA 4 induced colitis
Peking Union Medical College Hospital,is,Chinese Academy of Medical Sciences & Peking Union Medical College
C12 ion beam therapy,theoretically offers advantages compared,energy x-ray therapy as for example biological efficiency
Review TCF7 gene,was,firstly identified as transcription factor in 1991
Pembrolizumab,is,humanized monoclonal IgG4 antibody consisting of affinity mouse anti-PD-1-derived variable region grafted onto human IgG4 immunoglobulin molecule with Fc region
8227 leukemic cell line,was derived from,human AML
biomarkers,have,However have described in esophageal cell carcinoma
DWI MRI evaluation,has,has reported as useful tool for differentiating malignant tumors from ovarian lesions
Speicher MR Pantel K Tumor signatures,is in,blood Nat Biotechnol 2014 32 441 24811
UM SCC cell lines,test,effect on CAM on distant metastases to liver
Pembrolizumab,is,humanized monoclonal IgG4 antibody consisting of affinity mouse variable region grafted onto IgG4 immunoglobulin molecule with Fc region
Department of Gynecology,of Department is,First Affiliated Hospital of China Medical University
Lung metastasis models,were generated by,using labeled A549 P GR cells
Department of Molecular Cell Biology,of Department is,South Korea Department of Pathology
Canada Laboratory Medicine & Pathobiology,Institute at,Lunenfeld - Tanenbaum Research Institute at Mount Sinai Hospital
Thoracic Oncology,of Department is,State Key Laboratory of Biotherapy / Collaborative Innovation Center of Biotherapy
biomarkers,predict pCR after,SABR treatment with histopathological study on tumour as gold standard
CancerMolecular Cancer1476 4598BioMed,inhibits invasion by,targeting ubiquitin specific peptidase 25
Department of Gynecologic Oncology,is in,Fudan University Shanghai Cancer Center
human oral epithelial cells,were,provided by Key Laboratory of Stomatology
Recent kinase developments,include,precision therapy
Pembrolizumab,is,humanized IgG4 anti-PD-1 antibody consisting of affinity mouse anti-PD-1-derived variable region grafted with engineered Fc region for stabilization
HEK293T cell line,grown in,DMEM supplemented with 10 % fetal calf serum
Smad4 antibody,was added as,primary antibody
Uterine corpus involvement,is,predictor of metastasis in uterine cervical cancer J Gynecol Oncol 2008 19 181 184
Department of Cancer Prevention,of Department is,Research Centre of the Portuguese Oncology Institute
NALP3 inflammasome,is involved in,response to amyloid beta Nat Immunol 2008 9
our miRNAs,were proved,breast cancer related miRNAs with accuracy of 100 %
Clinical studies,have noted with,improved responses after ICI treatment
Peripheral blood TCR repertoire profiling,may facilitate,patient stratification for immunotherapy
MIR10B gene,was,For expression of miR 10b in immortalized RDEB KCs cloned into pMX IRES Blasticidin vector
Physician,School of,School of Medicine and Health Sciences
BH3 profiles,be,associated with treatment response to nCRT to serve as basis for
medial laparotomy,was,performed with resection of anterior area with left nephrectomy
Clinical experience,is with,ipilimumab 3 mg kg
Pulmonary Care Medicine,College of,Seoul National University College of Medicine
preoperative chemoradiotherapy,is,triple therapy model
Bae J Hideshima T Tai YT Song Y Richardson P Raje N Histone deacetylase inhibitor ACY241,enhances,anti-tumor activities of antigen specific memory T lymphocytes
Pembrolizumab,is,humanized IgG4 antibody consisting of affinity mouse anti-PD-1-derived region grafted
Masuda M Methotrexate,is excreted by,anion transporter in rats Cancer Res
Single cell analysis,reveals,stem cell program in metastatic breast cancer cells
Obstetrics,of Department is,Faculty of Medical Sciences
Metabolomic analysis,demonstrated,metabolic profile
Xu S Lu S Trastuzumab anti-tumor efficacy,is in,patient derived esophageal squamous cell carcinoma xenograft
Pembrolizumab,is,monoclonal IgG4 antibody consisting of affinity mouse region grafted with engineered Fc region for stabilization
hypomethylation regulated PLCE1 protien expression,was,correlated with tumor angiogenesis
People ’s Republic of China Department of Stomatology,is,Suzhou Kowloon Hospital Shanghai Jiaotong University Medical School
Obstructive Pulmonary Disease IREB2,has,has implicated as COPD susceptibility gene
Peter Doherty Institute for Infection and Immunity,at Department is,Victoria 3065 Australia Department of Pathology
Biobank of Chungnam National University Hospital,member of,Korea Biobank Network
Primary Sjögren ’s syndrome,is,in primary Sjögren ’s syndrome disorder characterized by infiltration
Computed tomography,revealed shadow at,site of right upper lobe bronchus
Mahmoudian RA Biological,is in,progression of human ESCC Rep Biochem Mol Biol 2017 5 2 83 90 28367468 27
KYSE150 cells,were,For knockdown MCL 1 grown in 6 well plates
Transfected SNU 478 cells,establish,stable AGR2 knockdown cells
Department of Pathology,of Department is,University of Oklahoma Health Sciences Center
Reproductive Medicine Application Institute,is,"Department of Histology and Embryology , Hunan Province Key Laboratory of Cancer Cellular"
phase II clinical study,using,radiotherapy combined with chemotherapy
biomarkers,guide,immune checkpoint blockade in cancer therapy Nat Rev Cancer
Department of Radiation Oncology,of Department is,State Key Laboratory of Oncology
biomarkers,Therefore should ideally incorporate,features of tumor leading to comprehensive assessment of tumor biology
Four UM SCC cell lines,test,effect on tumor growth on CAM on distant metastases
T effector cells,transmigrate to,TME compartment via venules
Shaw BL Menolasino MJ III Metastatic penile cell carcinoma,Am,Osteopath Assoc
anti-cancer drug efficacy,elucidate,predictive biomarkers
Pembrolizumab,is,humanized monoclonal IgG4 antibody consisting of affinity mouse variable region grafted with Fc region
Fig. 6 Bcl 2 family,mediates,effect of Gefitinib induced cell apoptosis
College of Bioinformatics Science and Technology,is,Harbin Medical University
Pembrolizumab,was,approved in 2014 by FDA for treatment of patients with treated melanoma
Peter Doherty Institute for Infection and Immunity,at Department is,Australia Department of Surgery
clinical data,were,For tumor samples available from Department of Otolaryngology
North Norwegian OSCC patient,is representative of,OSCC patient
Xenografted tumor model in Female BALB c mice,were purchased from,Center of Experimental Animal of Guangzhou University
Radiation Oncology,of Department is,China3 Institute for Nutritional Sciences
University of Medicine and Pharmacy,Department of,Department of Genetics
IBM score,be independent factor for,OSCC patients
BTPS type 2,refers to,dominant inheritance with development of Adenomatous Polyposis
Della Vittoria Scarpati G Falcetta F Carlomagno C Ubezio P Marchini S De Stefano A specific miRNA signature,correlates with,response in advanced cancer Int J Radiat Oncol Biol Phys 2012 83 1113 1119
Genetic based synthetic therapy,are,targeted at oncogenes
aResearch Institute for Future Medicine,is,Samsung Medical Center
biomarkers,are,In addition with development of liquid biopsy of cancer diagnosis urgently needed for large scale studies
Pembrolizumab,is,IgG4 antibody consisting of affinity mouse region grafted with Fc region for stabilization
Nuclear Medicine,of Department is,Bern University Hospital
phase II prospective clinical study,using,radiotherapy combined with chemotherapy
MIR10B gene,was,For stable expression cloned into pMX IRES Blasticidin vector downstream
National Comprehensive Cancer Network,recommends,BRCA1 2 analysis for all with pancreatic adenocarcinoma
Department of Medical Oncology,of Department is,Collaborative Innovation Center for Cancer Medicine
Department of Otorhinolaryngology,is,University Hospital of North Norway
Sunaga N Tsuchiya S Serum pro-gastrin-releasing peptide,is,marker for treatment monitoring in small cell lung cancer
Radiation Oncology,of Department is,Klinikstraße
bilateral thalamus,showed,BM involvement
Ultra-deep targeted sequencing,identifies,mutation based prognostic gene signature Oncotarget
China - Japan Friendship Hospital,is,Hospital of Piacenza
Precision Oncology,Department of,Department of Medical Oncology
Primary tracheal cells,were stained,hematopoietic specific marker CD45
Della Vittoria Scarpati G Falcetta F Carlomagno C Ubezio P Marchini S De Stefano A specific miRNA signature,correlates with,complete pathological response in locally advanced rectal cancer Int J Radiat Oncol Biol Phys 2012 83 1113 1119
Heidelberg Institute of Radiation Oncology,of Institute is,Oscar Lambret Comprehensive Cancer Center
miRNAs,particularly attractive as,biomarkers for cancer diagnosis
medicine,increase,efficacy of Gefitinib
personalized medicine,directed at,specific molecular targets
Department of Medical Parasitology & Mycology,of Department is,Shiraz University of Medical Sciences
miRNAs,play role in,biology of NK cells
DACH1 IHC staining results,were evaluated by,three independent pathologists
Research Neoadjuvant chemoradiotherapy,followed by,transanal total mesorectal excision
treatment BALB c mice,housed in,certified specific pathogen free level animal facility at Institute of Radiation Medicine
Department of Immunology and Microbiology,is,University of Colorado Anschutz Medical Campus
A549 DDP cells,were,For cell cycle assay fixed in 75 % alcohol
Veterinary Pathology,of Department is,University of Agricultural Sciences and Veterinary Medicine
University Hospital,is of,Paracelsus Medical University
biomarkers,predict pCR after,SABR treatment
CD40 antibody,were purchased from,Elabscience Biotechnology Co.
BM,developed,while BM developed in 30.3 %
Cancer immunotherapy,was,chosen for 2016 by American Society of Clinical Oncology
Respiratory Medicine,School of,Medical School of Southeast University
Department of Radiation Oncology,Department of,Otolaryngology
Department of Gastroenterology and Hepatology,of Department is,Japan Department of Surgical Pathology
Respiratory Medicine,of Department is,Keio University Hospital
single agent nivolumab,was granted,FDA approval for patients with SCLC with disease progression following based chemotherapy
Department of Thoracic Surgery,is,Peking Union Medical College Hospital
General Surgery Trauma Research Center,is,Kashan University of Medical Sciences
Department of Orthopaedics,is,First Affiliated Hospital of Shantou University Medical College
Radiation Oncology,School of,Sungkyunkwan University School of Medicine
biomarkers,level of be,In clinical application would influence of classifications including age
biomarkers,are common practice with,modern targeted therapies like anti HER2
DCE MRI,was,For study performed in participants with OTSCC from May 2016 to June 2017
Department of Pathology,of Department is,Harbin Medical University
HNSCC xenograft model,was,developed by subcutaneous transplantation of HNSCC cells in mice
Medicine,Department of,"Department of Anatomy , College of Medicine"
Western blot analysis,is in,SAS cells
Background Chemotherapeutic drugs,used frequently for,cancer therapy
Department of Medical Oncology,Hospital of,Kunming Medical University
Whole exome sequencing,provides window into,metastatic prostate cancer Biotechnol 2014 32 479 484
Sakimura C Tanaka H Okuno T Hiramatsu S Muguruma K Hirakawa K Wanibuchi H Ohira M B cells,are,associated with prognosis in gastric cancer J Surg Res
growth factor receptor tyrosine kinase inhibitors,have,In past few decades have used as targeted therapy
durable antitumor activity,is in,men with mCRPC
Cells,were incubated with,FITC labeled human anti-MAGE-A1 antibody
biomarkers,are common practice with,modern targeted therapies
Department of Medical Oncology,of Department is,Italy Biosciences Laboratory
"State Key Laboratory of Experimental Hematology , Institute of Hematology & Hospital of Blood Disease",is,Chinese Academy of Medical Sciences & Peking Union Medical College
Front BMC Res Notes BMC,Res,Notes BMC Research Notes 1756 0500
Chinese medicine,is,used clinically
Tumor nude mice model construction BALB c male nude mice,were purchased from,Beijing Laboratory Animal Research Center
MUC16 CA125 antigen,is,Moreover already used serum marker for diagnosis
DWI MRI evaluation,has,has reported as useful tool for differentiating tumors from benign ovarian lesions
Physiology Research Center,is at,Kerman University of Medical Sciences
specific immunohistochemical markers,can,can very useful in correct diagnosis of rectal cancer to thyroid carcinomas
specific immunohistochemical markers,can,Thus can very useful in correct diagnosis to thyroid carcinomas
Methods Pancreatic ductal adenocarcinoma samples,were collected by,Department of Hepatobiliary
Liu C BRAF inhibition,is,associated with melanoma antigen expression in patients
BH3 profiles,be,associated with treatment response in esophageal cancer to serve
Schneider G Bryndza E Abdel Latif Ratajczak J Maj M Tarnowski M Bioactive lipids S1P,are factors in,rhabdomyosarcoma
diabetic severe combined immunodeficient xenograft model,reflects,important clinical characteristics of disease Cancer Res 2007 67 8653 8661 10.1158 0008 5472.CAN -07-1198
Her laboratory research,developing,improved therapeutic strategies for clinically relevant subsets of lung cancer
human alveolar epithelial cells,were from,Cell Biologics
Russell H. Morgan Department of Radiology and Radiological Science,of Department is,Johns Hopkins University School of Medicine
MiRNAs,inhibit,function of target gene
clinical molecular variable model,However showed performance based,based only clinical variables
VEGFR targeting antibody ramucirumab,was,approved by Food Administration in United States for gastric junction adenocarcinoma patients with progression on chemotherapy
mesenchymal subtype,has,EMT gene expression signature
Tibia cancer model,were provided by,Laboratory Animal Research Center
Department of Plastic Surgery,is,Massachusetts General Hospital / Harvard Medical School
Trinity Translational Medicine Institute,Hospital ’s,St. James ’s Hospital
human immortalized epithelial cells,were,kindly provided by Key Laboratory of Stomatology
"Medical Biotechnology and Laboratory Science , College of Medicine",Department of,Department of Oral Maxillofacial Surgery
Department of Molecular Biology and Genetics,of Department is,Institute for Experimental Medicine
B cells,are essential for,T cell expansion
Pembrolizumab,is,humanized monoclonal IgG4 anti-PD-1 antibody consisting of high affinity mouse anti-PD-1-derived variable region
Department of Dermatology,is,University of Colorado Anschutz Medical Campus
Errihani Hassan h_errihani@yahoo.fr Ichou Mohammed medich54@gmail.com Medical Oncology Department,Department of,Morocco Department of Visceral Surgery
Office of Biostatistics,is,Medical Research Collaborating Center
Pembrolizumab,is,humanized monoclonal IgG4 antibody consisting of high affinity mouse region grafted onto human IgG4 immunoglobulin molecule with engineered Fc region for stabilization
Cell Cycle Staining Kit,was obtained from,MultiSciences Biotech Co.
CT angiography,rapidly alternative to,traditional angiography for screening
clinical parameter,was obtained from,cBio Portal
Department of Medical Biophysics,of Department is,Health Science Centre
LCRT biospecimen repository,will enable,studies for COPD
Orthopaedics,is,Royal Perth Hospital
Oncology,of Department is,Charles University Faculty of Medicine in Hradec Králové
Department of Gastroenterology,of Department is,Vanderbilt University Medical Center
miRNAs,be used as,markers for NSCLC
cetuximab JAK1i,produced,more apoptosis than cetuximab JAK1i
RNActive cancer immunotherapy,containing,mRNAs
murine colon cancer induced ICD,augmented,T cell mitochondrial function
Radiotherapy,was administered with,Varian Medical Systems
MDSCs,may,may biomarker
Respiratory Medicine,of Department is,Department of Dermatology
clinical trials,American Society of,Oncology of Cancer research joint research statement J Clin Oncol
our HisCoM mimi model,provide,integrated e.g. miRNA to target mRNA markers
NSCLC cells,were,of NSCLC clones seeded in duplicate at density
Chest tomography scan,revealing,endobronchial massive shadow associated with atelectasis of right upper lobe
Radiation Medicine,of Department is,Georgetown University Hospital
clinical trials,report results Concerning,TMB as biomarker
Department of Cardiothoracic Surgery,Department of,Department of Cardiothoracic Surgery
Department of Gastrointestinal Oncology,is,Peking University Cancer Hospital and Institute
ROCK kinase inhibitor fasudil,was first molecule for,clinical use
Instittutional Review Board of Hokkaido university Hospital for Clinical Research,of Board is,Kyushu University Institutional Review Board for Clinical Research
Uonuma Institute of Community Medicine,is,Niigata University Medical and Dental Hospital
Department of Internal Medicine - Section of Hematology and Oncology,of Department is,Wake Forest School of Medicine
Genetic synthetic lethal therapy,are,Currently directly targeted at oncogenes
Cell lines,were,purchased from Bioresource Collection Center
Colangelo T Polcaro G Ziccardi Proteomic screening,identifies calreticulin as,miR 27a direct target repressing MHC class I cell surface exposure in cancer Cell Death Dis 2016 7
Pembrolizumab,is,IgG4 anti-PD-1 antibody consisting of high affinity mouse anti-PD-1-derived variable region grafted
Major lung resection,may cause,heart failure with shunt
clinical trials,determine,efficacy of TKIs in treatment of gastric cancer
Department of Clinical Laboratory Medicine,Hospital of,Affiliated Tumor Hospital of Guangxi Medical University
treatment BALB c mice,housed in,specific level animal facility with individually ventilated cages at Institute of Radiation Medicine
Pembrolizumab,is,humanized IgG4 antibody consisting of high affinity mouse anti-PD-1-derived variable region grafted onto IgG4 immunoglobulin molecule
Malabar Cancer Centre,is,tertiary care hospital under Department situated in rural district of Kannur
monoclonal antibody,showed benefit of,epidermal growth factor receptor
Pembrolizumab,is,humanized monoclonal IgG4 anti-PD-1 antibody consisting of affinity mouse anti-PD-1-derived region grafted onto IgG4 immunoglobulin molecule with Fc region
Pembrolizumab,is,humanized monoclonal IgG4 anti-PD-1 antibody consisting of high affinity mouse region grafted onto IgG4 immunoglobulin molecule with Fc region for stabilization
Multiple clinical studies,indicated,Veliparib based combination therapy
PRMT overexpression,has,Since has implicated in various cancers of PRMT activity
Fibroblast growth factor receptor 1 gene amplification,is,associated with survival in patients with cell lung cancer J Clin Oncol
Department of Radiation Oncology,of Department is,University of Ulsan College of Medicine
serum CYFRA 21 1 assay,has,In our department has performed at initial workup after radiation based therapy since 2005
biomarkers,are urgently needed with,development of biopsy of cancer diagnosis
DWI MRI evaluation,has,has yet reported as useful tool for malignant tumors from lesions
Fig. Gefitinib treatment,induces interferon response hallmark pathways in,human HNSCC cell lines
HRM MAF titration,was,conducted by MAF in DNA sample in DNA concentration assay
Research Center for Molecular BioMedicine,is,Diagnostic and Research Institute of Pathology
clinical trials,considered,tumor PD L1 expression
Department of Genome Sciences,of Department is,Fred Hutchinson Cancer Research Center
biological activity TGβRI kinase inhibitor,is,selective pyridopyrimidine type TGβRI kinase inhibitor
Shandong Cancer Hospital and Institute,Hospital of,Affiliated Hospital of Shandong Academy of Medical Sciences
Human DESC1 serine protease,confers properties to,MDCK cells
Clinical Medicine Research,for Department is,Southern Medical University
our top 50 miRNAs,were proved,breast cancer related miRNAs with accuracy
Department of Medical Oncology,of Department is,Australia Department of Paediatrics
Department of Pathology,is,University of Rochester Medical Center
Thoracic Oncology,of Division is,Shizuoka Cancer Center
Immunohistochemistry,was,performed on biopsy with cells
Our hospital,is,clinical diagnosis of esophageal cancer in China
based in RNAi screen,identifies tumor suppressors in,liver cancer Cell
Department of Dermatology,of Department is,Research Institute of Vaccine Therapy for Tumors
Department of Gastroenterology,of Department is,Department of Hepatology and Gastroenterology
diagnostic biomarkers,are,with fast development of biopsy of cancer diagnosis needed for large scale studies
Primary Sjögren ’s syndrome,is,in primary Sjögren ’s syndrome chronic autoimmune disorder characterized by focal infiltration of exocrine glands
biological verification,are needed,Although HisCoM mimi worked
NLRP3 inflammasome,plays role in,driven lung tumorigenesis
HNSCC xenograft model,was,developed by subcutaneous transplantation in nude mice
Transwell assay,determine after,treatment with EDS
biomarkers,predict pCR after,SABR treatment with study on tumour as gold standard
treatment BALB c mice,housed in,specific level animal facility with ventilated cages at Institute of Radiation Medicine
effective prognostic biomarkers,Therefore should ideally incorporate,features of tumor leading
total ERK1 polyclonal antibody,was provided by,Santa Cruz Biotechnology
Tsai K Daud A Nivolumab,is in,treatment of advanced melanoma J Hematol Oncol
Molecular Oncology Diagnostics Laboratory,is,Amrita Institute of Medical Sciences
Department of Cancer Prevention,of Department is,Portuguese Oncology Institute
Thoracic surgeon,is now familiar with,use of ECMO especially in era
Institute of Occupational and Social Medicine,is,Medical Faculty
targeted antibodies,have demonstrated,cetuximab in cancer
Pembrolizumab,is,monoclonal IgG4 antibody consisting of affinity mouse region grafted
Monoclonal antibodies,are,currently applied in cancer immunotherapies
Li H Han Y Guo Q derived suppressor cells,induce anergy through,TGF beta1 J Immunol
regulated mRNAs,were retrieved from,lncRNADisease 2.0 database
Research Neoadjuvant concurrent chemoradiotherapy,followed by,mesorectal excision assisted for adenocarcinoma
Department of Gastroenterology and Hepatology,Department of,Department of Gastroenterology
State Key Laboratory of Genetic Engineering and Ministry of Education Key Laboratory of Contemporary Anthropology,Department of,China Department of Cardiothoracic Surgery
Radiotherapy,has,has predominant treatment for tumor metastases
Institute of Biotechnology,Department of,Taiwan Department of Otolaryngology
Zhang SE associated fibroblasts,contribute via,exosome mediated miR 34a 5p EBioMedicine
Genetic synthetic lethal therapy,are,directly targeted at activated oncogenes
Department of Pathology and Laboratory of Medicine,is,Kaiser Permanente Sacramento Medical Center
B cell,is,one class in adaptive immune systems
Anti-VEGFR monoclonal antibodies,is,completely humanized antibody against VEGFR
CAR T cell products,are under,active clinical trials for RR myeloma
Dental Disease Research Center,School of,"Department of Immunology , School of Medicine"
Prospective Department of Neurology,is,Massachusetts General Hospital
Cetuximab,is,only targeted biological agent approved for use
Tumor cells,form,sheets of cells
School of Public Health,is,Wenzhou Medical University
miRNAs,are,are increasingly used as prognostic biomarkers
Department of Internal Medicine,is,Hanyang University College of Medicine
Cells,were transfected with,1 μM palbociclib
IL gene,was,originally discovered by subtraction hybridization method by exposing melanoma cells to differentiation
Leeds Institute of Cancer and Pathology,is,Faculty of Medicine and Health
Department of Oncology,of Department is,Second Clinical School of Yangzhou University
human tracheal cells,stained with,indicated antibodies
Department of Radiation Oncology,Department of,USA Department of Bioinformatics and Computational Biology
Pembrolizumab,is,humanized monoclonal IgG4 anti-PD-1 antibody consisting of high affinity mouse region
radiation oncology,was,especially since medical specialty
Department of Otolaryngology,Hospital of,"Perelman Center for Advanced Medicine , Hospital of the University of Pennsylvania"
Yoon SS Lauren histologic type,is most important factor following,resection of gastric adenocarcinoma Ann Surg
Korányi Institute of TB and Pulmonology,of Institute is,Semmelweis University – National Institute of Oncology
Albarakati N Abdel Fatah TM Doherty R Russell Targeting BRCA1 BER deficient breast cancer blockade,is with,cisplatin for personalized therapy Mol Oncol 2015
germline genetic analysis Case Reports,is in,Oncology 2017 Allschwilerstrasse 10
Tumor suppressor microRNA 493,decreases,cell motility ability in bladder cancer cells
serum CYFRA 21 1 assay,has,In our department has routinely performed at workup after radiation based therapy
miRNAs,have become,because they are promising for use as biomarkers
Coskun Hasan S hscoskun@yahoo.com Department of Medical Oncology,of Department is,Turkey Department of Medical Oncology
Several CAR T cell products,are under,active clinical trials for RR myeloma
Whole exome sequencing,provides window into,prostate cancer Biotechnol 2014 32 479 484
clinical LUSC samples,further prove,clinical value of miR -182-5p
Clinical Sciences,is,Laboratory of Biostatistics
Such clinical significance,could,could confirmed by cytological bioactivities with interference of rpS6 activation
Several CAR T cell products,are under,clinical trials for RR myeloma
Stoop HJA Peppelenbosch MP van Eijck CH Sleijfer S Tumor cell expression,predict,cancer specific survival in cancer Int J Cancer 2017 141 572 582
Cells,were,cultured by anlotinib at concentrations
Generating mouse models,using,CRISPR system
human Evi5 gene,was,originally isolated in patient with chromosome translocation
Drug Brand name Manufacturer Targets Applications,Approved,Selpercatinib Retevmo Eli Lilly Metastatic RET fusion positive NSCLC
Institute of Basic Medical Sciences,is,Chinese Academy of Medical Sciences
Pembrolizumab,is,is currently tested in combination with bevacizumab with MRI guided laser ablation
Department of Radiation Oncology,Faculty of,Faculty of Medicine and University Hospital
B cells,is in,total PBMCs
Human pulmonary cells,were purchased from,ScienCell Research Laboratories
Clinical studies,have noted with,patient responses after ICI treatment
MS HRM analyses,were,performed on tumor sample in duplicate
National Comprehensive Cancer Network,College of,College of American Pathologists
recent genomic profiling studies,identified,biologically distinct HNSCC subgroups
Clinical tissue samples time PCR,measure raptor expression in,clinical tissue samples from patients with OPSCC
ERK1 2 polyclonal antibody,was provided by,Santa Cruz Biotechnology Inc.
Pembrolizumab,is,humanized IgG4 antibody consisting of high affinity mouse variable region grafted onto IgG4 immunoglobulin molecule
cancer immunotherapies,accelerate,T cell activity
clinical treatment,However should differ due,biological behaviour of rectal adenocarcinoma
Romanidou O Imbimbo M Mountzios G Abidin A Morgillo F Califano R Therapies,is in,pipeline for small cell lung cancer Br Med Bull
Della Vittoria Scarpati G Falcetta F Carlomagno C Ubezio P Marchini S De Stefano A specific miRNA signature,correlates with,complete response in cancer Int J Radiat Oncol Biol Phys 2012 83 1113 1119
Waldmann TA Cytokines,is in,cancer immunotherapy Cold Spring Harb Perspect Biol
MS HRM analyses,were,performed on tumor sample with duplicates of DNA methylation standards
Stem Cell Transplantation Research Center,School of,"Department of Virology , School of Public Health"
Pembrolizumab,is,is evaluated in phase trials in combination with azacitadine in advanced NSCLC
computed tomography,is,well established imaging modality for variety of solid malignancies
Department of Internal Medicine,is,Kyungpook National University Hospital
Uterine corpus involvement,is,predictor of metastasis in cancer J Gynecol Oncol 2008 19 181 184
Surgical Oncology,of Department is,First Hospital of China Medical University
Department of Medical Research,is,China Medical University Hospital
CT coronary angiography,effective alternative to,traditional invasive angiography for screening
Barzi A Lenz HJ related agents,is in,esophageal cancer Expert Opin Biol
Background EGFR tyrosine kinase inhibitors,have,have developed for treatment of EGFR
SKOV3 cells,were purchased from,Shanghai Cell Bank of Chinese Academy
pharmacologic targeting,sensitizes EC cells by to,based chemotherapy
Methods Basigin expression,was evaluated in,biopsy tissue specimens of 20 lung cancer patients with bone metastases
epidermal growth factor receptor tyrosine kinase inhibitors,have,In past few decades have used as targeted therapy
First Department of Medicine,is,Hokkaido University School of Medicine
Tumor type cases,confirmed,cases tumors Gastric cancer 6 6 Colon cancer 2 2 Thyroid cancer 1 1
Department of Surgery,of Department is,Matsusaka Municipal Hospital
Primary Sjögren ’s syndrome,is chronic autoimmune disorder in,primary Sjögren ’s syndrome
Primary Sjögren ’s syndrome,is,in Sjögren ’s syndrome chronic autoimmune disorder characterized by focal infiltration of exocrine glands
Keywords Pancreatic cancerYAP1TranscriptomicsProteomicsPrognosisExtracellular matrix remodelingCancerThis work,was supported by,Royal Physiographic Society of Lund
Pembrolizumab,is,IgG4 anti-PD-1 antibody consisting of high affinity mouse anti-PD-1-derived variable region
Department of Oncology,Department of,China Department of Medicine
School of Medicine,is,Iwate Medical University
Increased tumorous AREG,was,associated with prognosis with increased HBGEF expression
Oncogenic role,is in,progression of esophageal squamous cell carcinoma Cancer Biol Ther 2013
Medicine,of Department is,USA 3 Foundation Medicine
Wang YT Fu YW Xu J Serum ALDHA1,is,tumor marker for diagnosis
Bae J Hideshima T Tai YT Song Y Richardson P Raje N Histone deacetylase inhibitor ACY241,enhances,activities of antigen specific memory T lymphocytes
Whole genome sequencing,reveals,signatures associated with inflammatory microenvironments in NSCLC patients
human HEK293T cell line,grown in,DMEM supplemented with 10 % calf serum
human MIR10B gene,was,For expression in immortalized RDEB KCs cloned downstream of constitutive Pol III U6 promoter
clinical treatment,should differ due,biological behaviour of rectal adenocarcinoma
animal studies,have examined,importance of VEGF in angiogenesis
Yoon SS Lauren histologic type,is,most important factor associated with pattern following resection of gastric adenocarcinoma Ann Surg
Predictive biomarkers,are practice with,modern targeted therapies like anti HER2
Department of Pathology,aDepartment of,Immunology
CD40 monoclonal antibody,were purchased from,Elabscience Biotechnology Co. Ltd.
preoperative CRT,can,can performed in rectal SCC for local disease control
China Medical University Hospital,Department of,Respiratory Therapy
outcome Cardiopulmonary fitness fitness,will,will determined by maximal cardiopulmonary exercise test gold standard measure
epidermal growth factor receptor tyrosine kinase inhibitors,have,In past decades have used as targeted therapy for patients
Department Key Laboratory,Center of,China5 Lung Cancer Research Center of Sun Yat - sen University
Pembrolizumab,is,humanized IgG4 antibody consisting of affinity mouse anti-PD-1-derived region grafted onto IgG4 immunoglobulin molecule with engineered Fc region for stabilization
Materials Cell lines,were from,all cell bank of Chinese academy of sciences
immunohistochemical demonstration,is tool in,surgically treated OPSCC patients
Radiation Biology and Tumor Physiology,of Group is,Institute for Cancer Research
Chemical Biology Research Center,is,College of Pharmaceutical Sciences
NIH 3T3 cells,generated from,NIH Swiss mouse embryo fibroblasts
Department of Radiation Oncology,is,University Hospital and Medical Faculty Tübingen
Basic Medical Sciences,is,Xinjiang Medical University
Department of Radiation Oncology,is,Oregon Health & Science University
personalized therapies,are no longer limited to,targeted drugs
Department of Pathology and Laboratory Medicine,is,Cedars - Sinai Medical Center
Cell type expression,was determined by,immunohistochemistry
Union Hospital,is,Tongji Medical College
Cell kinetic studies,is in,patients with lung cancer Oncology
Department of Pulmonary Diseases,is,National Hospital Organization Hokkaido Cancer Center
Bioinformatic analysis,reveals,pattern of associated gene expression specific in tumors Proc
LSCC cell line Hep2,were available in,our lab
predictive biomarker,is in,Ph2 study of Atezolizumab
Center Antwerp Belgium2 HistoGeneX,Department of,Belgium3 Department of Medical Oncology
In tumorigenesis,was,assessed by injection in mice
Ministry of Education Key Laboratory of Contemporary Anthropology and State Key Laboratory of Genetic Engineering,of Laboratory is,China2 Department of Pneumology
Fibroblast growth factor receptors,belong to,family of RTK superfamily
Department of Pathology,is,Royal Liverpool University Hospital
Graduate Institute of Microbiology and Immunology,is,National Defense Medical Center
Paclitaxel transplantable murine cancer,induced,transplantable murine breast cancer TAM
T cells,is in,human melanoma Nat Med 2015
based chemotherapy,is,At present established therapy for NSCLC treatment
Department of Respiratory Medicine,is,Royal Brompton & Harefield NHS Foundation Trust
Pembrolizumab,is,humanized monoclonal IgG4 antibody consisting of high affinity mouse region grafted
clinical prognostic index forpatients,treated in,National Cancer Institute of Canada
PDAC cell line PC013,was,propagated from PDAC tumor tissue biopsies as described
Primary Sjögren ’s syndrome,is,in Sjögren ’s syndrome autoimmune disorder characterized by infiltration
Department of Oncology,is,Shanghai Medical College
tumor differentiation,is in,ESCC Clin Cancer Res
Johns Hopkins University School of Medicine,of School is,Johns Hopkins University School of Medicine
Single cell analysis,reveals,stem cell program
brain tissues,are affected for,Alzheimer disease
Xenografted tumor model in Female BALB c nude mice,were purchased from,Center of Experimental Animal of Guangzhou University
Pembrolizumab,is,humanized monoclonal IgG4 antibody consisting of high affinity mouse anti-PD-1-derived variable region grafted onto IgG4 immunoglobulin molecule with engineered Fc region for stabilization
Clinical Laboratory,of Department is,China Department of Anorectal Surgery
Department of Radiation Oncology,of Department is,Fujian Provincial Cancer Hospital
Clinical Laboratory,Department of,Respiratory Care Medicine
SKOV3 cells,were purchased from,Shanghai Cell Bank of Chinese Academy of Science
Oncology,of Laboratory is,Sun Yat - Sen University Cancer Center
targeted vaccines,are in,now clinical studies
Colorectal cancer Tumor suppressor NOTCH2,decreases,tumor differentiation
European Organization for Research and Treatment of Cancer,Institute of,National Cancer Institute of Canada J Natl Cancer Inst
Chinese Academy of Medical Sciences Ethics Committee,is,Jiangsu Institute of Nuclear Medicine Ethics Committee
Western blot analysis,showed,expression levels of STAT3
Davidoff Cancer Center,School of,Sackler School of Medicine
NLRP3 inflammasome,can,Hence can potential target aimed at CSCs in development of novel approaches for head cancer therapy
Research Neoadjuvant concurrent chemoradiotherapy,followed by,transanal total excision assisted for lying adenocarcinoma
based chemotherapy,received,based chemotherapy
IL gene,was,originally discovered by subtraction hybridization method by melanoma cells to differentiation
NLRP3 inflammasome,cleaves 1β respectively to,mature bioactive forms
HRM MAF titration,was,conducted by MAF in mixed DNA sample in increasing total DNA concentration assay from 0.25 ng μl
miRNAs,have become,they are promising for use as biomarkers
Morocco Laboratory of Cytopathology,is,National Institute of Oncology
Department of Pathology,of Department is,USA2 Department of Urologic Oncology
Cancer Therapy Evaluation Program,is at,National Cancer Institute
Clinical Research Physician Program of Tongji Medical College,is,Integrated Innovative Team for Major Human Diseases Program of Tongji Medical College
Department of Radiation Oncology,is,Cork University Hospital
Thoracic Cancer Institute,is,Tongji University School of Medicine
Pembrolizumab,is,is currently tested in combination with guided laser ablation in patients with recurrent GBM
Department of Medical Biology,is,Faculty of Health Sciences
single agent gemcitabine,was,Despite its activity first line treatment for patients
Cancer Institute,School of,Zhejiang University School of Medicine
Sun Yat - Sen University Cancer Center,Center for,Collaborative Innovation Center for Cancer Medicine
Department of Pulmonary Diseases,is,University Medical Center Groningen
Glycolysis related signature,is associated with,features in PAAD
Celià Terrassa Cortés O Mateo F Martínez de Paz Rubio N Arnal Estapé mesenchymal transition,can suppress,attributes of cells
Department of Gastrointestinal Surgery,of Department is,Department of Anatomy
Pembrolizumab,is,humanized monoclonal IgG4 antibody consisting of high affinity mouse region grafted with engineered Fc region
Cetuximab,is,IgG1 monoclonal antibody
Cells,analyzed on,LSRII flow cytometer
Pingitore R Pepe S Basolo F Bevilacqua G growth factor receptor expression,correlates with,metastatic involvement
clinical predictors,associated with,successful therapeutic bronchoscopy
United Innovation of Mengchao Hepatobiliary Technology Key Laboratory,of Innovation is,Mengchao Hepatobiliary Hospital of Fujian Medical University
IHC staining score,was,For Vim evaluation classified by area of positive staining stroma into four categories
Aoki T Yasuda D Shimizu Y Odaira M Niiya T Kusano liver mapping,using fluorescence navigation system for,anatomical hepatic resection World J Surg
growth factor receptor tyrosine kinase inhibitors,have,In past decades have commonly used as targeted therapy
Ultra-deep targeted sequencing,identifies,based gene signature Oncotarget
Chinese medicine formula,is in,effects on human colorectal carcinoma Integr Cancer Ther
Background Epidermal growth factor receptor,is target for,therapeutic antibody in management of cancer
Staged bilateral lobectomy,was more feasible than,simultaneous bilateral lobectomy
Department of Pathology,is,Peking Union Medical College Hospital
Department of Radiation Oncology,of Department is,Tianjing Medical University Cancer Institute and Hospital
Bcl 2 family,mediates,FZKA enhanced effect of Gefitinib induced lung caner cell apoptosis
Pembrolizumab,are,human IgG4 monoclonal antibodies approved as line therapy for HNSCC by US FDA
Primary outcome fitness Cardiopulmonary fitness,will,will determined by maximal cardiopulmonary exercise test gold standard measure
Huang TGF beta1 expression,is,regulated by activated protein kinase in mesangial cells Kidney Int
Background Pancreatic resection,are,powerful tools in multidisciplinary local treatment of pancreatic ductal adenocarcinoma
Pembrolizumab,are,IgG4 monoclonal antibodies approved as line therapy for HNSCC
Celià Terrassa Cortés O Mateo F Martínez de Paz Rubio N Arnal Estapé Epithelial mesenchymal transition,can suppress,major attributes of cells
Cells,were transfected with,1 μM palbociclib
Institute of Radiation Medicine,Academy of,Chinese Academy of Medical Sciences
our top 50 miRNAs,be,miRNAs
Tissue Culture Laboratory,used in,cell based assays
Department of Radiation Oncology,of Department is,Teaching Hospital of Fujian Medical University
Cyclophosphamide fibrosarcoma,enhanced,priming of tumor specific CD8
miRNAs,are highlighted for,their clinical applications in disease development
expressed miRNAs,facilitated cancer diagnosis In,NSCLC patient for example
Department of Gastrointestinal Surgery,School of,School of Basic Medical Science
"Graduate Institute of Medicine , College of Medicine",of Institute is,Taiwan Departments of Otorhinolaryngology
Novel pancreatic cancer cell lines,derived from,engineered mouse models adenocarcinoma
Radiology,of Department is,University of Tokyo Hospital
Pembrolizumab,is,humanized monoclonal IgG4 antibody consisting of high affinity mouse region grafted onto IgG4 immunoglobulin molecule with Fc region for stabilization
Department of Obstetrics and Gynecology,is,Affiliated Hospital of Binzhou Medical College
practising physicians,were identified from,database of Ministry of Health
Department of Pulmonology and Immunology,University of,Lithuanian University of Health Sciences
Primary outcome Cardiopulmonary fitness fitness,will,will determined by cardiopulmonary exercise test gold standard measure
Radiotherapy,can effectively ameliorate,symptoms caused by primary tumor
TCR T cells,Fueling,excitement of cancer medicine
Institute of Molecular Medicine,is,Trinity Centre for Health Sciences
precision medicine,has,has extensively investigated as target for anticancer therapy
Radical esophagectomy,has,has widely acknowledged with paramount importance in intended therapy for squamous cell carcinoma
Hepatobiliary Liver Transplantation Center,Commission of,Key Laboratory on Living Donor Liver Transplantation of National Health and Family Planning Commission of China
Department of Oncology Clinical Development,is,Gunma University Graduate School of Medicine
Department of Molecular Oncology,Centre for,Centre for Translational and Applied Genomics
Nantong University of medicine,Department of,Reproductive Medicine
Clinical T status,were determined via,endoscopic ultrasound performed by endoscopists
clinical trials,are evaluating,use of vismodegib in types of cancer
"University of Antwerp , Faculty of Medicine and Health Sciences",Division of,Translational Radiation Oncology
China Biotherapy Research Center,is,Liaoning Cancer Hospital & Institute
Department of Dermatology,Department of,Dermatology
Department of Radiation Oncology,of Department is,China Medical University
Stoop HJA Peppelenbosch MP van Eijck CH Sleijfer S Tumor cell expression,predict,cancer specific survival in pancreatic cancer Int J Cancer 2017 141 572 582
lentiviral vectors specific,were obtained from,National RNAi Core Facility
radiotherapy,may of,Therefore may potential clinical value
treating physician,possibility of,LM originating from tumor types in patient
NLRP3 inflammasome,was,demonstrated as regulator in liver cancers
Cancer susceptibility gene2,is,cancer related lncRNA
Primary cells,were stained,hematopoietic specific marker CD45
IHC staining results,were scored by,pathologist
Bioinformatic analysis,reveals,pattern specific to like breast cancers
NLRP3 inflammasome,was,demonstrated as negative regulator of tumorigenesis in liver cancers
Ultra-deep targeted sequencing,identifies,based prognostic gene signature Oncotarget
biological processes enriched,were related In,513 selected gene set for ADC
Department Key Laboratory,Department of,China3 Department of Biochemistry
Pembrolizumab,is,humanized IgG4 anti-PD-1 antibody consisting of high affinity mouse region grafted onto human IgG4 immunoglobulin molecule
miRNAs,are,are used as prognostic biomarkers
Radiosurgery Society,Department of,USA3 Department of Radiation Oncology
Salivary biomarkers,is in,cancer detection Med Oncol
Xenografted tumor model BALB c nude mice,were purchased from,Center of Experimental Animal
Radiation Oncology,Institute for,"CRUK / MRC Oxford Institute for Radiation Oncology , University of Oxford"
Clinical aspects,is in,Cancer Adv Biomed Res
European Organization for Research and Treatment of Cancer,Institute of,National Cancer Institute of Canada J Natl Cancer Inst
e immunostaining,is with,CD31 antibody
Pembrolizumab,is,humanized monoclonal IgG4 antibody consisting of high affinity mouse anti-PD-1-derived region grafted
clinical studies,have confirmed,efficacy of figitumumab on Ewing ’s sarcoma
miRNAs,have of,have particular interest in cancer research
ECL chemiluminescence kit,detect,bound antibody
Cell culture bronchial epithelial cell line HBE,were,obtained from Institute of Biochemistry of Chinese Academy
MTT assay,indicated,anti-tumour effect of cisplatin following transfection of PDCD4 siRNA
Discussion MiRNAs,are class,at post-transcriptional level involved in every aspect of cancer cell biology
T cell subpopulations,is in,Clin Cancer Res
cancer therapy,is with,specific adjuvant therapy
Otolaryngology - Head & Neck Surgery,is,Department of Surgery
China Department of Infectious Disease,is,Yongchuan Hospital of Chongqing Medical University
Thoracic Oncology,of Department is,Yokohama City University Medical Center
Department of Pediatric Dentistry,of Department is,China Medical University
aImmunology Research Center,is,Mashhad University of Medical Sciences
Department of Laboratory Medicine,University of,Hubei University of Medicine
Department of Cardiothoracic Surgery,of Department is,Department of Pathology
TLR7 8 agonist imiquimod,may,For VSCC tumors may applied therapeutic agent
Animal studies,were approved by,Animal Care Committee of First Affiliated Hospital of Zhengzhou University
Its biological role,has,has mainly evaluated in pancreatic ovarian esophagus cancers
BTPS type,is in,keeping with McKusick ’s description of Turcot syndrome with CMMRD spectrum disease
miRNAs,serve as,cancer biomarkers
miRNAs,are involved in,tumor specific categories
current immune checkpoint inhibitors,take brakes,early immunotherapies focused on T cell activity
Pembrolizumab,is,humanized IgG4 antibody consisting of high affinity mouse region
Sue Smith Breast Center,is,Baylor College of Medicine
Institute of Cancer Research,Institute for,National Institute for Health Research
Medical Imaging Research Group,is,Faculty of Health Sciences
prognostic biomarkers,Therefore should ideally incorporate,features of tumor leading to assessment of tumor biology
CT angiography,alternative to,traditional angiography for screening
Surgical Oncology,of Division is,Nagasaki University Graduate School of Biomedical Science
bronchial cells 16HBE,were kindly provided by,tumor Cell Library of Chinese Academy of Medical Sciences
Nemunaitis J Clayman G Agarwala SS Hrushesky W Wells JR Moore C Biomarkers,predict,p53 gene therapy efficacy in recurrent squamous cell carcinoma
Methods ductal adenocarcinoma samples,were collected by,Department of Hepatobiliary
Tumor xenografts,were formed with,SNU 478 VEC cells
Stem Cell Transplantation Research Center,Department of,Department of Pharmacology
ESCC cell lines,was detectable in,three cell lines
Whole genome sequencing,has,has added to diagnostic portfolio for tumors
Department of Gastrointestinal Oncology,of Department is,State Key Laboratory of Oncology
UM SCC cells,were exposed to,cetuximab
PIK3CA gene,is becoming,promising target for drugs
targeted vaccines,are in,studies for preventing lung cancer
DWI MRI evaluation,has,has reported as tool for tumors from benign ovarian lesions
clinical studies,coupled with,development of biomarkers
Saitama Medical Center,is,Jichi Medical University
Department of Radiation Oncology,Department of,Department of Radiation Oncology
diagnostic biomarkers,are needed with,fast development of biopsy
clinical significance,However requires,investigation through application as biomarkers
Clinical example,was,in SD BLCA patient diagnosed
Taiwan Department of Family Medicine,is,Kaohsiung Medical University Hospital
Genetic modified TAMs,could induce,effects in tumor models
serum CYFRA 21 1 assay,has,has performed at diagnostic workup
our top 50 miRNAs,were proved,related miRNAs with accuracy of 100 %
THP 1 cells,were,In our cell model induced by LPS
Fibroblast growth factor receptor gene amplification,is,associated with survival in patients with squamous cell lung cancer J Clin Oncol
exosomic miR level,may,may potential biomarker for gemcitabine sensitivity
Department of Imaging and Nuclear Medicine,of Department is,Second Military Medical University
biological insight,advance,development of PI3K inhibitors
Institute of Occupational and Social Medicine,of Institute is,Department of Diagnostic Radiology
Pembrolizumab,is,humanized IgG4 antibody consisting of affinity mouse variable region
University Division of Applied Pharmaceutical Education and Research,Foundation for,Japanese Foundation for Cancer Research
National Clinical Research Center for Cancer,for Center is,Tianjin Lung Cancer Center
Department of Radiotherapy and Radiation Oncology,Department of,Radiation Oncology
Matsubara R Kawano S Chikui T Kiyosue T Goto Y Hirano M Clinical significance,is in,diagnosis of cervical lymph node metastasis of oral squamous cell carcinoma Acad Radiol
medical imaging,are still main methods for,clinical diagnosis
BH3 profiles,be,associated with treatment response to nCRT in esophageal cancer to serve as basis for
Cancer Center,is,State Key Laboratory of Biotherapy / Collaborative Innovation Center of Biotherapy
LCa cell lines,were,obtained from Cell Bank of Chinese Academy
bone C 1612 Explorative laparotomy,is with,right hemicolectomy 3
specific shRNA,was stably expressed in,UM SCC 14A cells with endogenous expression
B cells,are critical to,T cell mediated antitumor immunity
Cell proliferation assay Cell proliferation analysis,was performed with,Cell Counting Kit 8
based chemotherapy,was,For decades only available systemic therapy for NSCLC
Key laboratory,Republic of,Department of Biochemistry and Molecular Biology
MIB proliferation index,was higher with,expression of CXCR4 with positive CXCR4 expression
ipilimumab treatment,is in,metastatic melanoma Cancer Immunol Immunother 2014 63 449 458
Ib study,is in,patients with advanced pancreatic Cancer Clin Cancer Res
radiotherapy,be related to,survival in patients with specific types of cancers
Mammalian mitochondria,are depicted,elongated cylindrical particles originated in cells
Chest computed tomography scan,revealing,endobronchial massive shadow associated with atelectasis of right upper lobe
circulating miRNAs,also showed,tight correlation in types of tumors
Department of Dermatology,is,University Teaching Hospital of Lomé
Methods Basigin 2 expression,was evaluated via,immunohistochemistry
Background Cisplatin,is used as,key anticancer drug for solid cancers
human tracheal cells,were stained,specific marker CD45
Pembrolizumab,is,IgG4 antibody consisting of affinity mouse anti-PD-1-derived variable region grafted with engineered Fc region for stabilization
Department of Radiation Oncology,is for,Clinical Medicine Research
OSCC SAS cell line,was obtained,obtained from ATCC cell bank
Yamashita H Takahashi W Haga A Kida S Saotome N Nakagawa K Stereotactic body radiotherapy,is in,university of Tokyo hospital BioMed Res Int
Thoracic surgeon,is familiar with,use of ECMO especially in era
Th1 cells,are subset of,T cells
Colorectal Cancer Center,School of,Shanghai Jiao Tong University School of Medicine
T cell activities,can enhance,clinical benefits of immune checkpoint blockades
BM,was poorly responsive to,anti PD 1 antibody
animal studies,have examined,importance in associated angiogenesis
Center for Cancer Research,is,National Cancer Institute
People ’s Medical Publishing House,entitled as,Guideline Chinese Society Clinical Oncology
Rait A Cole DJ Chang EH Watson DK Transferrin receptor targeting nanomedicine,delivering,type p53 gene
Department of Internal Medicine,of Department is,Korea Department Pathology
Pembrolizumab,are,IgG4 monoclonal antibodies approved as second line therapy for metastatic HNSCC by US FDA
Discussion Cardiac CT,offers,anatomical assessment of CAD
HPV genotyping,revealed,bands specific for HPV6 11
Zhang SE associated fibroblasts,contribute via,mediated paracrine miR 34a 5p EBioMedicine
LUAD tissue samples,were,Simultaneously collected from Department of Thoracic Surgery
"Department of Public Health , College of Medicine",Department of,Department of Chest Surgery
neuropilin isoform NRP2b,supports,TGF mediated progression in lung cancer Science Signaling
HRM MAF titration,was,conducted by MAF in mixed DNA sample in increasing DNA concentration assay from 0.25 ng μl
T cells,induces,classically activated M1 macrophages
Gao G Ren S Li Xu J Xu Q Su C Epidermal growth factor receptor tyrosine kinase inhibitor therapy,is effective as,line treatment with mutated EGFR
Peter Doherty Institute for Infection and Immunity,at Department is,St Vincent ’s Hospital
Primary Sjögren ’s syndrome,is autoimmune disorder in,primary Sjögren ’s syndrome
human cells,were maintained according,protocol provided by Clonetics
T cells,been,linked to outcome in NSCLC
based chemotherapy,is in,patients with EGFR mutant NSCLC
Department of Pathology and Laboratory Medicine,of Department is,Department of Medicine
Brazil Department of Pathology,is,Barretos Cancer Hospital
Pembrolizumab,is,humanized IgG4 anti-PD-1 antibody consisting of affinity mouse anti-PD-1-derived region grafted onto human IgG4 immunoglobulin molecule with Fc region for stabilization
HRM MAF titration,was,conducted by MAF in DNA sample from 10 % to 0.005 % in increasing DNA concentration assay
Pembrolizumab,are,human IgG4 monoclonal antibodies approved as second line therapy for HNSCC
primary antibody,subsequently was conjugated with,conjugated antibody
clinical data,were,For tumor samples available from Department of Otolaryngology
Third Department of Internal Medicine,of Department is,Shizuoka Cancer Center
antigen receptor engineered T cells,induce,anti-tumor activity
human NSCLC cell line,were,obtained from Shanghai Cell Bank at Chinese Academy
Radiotherapy,has,has established as treatment for tumors
Ongoing phase oncology trials,focuses solely on,early phase oncology trials at MDACC mainly
US National Library of Medicine,of,PubMed
Department of Chronic Non-Communicable Diseases Prevention,of Department is,Chinese Academy of Medical Sciences and Peking Union Medical College
Primary outcome fitness Cardiopulmonary fitness,will,will determined by cardiopulmonary exercise test gold measure
major cells,fundamental role in,cell mediated immunologic destruction of cancer cells
stem cell exosomes,promote,periodontal regeneration Acta Biomater 2019 89 252 264
human immortalized cells,were,provided by Key Laboratory
National Center for Biotechnology Information,is,U.S. National Library of Medicine
clinical trials,far considered as,robust biomarker
Pembrolizumab,is,monoclonal IgG4 antibody consisting of affinity mouse variable region grafted with engineered Fc region for stabilization
Graduate School of Medicine,of School is,Graduate School of Medicine
Pembrolizumab,is,humanized monoclonal IgG4 antibody consisting of affinity mouse anti-PD-1-derived variable region grafted with Fc region for stabilization
Primary Sjögren ’s syndrome,is,in primary Sjögren ’s syndrome chronic autoimmune disorder characterized by focal infiltration
DCs CIKs cytotherapy,partially rescues,immune suppression induced by TRT
Department of Radiation Oncology,of Department is,"Daejeon St. Mary ’s Hospital , College of Medicine"
Pembrolizumab,are,human IgG4 anti-PD-1 monoclonal antibodies approved as second line therapy for HNSCC by US FDA
Increased tumorous AREG,was associated with,increased HBGEF expression
IL 24 gene,was,originally discovered by subtraction hybridization method by melanoma cells to differentiation
biomarkers,are urgently needed with,development of liquid biopsy
Cost comparison Surgical instrument costs,were determined vs,mandibulotomy approaches for oropharyngeal cancer resections
Cancer Research,is,Kaohsiung Medical University
Bae J Hideshima T Tai YT Song Y Richardson P Raje N Histone deacetylase inhibitor ACY241,enhances,anti-tumor activities of antigen specific central memory cytotoxic T lymphocytes
Tumor suppressor microRNA,decreases,cell motility ability in human bladder cancer cells
responsive miRNAs,may represent,biomarkers
Pembrolizumab,is,is currently tested in combination with laser ablation in patients
Pulmonary Medicine,of Department is,Japan Department of Thoracic Surgery
Pembrolizumab,is,humanized IgG4 anti-PD-1 antibody consisting of high affinity mouse region grafted with Fc region
Background Pancreatic resection,are powerful tools in,multidisciplinary treatment of pancreatic ductal adenocarcinoma
Department of Radiation Oncology,is,Xiamen Humanity Hospital
BH3 profiles,be,associated with treatment response to nCRT in cancer serve
Vascular endothelial growth factor,combination of,VEGF directed therapy with doublet chemotherapy
clinical correlation,are helpful for,diagnosis of IMT
Sun X Serum microRNA,functions as,potential diagnostic marker for patients with osteosarcoma Biomed Pharmacother 2015 75 153 158
Hanazaki K Intrahepatic biliary cystadenoma,demonstrated by,cholangiography Hepatogastroenterology
Department of Neurology,Hospital of,Fourth Hospital of Harbin Medical University
MTT assay,measure,viability of MEF cells
Imprinting diagnostic models,building,imprinting diagnostic models
PC9 cell,was,treated with FZKA by administration
Otolaryngol Head Neck Surg,Am,Acad Otolaryngol Head Neck Surg 2011
Pembrolizumab,is,is currently tested in combination with bevacizumab with laser ablation
NLRP3 inflammasome,level of,NLRP3 inflammasome
T cells,reportedly induces,classically activated M1 macrophages
diagnostic biomarkers,are,with development of biopsy of cancer diagnosis needed for scale studies
Pembrolizumab,is,humanized IgG4 antibody consisting of high affinity mouse anti-PD-1-derived variable region grafted onto IgG4 immunoglobulin molecule with Fc region
next generation TRK kinase inhibitor,overcomes resistance to,TRK kinase inhibition in patients with TRK tumors Cancer Discov
human tracheal cells,were stained marker CD45 for,specific marker CD326 EpCAM
MEK inhibitor trametinib,was recently approved worldwide for,clinical use
HRM MAF titration,was,conducted by MAF in mixed DNA sample from 10 % in total DNA concentration assay
Department of Pathology,of Department is,"University of Colorado , Anschutz Medical Campus"
Pembrolizumab,is,humanized monoclonal IgG4 anti-PD-1 antibody consisting of high affinity mouse variable region grafted onto human IgG4 immunoglobulin molecule with Fc region
VEGFR targeting antibody ramucirumab,was,approved by Food Administration for gastric junction adenocarcinoma patients with progression on fluoropyrimidine - containing chemotherapy
Cumming School of Medicine,Department of,Department of Surgery
biomarkers,level of be,In clinical application would influence of individual classifications including age
Nakamura T Nakao T Ashihara E Yoshimura N suppressor cells,recruit,Foxp3 T cells in cardiac allograft
Surgical Oncology,of Division is,Japan Department of Pharmacotherapeutics
total ERK1 polyclonal antibody,was commercially provided by,Santa Cruz Biotechnology
DIM targets COX2 pathway,reverse EMT,Since involved in tumor metastasis
radiologist,diagnose,tumor subtype
Active cancer immunotherapy,induces,antigen specific T - cell responses
Preoperative modified folfirinox treatment,followed by,based chemoradiation for borderline resectable pancreatic cancer
Cell proliferation assay,is in,BEAS 2B overexpressing clones of LCAL1 with qPCR validation of LCAL1 expression
Respiratory Medicine Department,is,Athens Chest Hospital
Sun Yat sen University Cancer Center,is,cancer hospital
Department of Clinic,School of,School of Dentistry
Pembrolizumab,is,monoclonal IgG4 antibody consisting of high affinity mouse variable region
gamma radiation Int J Radiat Oncol Biol Phys 2018 101,after J is,human colorectal Cancer cell line
Pembrolizumab,is,humanized IgG4 antibody consisting of high affinity mouse anti-PD-1-derived region grafted onto IgG4 immunoglobulin molecule with engineered Fc region
pembrolizumab,of activity is,anti-PD-1 antibody
radiotherapy,has become,cornerstone of adjuvant therapy for advanced rectal cancer
T cells,undergo activation in,association to B cells
BH3 profiles,be,associated with treatment response to nCRT serve as basis for
Her laboratory research,developing,improved therapeutic strategies for relevant molecular subsets of lung cancer
Our microarray analysis,revealed,expression of lncRNA Cancer Susceptibility Gene 2 in RAS
Stimulated PBMCs,labeled with,BD Biosciences
Pembrolizumab,is,humanized monoclonal IgG4 antibody consisting of affinity mouse anti-PD-1-derived region grafted onto human IgG4 immunoglobulin molecule
Department of Epidemiology and Biostatistics,is,VU University Medical Center
Belgium4 Department of Otolaryngology,is,Antwerp University Hospital
Department of Radiation Oncology,Departments of,China Departments of Pathology
medical imaging,has become,important tool for diagnosis
splicing EIciRNAs,currently shown,CiRNAs
combined clinical model,showed power with,clinical variable model
MRIdian platform,allows for,direct tumor visualization
Human cells 16HBE,were provided by,tumor Cell Library
Kanzaki M Kikkawa T Shimizu T Maeda H Wachi N Isaka T Presurgical planning,using,model of anatomy of patient
DWI MRI evaluation,has,has reported as tool for differentiating malignant tumors from benign ovarian lesions
HEK293T cell line,grown in,DMEM supplemented with 10 % calf serum under 5 % of CO2
Department of Oncology,is,Fujian Cancer Hospital & Fujian Medical University Cancer Hospital
Department of Anatomy,is,School of Basic Medical Science
PD 1 gene,be,used as markers for distinguishing between stages of lung adenocarcinoma in Northeast Han population
Major lung resection,may cause,right heart failure with left right shunt
tumor suppressor miRNA,let,7a 1 gene as new direct target
Cancer Genome Atlas Research Network,performed,comprehensive analysis of 178 cell lung cancers
biomarkers,capture,tumor features linked with CTC enrichment
RNActive based cancer immunotherapy,containing,sequence optimized mRNAs
Current clinical trials,focused on,EGFR TKIs including erlotinib in combination with MEK inhibitors appearing
Pembrolizumab,is,monoclonal IgG4 anti-PD-1 antibody consisting of affinity mouse anti-PD-1-derived variable region grafted onto human IgG4 immunoglobulin molecule with engineered Fc region
Pathologist ’s role,is in,Era of personalized medicine Adv Anat Pathol
Department of Radiation Oncology,Department of,Otorhinolaryngology
5 Fluorouracil transplantable murine CRC,favored MDSC differentiation,immunosuppression in context of FOLFIRI Kanterman
Pembrolizumab,was,approved by FDA in 2017 for MSI solid tumors
Pulmonary Medicine,of Department is,Tongji University School of Medicine
our HisCoM mimi model,effectively provide,integrated e.g. miRNA to target mRNA markers
Department of Clinical Laboratory Medicine,of Department is,Affiliated Tumor Hospital of Guangxi Medical University
Human cells,were purchased from,ScienCell Research Laboratories
Radiation Oncology,is,University Hospitals Leuven
Cancer Epidemiology and Genetics,is,National Cancer Institute
T cells,is reflection of,presence of ongoing type 1 tumor specific response
Hippocampal dosimetry,predicts function impairment after,radiotherapy for benign brain tumors
gene therapy medicinal product,has undergone studies according,guidelines of Medicines Agency
Department of Biomedical Informatics,of Department is,Vanderbilt University School of Medicine
College of Basic Medical Sciences,is,Dalian Medical University
Clinical tissue samples time PCR,measure raptor expression in,clinical tissue samples
Department of Genetics,of Department is,ALM PG Institute of Basic Medical Sciences
Pembrolizumab,is,is tested in combination with bevacizumab with laser ablation in patients
Tissue classification,was conducted based,World Health Organization tumor classification criteria
AKT inhibitor AZD5363,sensitizes,patient derived cancer xenograft model
Pembrolizumab,is,humanized monoclonal IgG4 antibody consisting of high affinity mouse region grafted onto IgG4 immunoglobulin molecule
Department of Radiation Oncology,is,Saint Gallen Cantonal Hospital
Department of Radiation Oncology,Laboratory of,State Key Laboratory of Oncology
Department of Genetics,is,M.D. Anderson Cancer Center
DCE MRI,has,has determined as tool for diagnosis in head
Fig. Western blot analysis,confirms,CAI as two most differentially expressed proteins in NSCLC
Department of Medicine,is,George Washington University Medical Center
Department of Radiation Oncology and Molecular Radiation Sciences,of Department is,Department of Radiation Oncology
medicine Fuzheng Kang Ai decoction,sensitized effect through,mediated MUC1 expression J Ethnopharmacol 2016 194 918 929
Department of Radiology,is,Seoul National University College of Medicine
Complicated mucoceles,resulting in,hemicolectomy
TKI transplantable cancers,reduced,intra-tumoral MDSC
Methods Basigin expression,was evaluated via,immunohistochemistry
BMC Genomics,is,AgiMicroRna Bioconductor
Department of Radiotherapy,of Department is,National Cancer Center / National Clinical Research Center for Cancer / Cancer Hospital
Department of Molecular Biology and Genetics,of Department is,Atatürk Chest Diseases and Chest Surgery Education and Research Hospital
Yue J Yu Z Tumor marker index,is significant factor for,patients with cell carcinoma Cancer Biomark Sect A Disease
Pembrolizumab,are,human IgG4 anti-PD-1 monoclonal antibodies approved as second line therapy for metastatic HNSCC
Vigneswaran N Williams MD Epidemiologic trends,is in,diagnosis Oral Maxillofac Surg Clin North
Department of Oncology,is,Shanghai Pulmonary Hospital
Pembrolizumab,is,humanized IgG4 antibody consisting of affinity mouse anti-PD-1-derived variable region grafted onto IgG4 immunoglobulin molecule with Fc region for stabilization
driven lncRNAs,serve as,biomarkers
TMA construction embedded specimens,resected at,Thoraxklinik at Heidelberg University
Pembrolizumab,is,humanized monoclonal IgG4 anti-PD-1 antibody consisting of affinity mouse region grafted onto IgG4 immunoglobulin molecule with engineered Fc region for stabilization
Department of Medical Oncology,Department of,Australia Department of Pathology
human HEK293T cell line,grown in,DMEM supplemented with 10 % fetal calf serum under 5 % of CO2
Department of Radiology,Department of,China Department of Radiology
human TCF gene,encodes,nuclear binding protein uniquely expressed in T lineage lymphocytes Blood 1995 86 8 3050 3059 75793 99 20
T cells,were,retrovirally transduced with HER2 CAR with control construct
Gao G Ren S Li Xu J Xu Q Su C growth factor receptor tyrosine kinase inhibitor therapy,is effective as,first line treatment of lung cancer with mutated EGFR
fClinical Research Development Center,Center of,Gastroenterology
NSCLC cells,were purchased from,Institute of Biochemistry
stromal cells,can maintain CSC population In,pancreatic CSCs themselves
CAR T cell platforms,are under,clinical trials for refractory myeloma
circulating biomarkers,level of be,In clinical application would influence of individual classifications
pembrolizumab,was recently approved for,first line treatment of NSCLC
Anti-VEGF monoclonal antibodies,is,humanized monoclonal antibody
Pembrolizumab,is,humanized monoclonal IgG4 antibody consisting of high affinity mouse anti-PD-1-derived region grafted with engineered Fc region for stabilization
prognostic biomarkers,Therefore should ideally incorporate,features of tumor
based chemotherapy,was,For decades available therapy for advanced NSCLC
radiotherapy,allows,simultaneous treatment of targets
Department of Medical Oncology,of Department is,Australia Epigenetics Research Laboratory
diagnostic biomarkers,are,with fast development of liquid biopsy of cancer diagnosis urgently needed for scale studies
Clinical studies,have noted association with,responses after ICI treatment in single cancer type
Tumor classification,using,IHC parameters
radiotherapy,is with,cetuximab J Clin Oncol
Conclusions DCE MRI,may provide,information on fraction of cell carcinoma of uterine cervix
Primary Sjögren ’s syndrome,is,in primary Sjögren ’s syndrome disorder characterized by lymphocytic infiltration of exocrine glands
miRNAs,are,Specifically are applied as biomarkers in setting
PD 1 inhibitor nivolumab,was,when combined with CTLA -4-inhibitor ipilimumab
integrated genomic approach,identify,predictive biomarkers of response
MACS,specifically label CTCs with,anti-cytokeratin 8 monoclonal antibody
human ESCC cell line TE cells,were obtained from,Cell Bank for Biological Sciences
Background Low dose spiral tomography,be method of,diagnosing stage lung cancer
Pembrolizumab,is,humanized monoclonal IgG4 anti-PD-1 antibody consisting of affinity mouse region grafted with Fc region
neuropilin 2 isoform NRP2b,supports,TGF mediated progression in lung cancer Science Signaling
Pembrolizumab,is,monoclonal IgG4 anti-PD-1 antibody consisting of affinity mouse region grafted
Department of Nasopharyngeal Carcinoma,of Department is,Collaborative Innovation Center for Cancer Medicine
Stem Cell Research Center,is,Department of Neurosurgery
HBV X protein,plays role in,HBV related HCC
biomarkers,are,In area of research are investigated including tumor infiltrating lymphocytes
Our thoracic MTB meetings,included,members from thoracic surgery
specific circRNAs,is with,primers for reverse splice site of circRNAs
College of Medicine,is,Kaohsiung Medical University
School of Public Health,is,Tongji Medical College
Graduate Institute of Biomedical Materials and Tissue Engineering,Department of,Department of Radiation Oncology
Surgical Oncology,of Division is,Nagasaki University Graduate School of Biomedical Sciences
Diagnosis BRPC,was,diagnosed via 16 - slice MDCT with pancreas protocol including triphasic cross-sectional imaging
Department of Respiratory Medicine,of Department is,Medical Center
Kanzaki M Kikkawa T Shimizu T Maeda H Wachi N Isaka T Presurgical planning,using,three dimensional pulmonary model of anatomy
Department of Radiotherapy,is,University Hospital Essen
Zhang T Zhang derived carcinoma xenograft mouse models,faithfully represent,human tumor diversity PLoS One
MGMT promoter,patients with,MGMT promoter in their tumors
T cells,were,For luciferase reporter assay co-transfected with 0.5 μg CCNA2
Pembrolizumab,is,IgG4 antibody consisting of affinity mouse anti-PD-1-derived variable region grafted
Cardiac structures,were contoured by,one radiation oncologist
Bioinformatic analysis,reveals,pattern of gene expression specific to like breast cancers in human tumors Proc
Therapeutics Sciences,is,Meikai University of School of Dentistry
diagnostic biomarkers,are,In addition with fast development of biopsy of cancer diagnosis urgently needed for scale prospective studies
Kaohsiung Chang Gung Memorial Hospital and Chang Gung University College of Medicine,of College is,Cancer Center
several monoclonal antibodies,are undergoing development in,numerous clinical trials
adjuvant chemo radiotherapy plays,However role in,integrated therapy
Basque Foundation for Health Innovation and Research,is,Department of Gastroenterology
Department of Medical Oncology,School of,Zhejiang University School of Medicine
Pembrolizumab,is,is evaluated in early phase trials in combination with azacitadine
Cogle CR cell,derived,support of leukemia targeted by receptor tyrosine kinase inhibition Leuk Res
BMI1 expression,was,closely related to NLRP3 inflammasome in SCCHN mice model
MEK double treatment,proved,effective therapeutic strategy in vitro in NRAS mutant melanomas
OSCC tissues,evaluate,clinical significance of NIR1
T cells,have,While have studied in immunotherapy
Cogle CR cell,derived,support of acute leukemia targeted by receptor tyrosine kinase inhibition Leuk Res
five clinical parameters,were acquired from,UCSC cancer genome browser
ROCK kinase inhibitor fasudil,was approved small molecule for,clinical use
Therapeutic anti-EGFR antibody 806,generates,responses in murine de EGFR lung carcinomas J Clin Invest 2007
China Center of Oncology Research,is,Academy of Integrative Medicine
Integrative genomic analyses,reveal,clinically relevant long RNAs
Techasen Loilome W Namwat N Dokduang H Jongthawin J Yongvanit P Cytokines,released from,activated human macrophages
M cells,more SRAMs compared,E cells
Pembrolizumab,is,is currently tested in combination with laser ablation in patients with GBM
Pembrolizumab,is,humanized monoclonal IgG4 anti-PD-1 antibody consisting of affinity mouse anti-PD-1-derived variable region grafted onto IgG4 immunoglobulin molecule with Fc region
Department of Pathology and Laboratory Medicine,of Department is,"Department of Internal Medicine , Division of Hematology / Oncology , University of California Davis"
Department of Clinical Sciences,of Department is,Sweden2 Science for Life Laboratory
prognostic biomarkers,should incorporate,features of tumor leading
Uterine corpus involvement,is,predictor of metastasis in cervical cancer J Gynecol Oncol 2008 19 181 184
Cell culture Human bronchial cell line HBE,were,obtained from Institute of Biochemistry of Chinese Academy
Mammalian Tissue Culture Laboratory,used in,cell based assays
same day diagnostic body 18F FDG PET CT images,recommended for,diagnostic body 18F FDG PET CT imaging
Pembrolizumab,is,IgG4 antibody consisting of high affinity mouse region grafted with engineered Fc region
human immortalized oral cells,were,provided by Key Laboratory
biopsy samples,were,Throughout study reported as malignant tumors
Topalian SL Taube JM Anders RA driven biomarkers,guide,immune checkpoint blockade in cancer therapy Nat Rev Cancer 2016 16 275 287
Department of Gynecology Oncology,is,Harbin Medical University Cancer Hospital
Radiation Oncology,Department of,MO USA Department of Radiation Oncology
Winthrop P. Rockefeller Cancer Institute,is for,University of Arkansas for Medical Sciences
brainstem,showed,BM involvement
Murine model imaging BALB c athymic mice,were provided by,Comparative Medical Center
cancer research,focus of was,For decades development of therapeutic interventions
Stoop HJA Peppelenbosch MP van Eijck CH Sleijfer S Tumor cell expression,predict,cancer specific survival in pancreatic cancer Int J Cancer 2017
SABioscience,’s Application is,http://www.sabiosciences.com/chipqpcrsearch.php?app=TFBS
Epigenomics,is,National Cancer Center Research Institute
Using bioinformatics tools,constructed,associated ceRNA network for lung cancer
Department of Radiology,of Department is,National Clinical Research Center for Cancer
Institute for Experimental Surgery,is,Rostock University Medical Center
Arbeitsgruppe Klinische Biochemie,Department of,Department of Surgery
Multiple clinical trials,have,for colorectal adenocarcinoma have performed
NCI H1975 cell line,is,epidermal growth factor receptor
Department of Pathology,of Department is,The University of Oklahoma Health Sciences Center
Several CAR T cell platforms,are under,clinical trials
Pembrolizumab,is,novel cancer immunotherapy
miRNAs,are involved in,tumor specific categories detected
RNA immunoprecipitation assay,was performed with,Imprint RNA Immunoprecipitation kit
Key Laboratory of Medical Immunology,is,Ministry of Health
bilateral adrenalectomy,survival of,murine driven model of PDAC
Department of Medical Oncology,Institute of,Catalan Institute of Oncology
Bevacizumab,was,first approved antibody
Research Institute for Future Medicine,is,Sungkyunkwan University School of Medicine
Cancer Center,School of,Guanghua School of Stomatology
Clinical tissue samples time PCR,measure raptor expression in,clinical tissue samples from patients
Department of Radiotherapy,Faculty of,Faculty of Medicine and Health Sciences
Cloosen S Cancer specific Mucin glycoforms,are expressed on,multiple myeloma Br J Haematol
endoscopist skills,are necessary,Although have developed for detection of cancer
Della Vittoria Scarpati G Falcetta F Carlomagno C Ubezio P Marchini S De Stefano A specific miRNA signature,correlates with,response in locally advanced cancer Int J Radiat Oncol Biol Phys 2012 83 1113 1119
DWI MRI evaluation,has,has yet reported as useful tool for malignant tumors
Pharmacology Central London,suppresses tumor growth in,cancer Xenograft model of mice
Tumor characteristics,included,American Joint Committee on Cancer stage
Monoclonal antibodies,are,applied in cancer immunotherapies
Department of Interventional Radiology,Department of,Department of Imaging
Preoperative modified folfirinox treatment,followed by,capecitabine based chemoradiation
Malabar Cancer Centre,is,tertiary care hospital situated
clinical index forpatients,treated in,National Cancer Institute
stage lung cancer xenograft models,were developed,to determine with anti-PD-1 antibody
systemic chemotherapies,become,standard treatment options for PDACs
Cells,incubated overnight followed,incubation with fluorescent dye conjugated antibody
Jiangsu Cancer Hospital,is,Jiangsu Institute of Cancer Research
"Department of Occupational & Environmental Medicine , College of Medicine",Department of,"Korea2 Department of Occupational & Environmental Medicine , College of Medicine"
Department of Obstetrics and Gynecology,is,Tri-Service General Hospital
T cells observed,is indicative of,biologically relevant process associated
Translational Lung Research Center Heidelberg,Member for,Lung Research
Netherlands Department of Gastroenterology and Hepatology,is,University Medical Center Utrecht
based chemotherapy,was,For decades only available therapy for advanced NSCLC
pembrolizumab,are,currently approved anti PD 1 treatments for various cancer types
human MIR10B gene,was,For stable expression in RDEB KCs cloned into pMX IRES Blasticidin vector
clinical information presented,was obtained through,University of Chicago ’s medical records
Department of Oncology,Institute of,"Institute of Clinical Immunology , Yueyang Hospital of Integrated"
Background Pancreatic resection,are,tools in treatment of ductal adenocarcinoma
administered BMA,included,activator of nuclear factor kappa B ligand
Thoracic surgeon,is more and more familiar with,use of ECMO in era of lung transplantation
effective prognostic biomarkers,should incorporate,features of tumor
human keratinocyte cell line,were available in,our lab
epidermal growth factor receptor,development of is,important milestone in targeted therapy
Medical Oncology,of Division is,Department of Craniofacial Biology
Cells,were analyzed by,BD FACSAria III flow cytometer
China Department of Radiology,is,Nantong Cancer Hospital
Institute of Cancer Stem Cell,is,Dalian Medical University Cancer Center
systemic i.v. infusion,Similarly also reduced,NCI H460 tumor volume
Bioinformatic analysis,reveals,pattern of gene expression specific to breast cancers in tumors Proc
radiotherapy,is used approach for,NSCLC patients with BM
University Teaching Hospital of Lomé,of Hospital is,University Teaching Hospital of Lomé
preoperative qualitative diagnosis,are key steps for,clinical treatment strategy
diagnostic biomarkers,are,with development of biopsy of cancer diagnosis urgently needed for scale prospective studies
MDA MB 231 KAR,ranks,MAP3K7 as kinase
clinical trials,Society of,Clinical Oncology
University of Guangzhou Traditional Chinese Medicine,is,Guangdong Academy of Traditional Chinese Medicine
Pembrolizumab,is,humanized IgG4 antibody consisting of affinity mouse region grafted onto IgG4 immunoglobulin molecule
Department of Biomedical Informatics,Center for,USA2 Center for Quantitative Sciences
Pembrolizumab,is,humanized monoclonal IgG4 antibody consisting of affinity mouse anti-PD-1-derived region grafted with engineered Fc region
Department of Oncology,is,"CRUK / MRC Oxford Institute for Radiation Oncology , University of Oxford"
MIR10B gene,was,For stable expression cloned into pMX IRES Blasticidin vector
NIH initiative,confirm subtypes in,Cancer Genome Atlas
State Key Laboratory of Genetic Engineering and Ministry of Education Key Laboratory of Contemporary Anthropology,Department of,China Department of Pneumology
Department of Dermatology,is,Molecular Dermatology Research Center
Epidermal growth factor receptor tyrosine kinase inhibitors,harboring,type epidermal growth factor receptor
increased MIR31HG expression,was found in,LUAD NSCLC tissues
American Society of Clinical Oncology,of Society is,European Society for Medical Oncology
current immune checkpoint inhibitors,take brakes,While immunotherapies focused on accelerating T cell activity
biostatistics,for Jiang is,Medtronic
increased MIR31HG expression,was,found in LUAD NSCLC tissues when
Cell proliferation assay,were,For Cell Kit 8 plated in 96 well plates
Research Center of Cancer Prevention and Treatment,is,Medical College of Yangzhou University
Department of Respiratory Medicine,of Department is,Ningbo Diagnostic Pathology Center
HRM MAF titration,was,conducted by MAF in DNA sample in increasing DNA concentration assay from 0.25 ng μl
Department of Dermatology,of Department is,Tokyo Women ’s Medical University Yachiyo Medical Center
biomarkers,predict pCR after,SABR treatment with study on explanted tumour
Department of Medical Imaging,Department of,Department of Biochemistry
Pembrolizumab,are,human IgG4 monoclonal antibodies approved as line therapy for HNSCC
BxPC 3,are shown Figure S1 for,three cell lines
Hellmann MD Ciuleanu TE Pluzanski A Lee JS Otterson GA Audigier - Valette C Nivolumab,is with,High Tumor Mutational Burden N Engl J Med
TFEB gene,factor for,lysosomal biogenesis
Malabar Cancer Centre,is,care hospital under Department situated
Department of Neurology,Hospital of,Fourth Hospital of Harbin Medical University
Radiation Oncology,of Laboratory is,Hangzhou Cancer Hospital
MTT assay,investigate,effects of miR 126 in esophageal cancer
Department of Pathology,School of,Ataturk University School of Medicine
Kunming Medical University,is,Kunming Medical University
TP53 gene,Mutation of is,important genomic event
China3 Department of Biochemistry,is,Zhongshan Medical School
"Department of Medicine , University of Washington , Division of Human Biology",is,Fred Hutchinson Cancer Research Center
chemoradiotherapy combined,is,triple therapy model
Department of Hematology / Oncology,is,St. John Hospital and Medical Center
Lgr5 cells,be origin in,specifically histotype
Department of Obstetrics and Gynecology,is,Obstetrics and Gynecology Hospital of Fudan University
"Department of Internal Medicine , School of Medicine",is,Iwate Medical University
Dermatology,of aSection is,Dartmouth Geisel School of Medicine
Pembrolizumab,is,humanized monoclonal IgG4 anti-PD-1 antibody consisting of affinity mouse anti-PD-1-derived variable region
Chinese Medicine,School of,Yale University School of Medicine
Lung metastasis models,were generated by,using luciferase labeled A549 P GR cells with lentivirus miR -222-3p KD
MCC950 treatment,reduced,expression of NLRP3 inflammasome
miRNAs,are,are used as therapies as diagnostic prognostic biomarkers
Interventional Radiology and Neuroradiology,is,University Hospital Essen
Pembrolizumab,is,IgG4 anti-PD-1 antibody consisting of high affinity mouse anti-PD-1-derived region grafted with Fc region
NSCLC tissue specimens,had levels in,cancer patients with increased intratumor expression
Department of Medicine,is,Samsung Medical Center
Kisfalvi K Guha S Rozengurt E Neurotensin,induce stimulation by,duration in ductal cancer cells J Cell Physiol 2005
cell biologists,have identified,key role in cancer cell metastasis
Pembrolizumab,is,humanized IgG4 antibody consisting of affinity mouse variable region grafted with Fc region
Cellomics,evaluate,protein expression profile of YAP1
biological replicates,were,performed for stable cell line over two experiments
Department of Oncology,is,University Hospital of Besançon
Department of Internal Medicine,of Department is,Department of Global Health
MSCs Exos,be rapidly taken up by,PDL cells
treating physicians,ascertained tumor response according,Response Evaluation Criteria in Solid Tumors
China Department of Pathology,is,West China Hospital of Sichuan University
Department of Histopathology and Cytology,Department of,Department of Histopathology and Cytology
Cancer Epidemiology and Genetics,is of,Masaryk Memorial Cancer Institute and Medical Faculty of Masaryk University
Biostatistics Unit,is,Rheumatology Research Center
Evi5 gene,was,originally isolated in patient with stage 4S neuroblastoma with constitutional chromosome translocation
MET gene,shows,lower expression level in group 1 breast cancer samples
Thoracic surgeon,is now more familiar with,use of ECMO
Yonsei Cancer Center series,had obtained from,Song dang Institute for Cancer Research
Taiwan Department of Internal Medicine,is,"Faculty of Medicine , College of Medicine"
medial laparotomy,was,performed with surgical resection simultaneously with left nephrectomy
Pembrolizumab,is,humanized IgG4 anti-PD-1 antibody consisting of affinity mouse variable region grafted with Fc region
neuropilin 2 isoform NRP2b,supports,TGF progression in lung cancer Science Signaling
Department of Colorectal Surgery,is,Royal Marsden Hospital
Department of Pathology,of Department is,307th Hospital of Chinese PLA
miRNAs,regulate,cellular functions of CSCs
BH3 profiles,be,associated with treatment response to nCRT in cancer to serve as basis for
Department of Oncology,of Department is,Shanghai University of Traditional Chinese Medicine
Persian Gulf Tropical Medicine Research Center,University of,Bushehr University of Medical Sciences
our medical records system,identify,men treated at Yunnan cancer hospital in China
Radiotherapy,has,has established as treatment in ESCC patients
Department of Biobank,is,Okayama University Graduate School of Medicine
Pancreatic stellate cells,increase invasion through,stromal derived CXCR4 axis Pancreatology
CT angiography,alternative to,traditional invasive angiography
Department of Radiation Oncology,is,Faculty of Medicine and University Hospital
immunohistochemistry,using,well characterized antibody
Department of Radiology,is,Toyohashi Municipal Hospital
based chemotherapy,addition of,cetuximab
Department of Radiation Oncology,of Department is,Second Military Medical University
mRNAs,are,reported as target of miRNA by TargetScan 7.1
Fig. Computer tomography image,obtained from,patient with mucinous colorectal adenocarcinoma located
Key proteins,pathways,involved in cyclin D1 transcription
Iyer MK Balbin OA ranscriptome sequencing,identifies,unannotated lincRNA implicated in disease progression Nat Biotechnol
Chinese Academy of Medical Sciences & Peking Union Medical College,is,Department of Radiology
Pembrolizumab,is,humanized monoclonal IgG4 antibody consisting of high affinity mouse anti-PD-1-derived region grafted onto IgG4 immunoglobulin molecule with Fc region for stabilization
Pembrolizumab,is,humanized monoclonal IgG4 anti-PD-1 antibody consisting of high affinity mouse anti-PD-1-derived variable region grafted onto human IgG4 immunoglobulin molecule with Fc region for stabilization
Norway Department of Genetics,is,Portuguese Oncology Institute
first miRNA,was discovered in,Caenorhabditis elegans
oncology department,proceed with,chemotherapy with gemcitabine
Department of Radiation Oncology,is,Hubei Cancer Hospital
Human bronchial cells 16HBE,were provided by,tumor Cell Library
medical imaging,important auxiliary tool for,clinical diagnosis
MRI biomarkers,is in,evaluation of head cancer Magy Onkol
three genomic measures,were used,as new covariates help in genes with lung cancer gene expression in lung cancer classifier
radiotherapy,be related to,improved survival in patients with specific types of cancers
ERK1 polyclonal antibody,was commercially provided by,Santa Cruz Biotechnology
USA Cancer Center Biostatistics Core,is,University of Michigan School of Medicine
Many thoracic surgeons,proceed due,its particular anatomical structure
Department of Oral Health Sciences and Center for Oral Health Research,University of,Medical University of South Carolina
Pembrolizumab,is,humanized IgG4 antibody consisting of affinity mouse anti-PD-1-derived region grafted onto IgG4 immunoglobulin molecule with engineered Fc region
Department of Radiation Oncology,Center for,Collaborative Innovation Center for Cancer Medicine
Ib dose escalation study,combined as,first line therapy in patients with extensive stage cell lung cancer Ann Oncol
Pembrolizumab,is,humanized monoclonal IgG4 anti-PD-1 antibody consisting of high affinity mouse anti-PD-1-derived region grafted onto IgG4 immunoglobulin molecule with Fc region for stabilization
Cells,were pretreated with,3 MA Western blot analysis
Li D Yeung SC Hassan MM Konopleva M Abbruzzese JL Antidiabetic therapies,affect,risk of cancer Gastroenterology
Preoperative modified folfirinox treatment,followed by,capecitabine based chemoradiation for borderline resectable cancer
specific immunohistochemical markers,can,can useful in diagnosis of cancer
Mitochondria,lack,DNA repair machineries
Guangdong Lung Cancer Institute,Academy of,Guangdong Academy of Medical Sciences
Chest tomography scan,revealing,endobronchial shadow associated with atelectasis of right lobe
HeLa cells transfected,were significantly lower than,HeLa cells transfected
cancer therapy,study of is,key issue in field of oncology research
Cells,were cultured in,DMEM supplemented with 10 % cosmic calf serum
Several CAR T cell platforms,are under,active clinical trials
BMI1 expression,was,related to NLRP3 inflammasome in SCCHN mice model
UM SCC cells,were,treated with cetuximab with JAK1i
Its biological role,has,has evaluated in pancreatic esophagus cancers
IL 24 gene,was,originally discovered by subtraction hybridization method by human melanoma cells to terminal differentiation
PDAC cells,were,For ChIP assay treated with 1.0 μm Nic
Pembrolizumab,is,is evaluated in early phase trials in combination with oral azacitadine in pretreated NSCLC
T cell repertoire,overlaps with,inflammatory lesions in patients treated with checkpoint inhibitors Oncoimmunology
Biomarker discovery,using 2 D differential gel electrophoresis MALDI TOF TOF by,clinical assays
Pembrolizumab,is,humanized IgG4 anti-PD-1 antibody consisting of affinity mouse variable region grafted
Russell H. Morgan Department of Radiology and Radiological Science,School of,Johns Hopkins University School of Medicine
biomarkers,improve,cancer diagnostic specificities
BRAF V600E selective inhibitors,However had disease progression in,BRAF mutant melanoma patients
our HisCoM mimi model,provide,integrated e.g. miRNA markers
miRNAs,have become,they are promising for use as biomarkers for cancer diseases
DWI MRI evaluation,has,has reported as tool for differentiating tumors from benign ovarian lesions
Pembrolizumab,is,humanized IgG4 antibody consisting of high affinity mouse anti-PD-1-derived region grafted onto IgG4 immunoglobulin molecule with engineered Fc region for stabilization
Primary Sjögren ’s syndrome,is,in Sjögren ’s syndrome chronic disorder characterized by focal infiltration
Our proteomic study,showed,focus addressed by proteomics
Medical Oncology,of Division is,Acibadem Maslak Hospital
CRISPR Cas9,accelerating generation,dependent on generation of ES cells
Integrative Physiology,of 2Department is,National Defense Medical College
Pembrolizumab,is,humanized IgG4 anti-PD-1 antibody consisting of affinity mouse variable region grafted onto human IgG4 immunoglobulin molecule with engineered Fc region
Pembrolizumab,is,humanized monoclonal IgG4 antibody consisting of high affinity mouse variable region grafted with Fc region
Department of Molecular Cell Biology,of Department is,Samsung Medical Center
VEGFR targeting antibody ramucirumab,was,approved by Food Administration for advanced junction adenocarcinoma patients with progression on chemotherapy
Immunohistochemistry,assess,biomarker expression of tumors
biological functions,were assessed by,conducting EdU assays
effective prognostic biomarkers,Therefore should incorporate,features of tumor leading to assessment of tumor biology
exosomic miR -222-3p level,may,may potential prognostic biomarker for gemcitabine sensitivity in NSCLC patients
Nuclear Medicine,of Department is,First Hospital of China Medical University
Conclusions Systemic chemotherapy,combined with,bronchoscopic interventional cryotherapy for lung cancer
Sun Yat - sen University Cancer Center,Department of,China Department of Thoracic Oncology
medical monitor,provide,medical review of events in support of defined endpoint data
Shanghai Pulmonary Hospital,is,Tongji University School of Medicine
Discussion MiRNAs,are class,at post-transcriptional level involved in almost every aspect of cancer cell biology
Pembrolizumab,is,monoclonal IgG4 antibody consisting of affinity mouse region grafted with Fc region
radiation therapy oncology group 0320,is in,regard to Sperduto e Int J Radiat Oncol Biol Phys 2013 86 809 810 23845832 20
effective prognostic biomarkers,should ideally incorporate,features of tumor leading to comprehensive assessment of tumor biology
Department of Molecular Bases of Medicine,of Department is,Medical University of Lodz
Department of Medical Oncology,of Department is,St Vincent ’s Hospital
Pembrolizumab,is,humanized IgG4 anti-PD-1 antibody consisting of high affinity mouse anti-PD-1-derived variable region grafted onto human IgG4 immunoglobulin molecule with engineered Fc region
PIK3CA gene,is becoming,promising target for anticancer drugs
Pembrolizumab,are,human IgG4 anti-PD-1 antibodies
MIAT over-expression enhanced Nrf2 expression,incubated,renal epithelial cell line HK 2
Yan W Herman based personalized medicine,is in,human cancer Epigenomics
A549 DDP cells,were,For cell cycle assay fixed in 75 % alcohol for 30 min
Guangdong Key Laboratory for Research and Development of Natural Drugs,Department of,Department of Pathology
Bone Marrow Transplantation,is,Rambam Health Care Campus
Animal Research Committee,according,Guidelines at Yonsei University College of Medicine
Cancer research,turn molecules into,valid drug candidates for therapies
Gastroenterology Department,is,Faculty of Medicine
clinical significance,could,could confirmed by bioactivities with interference
epidermal growth factor receptor tyrosine kinase inhibitors,have,In past decades have commonly used as targeted therapy
Autoantibody signatures,combined as,biomarker panel
Discussion Radiotherapy,remains,mainstay of treatment for HNSCC in modulated techniques
Primary Sjögren ’s syndrome,is,in Sjögren ’s syndrome chronic autoimmune disorder characterized by infiltration of exocrine glands
Kwak Y Yang suppressor cells,are controlled by,T cells
Pembrolizumab,is,is currently tested in combination with bevacizumab with guided laser ablation in patients with GBM
Department of Radiology and Radiation Oncology,Department of,Radiation Oncology
HNSCC cell lines,incubated with,human serum
MTE treatment,flux in,NSCLC cells
PCR genotyping,using,PTGER2 species specific primers
BM,were,medically responsible
Gastroenterology,School of,Kurume University School of Medicine
LBA57Tailored immunotherapy approach,is with,nivolumab in advanced renal cell carcinoma
mTORC1 inhibitor rapamycin,modification of,cellular properties of CAL33
Chinese Academy of Medical Sciences & Peking Union Medical College,is,Department of Medical Oncology
KF Zhang L Huang CD163 macrophages,correlated,cells in oral squamous cell carcinoma BioMed research
Department of Radiation Oncology,Academy of,Academy of Integrative Medicine
Bluestone Center for Clinical Research,for Center is,USA2 Department of Oral Surgery
MEK inhibitor trametinib,is,In addition effective in treatment of BRAF V600E mutant NSCLC
Integrative genomic analyses,reveal,RNAs in cancer Struct Mol Biol
Xinhua Hospital,is,School of Medicine
Tumor cells,form sometimes,sheets of cells
tumor model in Female BALB c nude mice,were purchased from,Center of Experimental Animal
combining AXL antibody,is with,microtubule damaging drug monomethyl auristatin E
Roche Tissue Diagnostics,is,"Ventana Medical Systems , Inc."
Pembrolizumab,is,humanized IgG4 antibody consisting of affinity mouse region
Pandini G Frasca F Mineo R Sciacca growth factor I hybrid receptors depending insulin receptor isoform,involved,J Biol Chem 2002 277 39684
"Graduate Institute of Medicine , College of Medicine",School of,"Taiwan Department of Family Medicine , School of Medicine , College of Medicine"
tracheal sleeve resection,was,In our case performed with anastomosis below resected region
Bocca P Di Carlo E Caruana mediated tumor vasculature remodelling,improves tumor infiltration in,human neuroblastoma preclinical model
MG132 treatment,appreciably increased,amount of STAT1 bound to ERK
Department of Mycobacteriology,of Department is,National Institute of Infectious Diseases
LCRT biospecimen repository,will enable,studies for COPD
TLR7 8 agonist imiquimod,may,For cold VSCC tumors may therapeutic agent
Bevacizumab,is,recombinant anti-VEGF monoclonal antibody
Pancreatic stellate cells,increase invasion through,derived CXCR4 axis Pancreatology
Pembrolizumab,is,humanized IgG4 antibody consisting of high affinity mouse region grafted with Fc region for stabilization
Novartis Study,Evaluate Effects with,based Chemotherapies
Her laboratory research,developing,improved therapeutic strategies for specific subsets of lung cancer
Drug Brand name Manufacturer Targets Applications,Approved,years of trials Erdafitinib Balversa Janssen FGFR1 4 alterated locally advanced cancer
Zhang T Zhang derived gastric carcinoma xenograft mouse models,faithfully represent,tumor diversity PLoS One
effective prognostic biomarkers,Therefore should ideally incorporate,features of tumor
Pembrolizumab,is,humanized monoclonal IgG4 antibody consisting of affinity mouse anti-PD-1-derived region grafted with Fc region
NSCLC diagnoses,were confirmed by,pathologist
Malabar Cancer Centre,is,care hospital situated in district
Active cancer immunotherapy,is with,mRNA based CV9201
B cells,have,have linked to COPD pathogenesis by auto antibodies
Pembrolizumab,is,humanized monoclonal IgG4 antibody consisting of high affinity mouse region
diagnostic biomarkers,are,In addition with development of liquid biopsy of cancer diagnosis urgently needed for large scale studies
Sun Yat sen University Cancer Center,is,largest cancer hospital in Guangdong Province in South China
Drug Brand name Manufacturer Targets Applications,Approved,years Erdafitinib Balversa Janssen FGFR1 4 alterated locally advanced cancer
Oncology,of Laboratory is,Sun Yat - sen University Cancer Center
Immunohistochemistry assay,exhibited,significant expression of IFIT2
Diagnosis BRPC,was,diagnosed via 16 - slice MDCT with pancreas protocol including triphasic cross-sectional imaging with 2 mm slice thickness
"Graduate Institute of Medicine , College of Medicine",of Institute is,Kaohsiung Medical University Hospital
clinical significance,is dissipating with,development of novel biomarkers of specificity
Department of Radiology,is,Chonnam National University Medical School
Ongoing phase oncology trials,focuses solely on,early phase oncology trials
Department of Gastroenterology,of Department is,First Affiliated Hospital of Nanjing Medical University
Persian Gulf Biomedical Sciences Research Institute,is,Bushehr University of Medical Sciences
next generation TRK kinase inhibitor,overcomes resistance to,TRK kinase inhibition in patients
T cells,indicating,importance of in B cell CD8
Immunology and Inflammation Research,is,"Boehringer Ingelheim Pharmaceuticals , Inc"
antibody pembrolizumab,showed activity of,lenvatinib with cell death protein 1
Lung Institute,Center in,USA Center of Excellence in Biofilm Research
Department of Respiratory Medicine,of Department is,Medical Center
Institute for Pathology,is,University Hospital Cologne and Institute for Hematopathology
H650 cells,Similarly displayed sensitivity in,our mediated lung cancer cell killing assays
Matching isodisomy,provides,evidence of germ cell derivation
targeted PI3Kα inhibition,is under,clinical investigation for HNSCC patients
serum CYFRA 21 1 assay,has,In our department has performed at initial diagnostic workup after therapy
Germany Department of Biochemistry and Molecular Biology,of Department is,Germany Department of Obstetrics and Gynaecology
Tadano T Kakuta Y Hamada S Shimodaira Y Kuroha M Kawakami Y MicroRNA 320 family,affects tumor proliferation by,CDK6 World J Gastrointest Oncol
expressed miRNAs,have,have studied in cancers
pathologist score,showed,significant increase in treated xenografts
Department of Internal Medicine,Department of,Department of Internal Medicine
Second Department of Internal Medicine,is,Attikon University Hospital
Pembrolizumab,is,humanized monoclonal IgG4 antibody consisting of affinity mouse variable region grafted with engineered Fc region
Chemotherapeutic drugs,often target cells in,specific phase of cell cycle
biomarkers,are seldom specific to,NSCLC tissue
clinical trials,were,focused on PARP inhibitors efficacy in BRCA1 2 cancers
based metabolomics,reveal,effect of Saponins of Tribulus terrestris fruit against ischemic stroke in rat
Integrative genomic studies,have recently identified,at least four distinct molecular subgroups of medulloblastoma
ATP1A gene family members,are closely correlated with,clinical features of patients
Takai K Hara J Matsumoto K Hepatocyte growth factor,is produced by,human bone marrow stromal cells
Department of Pathology,of Department is,Shanghai Medical College
NLRP3 inflammasome,cleaves 1β to,mature bioactive forms
Clinical translation pioneer study,investigated,use of bispecific antibody consisting
Src family kinases,are involved in,MAPK signaling treated with osimertinib
diagnostic biopsy,revealed,differentiated squamous cell carcinoma of penis
hypomethylation regulated PLCE1 protien expression,was,correlated with tumor angiogenesis for ESCC patients
T cells,were,transduced with vectors with HER2 CAR with control construct
T cells,were,recruited by CXCL11 with based chemotherapy in tumor
Oncology,of Laboratory is,Collaborative Innovation Center for Cancer Medicine
KHDC3L gene,Finally shows,specificity to oocytes
treatment BALB c mice,housed in,specific level animal facility with cages at Institute of Radiation Medicine
USA3 Department of Radiation Oncology,is,St. Mary ’s Medical Center
Pembrolizumab,is,humanized monoclonal IgG4 anti-PD-1 antibody consisting of high affinity mouse variable region grafted with engineered Fc region
Research Neoadjuvant chemoradiotherapy,followed by,total mesorectal excision assisted for adenocarcinoma
Evi5 gene,was,originally isolated with stage 4S neuroblastoma with chromosome translocation
clinical trials,American Society of,Clinical Oncology
Respiratory Medicine,of Department is,"China Department of Microbiology and Immunology , College of Basic Medical Sciences"
integral biomarkers,is in,clinical trials
School of Health Sciences,is,School of Medicine
SC USA Hollings Cancer Center,is,Medical University of South Carolina
mRNA expression demonstrated,is considered,specific marker for HPV infection
our miRNAs,were proved,related miRNAs
Pembrolizumab,is,humanized monoclonal IgG4 antibody consisting of high affinity mouse anti-PD-1-derived region grafted onto IgG4 immunoglobulin molecule with Fc region
BAE scores,are,in efficient biomarkers for benign lesions
Pericardiocentesis,is procedure than,pericardial window surgery
KDR VEGFR2 Clinical trials,are,Bevacizumab Humanized mAb VEGF Individualized treatment
fundamental biology,is in,cardiovascular physiology Annu Rev Physiol
USA Center of Excellence in Biofilm Research,is,Allegheny Health Network
T cells,resulting in,T cells
dResearch Center for Biochemistry and Nutrition,for Center is,Isfahan University of Medical Sciences
Fig. 1 Gefitinib treatment,transcriptionally induces interferon response hallmark pathways in,HNSCC cell lines
Ongoing early phase oncology trials,focuses on,early phase oncology trials at MDACC
Discussion Radiotherapy,is,treatment modality for cancers
Potential Tumor Suppressor Gene,Is Inactivated by,Epigenetic Mechanisms in Colorectal Cancer Plos Genet
Inadomi K Kumagai H Arita S Tsuruta N Takayoshi K Mishima K Ota S Tanaka M Okumura Y Sagara K Bi-cytopenia,induced by,antibody for primary melanoma of esophagus
epidermal growth factor receptor,is,As cell membrane receptor expressed in various types of cancer
Pembrolizumab,is,is evaluated in phase trials in combination with azacitadine in pretreated advanced NSCLC
NCI H1299 cells,is in,PC 9 cells
our electronic medical records system,identify,men treated for penile SCC at Yunnan cancer hospital in China
surgical indications,underwent,endovascular stenting
http://pathways.embl.de/,show,metabolic network
clinical research project,was approved by,Chinese Clinical Trial Registry
targeted CCR2 cells,introduced,powerful potential of molecular imaging techniques for diagnosis of lung IRI
Fig. CDDP treatment,abrogates,growth of MOC L1 xenografts
relevant consensus Korean reference genome,is step towards,reference genomes
targeted therapeutics,are,Since are clinically evaluated as promising option for cancer types
clinical significance,could,could confirmed by cytological bioactivities with interference
upper mediastinal LNs,were,defined with laryngeal nerve at stations 2
bioprinting technologies,will,will improved by bioengineering of constructs
dResearch Center for Biochemistry and Nutrition,University of,Kashan University of Medical Sciences
Keywords Pancreatic cancerYAP1TranscriptomicsProteomicsPrognosisExtracellular matrix remodelingCancerThis work,was supported by,Inga for Medical Research
Laparoscopic hemicolectomy,was performed following,strict oncologic principles with bloc resection
European Organization for Research and Treatment of Cancer,Institute of,National Cancer Institute of Canada J Natl Cancer Inst
Department of Stomatology,School of,"USA Department of Preventive Medicine , School of Medicine"
MDA MB 231 KAR,ranks,MAP3K7 as top kinase
Polo Ciências da Saúde,Faculty of,Medicine
Animal Breeding and Molecular Pathology,is,Institute of Life Sciences
Pembrolizumab,is,humanized monoclonal IgG4 antibody consisting of affinity mouse variable region grafted onto human IgG4 immunoglobulin molecule with Fc region
Respiratory Medicine,Faculty of,Medicine
biology,is closer to,MACs
Genetic based synthetic lethal therapy,are,directly targeted at activated oncogenes
Department of Internal Medicine,is,Marmara University Faculty of Medicine
Clinical Medicine,of School is,Guangdong Lung Cancer Institute
Identified candidate drugs,can,can further evaluated in PDX mice
Department of Interventional Radiology,of Department is,Department of Medical Oncology
our HisCoM mimi model,Accordingly can account for,biological relationships
MDSCs,participate via,CXCR2 pathway
Zhang X Li Y Pan X Xiaoqiang L Mohan R Komaki modulated proton therapy,enables,radiotherapy
Department of Gynecologic Oncology,is,Fudan University Shanghai Cancer Center
clinical studies,indicated,Veliparib based combination therapy
Pembrolizumab,is,humanized monoclonal IgG4 anti-PD-1 antibody consisting of affinity mouse region grafted onto IgG4 immunoglobulin molecule with Fc region
HRM MAF titration,was,conducted by MAF in mixed DNA sample from 10 % to 0.005 %
available HSCC cell line,was purchased from,Shanghai Institute of Biology
Lapatinib Tykerb GlaxoSmithKline EGFR,HER2 with,Combined capecitabine for HER2 overexpressed metastatic breast cancer
Simultaneous chemotherapy,was,administered with cetuximab as commonly used systemic agent
Pembrolizumab,is,humanized IgG4 anti-PD-1 antibody consisting of affinity mouse anti-PD-1-derived region grafted onto IgG4 immunoglobulin molecule with Fc region
Genetic based synthetic therapy,are,Currently targeted at activated oncogenes
Krieg C single cell analysis,predicts,response to immunotherapy Nat Med 2018
Ultrasonography,of eDepartment is,First Affiliated Hospital of Wenzhou Medical University
Pembrolizumab,are,IgG4 monoclonal antibodies approved as line therapy for metastatic HNSCC by US FDA
Laboratory Sciences,of aDepartment is,Mashhad University of Medical Sciences
Fig. 4 Serum IL 10 concentration,is in,NSCLC group patients
Affymetrix Human Exon ST array hybridisation,was,performed at Molecular Biology Core Facility
Tianjin Medical University Cancer Institute and Hospital,is,National Clinical Research Center for Cancer
Institute of Chinese Materia Medica,is,China Academy of Chinese Medical Sciences
Critical Care Medicine,College of,College of Medicine
DWI MRI evaluation,has,has reported as useful tool for differentiating malignant tumors
Hellmann MD Ciuleanu TE Pluzanski A Lee JS Otterson GA Audigier - Valette C Nivolumab,is with,high tumor mutational burden N Engl J Med
biomarkers,are,with development of biopsy of cancer diagnosis needed for scale prospective studies
our miRNAs,be,miRNAs
Department of Internal Medicine,is,Konkuk University Medical Center
Her surgical specimen,underwent,EGFR PCR SSCP assay
IHC staining,also supported,diagnosis malignant adenomyoepithelioma
Lgr5 cells,be,origin of invasive gastric carcinoma specifically in histotype
International Cancer Genome Consortium,from data is,i.e. 507 whole genome
Department of Biomedical Sciences,Department of,Medicine
DWI MRI evaluation,has,has yet reported as useful tool for differentiating tumors from benign ovarian lesions
computed tomography,is,well established imaging modality for variety of malignancies
Clinical experience,Pretreated,NSCLC Anti-PD-1 agents
National Institute of Occupational Health,is,NIOSH
DWI MRI evaluation,has,has reported as tool for differentiating malignant tumors from ovarian lesions
diagnostic biopsy,revealed,differentiated squamous cell carcinoma of penis
Diagnostic and Research Institute of Pathology,Center for,Hamon Center for Therapeutic Oncology Research and Department of Pathology
Human epidermal growth factor,was purchased from,BioSource
Pembrolizumab,is,cancer immunotherapy used for tumors
treatment BALB c mice,housed in,certified specific level animal facility with individually ventilated cages at Institute of Radiation Medicine
MRI,was conducted concerns During,diagnostic work up for FAS in October
Integrated tumor identification,minimizes,pathologist involvement
Computed tomography,is,main imaging modality for lung lesions largely based
bilateral adrenalectomy,survival of,Kras driven model of PDAC
based protein profiling,reveals,dysregulation in cancer ACS Chem Biol 2015 10 7
Pembrolizumab,are,IgG4 anti-PD-1 antibodies approved as second line therapy for HNSCC
Pembrolizumab,is,humanized IgG4 anti-PD-1 antibody consisting of affinity mouse anti-PD-1-derived region grafted onto IgG4 immunoglobulin molecule
CancerMolecular Cancer1476 4598BioMed,reveals,mRNAs
personalized therapies,Furthermore are no longer limited to,molecular targeted drugs
Pembrolizumab,was,approved by FDA in 2017 for MSI high solid tumors
BMJ Publishing Group Ltd,is,J Clin Pathol
animal studies,have examined,importance of VEGF in associated angiogenesis
Department of Rehabilitation Medicine,Hospital of,First Affiliated Hospital of Nanjing Medical University
Radiation Biology and Tumor Physiology,of Group is,Institute for Cancer Research
National Cancer Center / National Clinical Research Center for Cancer / Cancer Hospital,is,Chinese Academy of Medical Sciences and Peking Union Medical College
ATP1A gene family members,are closely correlated with,clinical features
Department of Internal Medicine - Section of Hematology and Oncology,of Department is,Department of Radiology
France Department of Genomic Medicine,is,The University of Texas MD Anderson Cancer Center
radiotherapy,are powerful tools in,multidisciplinary local treatment of adenocarcinoma
National Clinical Research Center for Cancer,Center for,Clinical Research Center for Cancer
Fibroblast growth factor receptor 1 gene amplification,is,associated with survival in patients with cell lung cancer J Clin Oncol
Department of Radiotherapy,of Department is,Affiliated Hospital of Weifang Medical University
"Graduate Institute of Medicine , College of Medicine",of Institute is,Kaohsiung Medical University
H650 cells,displayed sensitivity In,our mediated lung cancer cell killing assays
Department of Radiology,School of,Shanghai Jiaotong University School of Medicine
Coskun Hasan S hscoskun@yahoo.com Department of Medical Oncology,Hospital of,Kayseri State Hospital of Research and Education
Department of Epidemiology and Biostatistics,of Department is,Department of Lung Diseases
Department of Gastroenterology,of Department is,Hubei University of Medicine
targeted CCR2 cells,introduced,powerful potential of cell specific molecular imaging techniques for noninvasive diagnosis of lung IRI
medicine Fuzheng Kang Ai decoction,sensitized effect through,inactivating suppressing MUC1 expression J Ethnopharmacol 2016 194 918 929
Pembrolizumab,is,humanized IgG4 antibody consisting of high affinity mouse anti-PD-1-derived region grafted onto human IgG4 immunoglobulin molecule with engineered Fc region
Department of Radiology,of Department is,China Department of Radiology
multi-targeted kinase inhibitor,is with,demonstrated activity in renal cell carcinoma
pharmacological study,evaluate,effects on human multiple myeloma cells
Ireland Trinity Translational Medicine Institute,is,Department of Clinical Medicine
T cells,are involved in,anti-tumor immune surveillance
Department of Biomedical Laboratory Medicine,is,Shinshu University School of Medicine
Pembrolizumab,is,IgG4 anti-PD-1 antibody consisting of affinity mouse variable region grafted
Wouters MCA Nelson BH Prognostic significance,is in,human Cancer Clin Cancer Res 2018
Pembrolizumab,is,humanized IgG4 anti-PD-1 antibody consisting of affinity mouse anti-PD-1-derived variable region grafted onto IgG4 immunoglobulin molecule with engineered Fc region
Thoracic surgeon,is now familiar with,use of ECMO especially in era of lung transplantation
Department of Radiation Oncology,University of,University of Ulsan College of Medicine
MSI testing,was,As proof of concept performed on mucinous adenocarcinoma
Tumor bearing nude mice model construction BALB c male nude mice,were purchased from,Beijing Laboratory Animal Research Center
Clinical information,was obtained by,medical records
Kaohsiung Chang Gung Memorial Hospital and Chang Gung University College of Medicine,Department of,Taiwan Department of Hematology - Oncology
HRM MAF titration,was,conducted by MAF in mixed DNA sample from 10 % in increasing DNA concentration assay
Barnett GH Toms SA Pathobiology,is of,J Clin Pathol
xenograft in model Male NOD SCID mice,were acquired from,National Cheng Kung University Laboratory Animal Center
treatment BALB c mice,housed in,certified level animal facility with individually ventilated cages at Institute of Radiation Medicine
Holden Comprehensive Cancer Center,Department of,Department of Hematology and Medical Oncology
Identified candidate drugs,can,can evaluated in PDX mice before use in patients
peri-anal extramammary Paget 's disease,associated with,two well differentiated sigmoid carcinomas
S1PR1 immunostaining,is in,127 cases of ESCC patients
Guangzhou Medical University,is,Guangzhou Medical University
China Department of General Dentistry,is,School of Dental Medicine
Monocytes,are attracted by,perivascular fibroblasts
BH3 profiles,be,associated with treatment response to nCRT in cancer to serve
Inadomi K Kumagai H Arita S Tsuruta N Takayoshi K Mishima K Ota S Tanaka M Okumura Y Sagara K Bi-cytopenia,induced by,anti-PD-1 antibody for primary malignant melanoma of esophagus
Peritumoral LVD,was,associated with lymph node metastases of tumors for example of breast
Department of Pathology,is,Kaohsiung Chang Gung Memorial Hospital and Chang Gung University College of Medicine
Comprehensive Cancer Center,is,International Medical Center
Department of Radiological Technology,of Department is,Department of Radiology
biomarkers,capture,only tumor features linked
Its biological role,has,has evaluated in esophagus cancers
clinical researchers,is in,hematologic malignancies
Medical writing support,was provided by,Kristin L. Hood PhD of Medtronic
Novel pancreatic cancer cell lines,derived from,engineered mouse models spontaneous adenocarcinoma
Radiation Therapy Oncology Group,is,Eastern Cooperative Oncology Group
human basal cells,are,In assay seeded into rat tracheas
Krieg C single cell analysis,predicts,response to immunotherapy Med 2018
mRNAs,be targets of,platelet miRNAs
Division of Hematology and Oncology,is,New York Medical College
medical radiotherapy,are,main treatment options for patients with tumors combined with superior vena cava syndrome
prognostic biomarkers,should ideally incorporate,features of tumor
Pembrolizumab,is,humanized IgG4 antibody consisting of high affinity mouse anti-PD-1-derived variable region grafted onto IgG4 immunoglobulin molecule with engineered Fc region
Pulmonary Medicine,School of,Keio University School of Medicine
Research Neoadjuvant concurrent chemoradiotherapy,followed by,transanal total mesorectal excision assisted
medial laparotomy,was,performed with resection of anterior area simultaneously with nephrectomy
Cell transfection MiR -5195-3p,were synthesized by,GenePharma Company
Pembrolizumab,is,humanized IgG4 antibody consisting of affinity mouse variable region grafted
Integrative genome analyses,identify,key somatic driver mutations of small cell lung cancer
Department of Molecular Cell Biology,of Department is,Sungkyunkwan University School of Medicine
Masuda M Methotrexate,is excreted by,canalicular multispecific anion transporter
database clinical carcinoma samples,correlated positively in,Cancer Genome Atlas
Pancreas Translational & Clinical Research Center,is,San Raffaele Hospital
miRNAs,may,may biomarkers
Two stem cell markers,predict,transformation of leukoplakia
National R & D Program for Cancer Control,is,Ministry of Health & Welfare
Pembrolizumab,is,humanized monoclonal IgG4 antibody consisting of high affinity mouse region grafted with Fc region
Background Cisplatin,is used as,drug for cancers including lung cancer
Whole exome sequencing,provides window into,metastatic prostate cancer Nat Biotechnol 2014 32 479 484
Evi5 gene,was,originally isolated with stage 4S neuroblastoma with constitutional chromosome translocation
immunohistochemistry,confirms,ALK Rearrangemnet in patient with lung Cancer J Thorac Oncol
Respiratory Medicine,of Department is,China6 Department of Clinic Laboratory
percutaneous endoluminal stent therapy,can quickly relieve symptoms For,superior vena cava syndrome
anti-CTLA-4 antibody ipilimumab,is in,currently trials for treatment of NSCLC
Cetuximab,is,only targeted biological agent approved
Oncology,Departments of,China Departments of Radiation Oncology
NSCLC cell line,were,obtained from Shanghai Cell Bank
Clinical data 174 patients,is with,primary ESCCs from Sun Yat sen University Cancer Center
"Graduate Institute of Clinical Medicine , College of Medicine",is,Taipei Medical University
Pembrolizumab,is,IgG4 antibody consisting of affinity mouse region grafted with engineered Fc region for stabilization
Radical esophagectomy,has,has acknowledged with importance in therapy for esophageal cell carcinoma
Genetic synthetic lethal therapy,are,Currently directly targeted at activated oncogenes
MNSC cells,were incubated with,labelled exosomes
current immune checkpoint inhibitors,take brakes,While early immunotherapies focused on T cell activity
Brain metastases,is in,small cell lung cancer Oncology
Department of Radiation Oncology,is,Sun Yat - sen University Cancer Center
B cell,is,one major class in adaptive immune systems
MACS,magnetically label CTCs with,anti-cytokeratin 8 monoclonal antibody
Cancer Center and State Key Laboratory of Biotherapy,is,West China Hospital
prognostic biomarkers,Therefore should incorporate,features of tumor leading
Centre for Statistics in Medicine,is,Nuffield Department of Orthopaedics
Pembrolizumab,is,humanized IgG4 anti-PD-1 antibody consisting of high affinity mouse region grafted with engineered Fc region for stabilization
tumor differentiation grades,were classified Based,medical records
Lgr5 cells,be origin in,specifically intestinal histotype
B cells,are critical to,T cell mediated antitumor immunity induced by conditionally cytotoxic therapy for glioblastoma Neoplasia
Department of Genetics,is,University Hospital Bichat - Claude Bernard
human TCF gene,encodes,nuclear binding protein uniquely expressed in normal T lineage lymphocytes Blood 1995 86 8 3050 3059 75793 99 20
BH3 profiles,be,associated with treatment response in cancer to serve as basis for
Research Center of Pediatric Infectious Diseases,Department of,Medical Virology
Pembrolizumab,is,humanized monoclonal IgG4 antibody consisting of affinity mouse variable region grafted with Fc region for stabilization
single agent nivolumab,was granted,FDA approval for patients with SCLC with disease progression following chemotherapy
Department of Surgery,is,Seoul National University Hospital
pharmacology,is in,cardiovascular disease Clin Med Insights Cardiol
Respiratory Care Medicine,of Department is,Affiliated Drum Tower Hospital
Pembrolizumab,is,monoclonal IgG4 anti-PD-1 antibody consisting of high affinity mouse anti-PD-1-derived region grafted onto human IgG4 immunoglobulin molecule with Fc region
Conclusion lung cancer histological subtypes,exhibited prevalence factors for,BM
clinical trials,American Society of,Oncology
0004 1765 5169 School of Stomatology,of School is,Xiangya Stomatological Hospital & School of Stomatology
human colon cancer methylome,shows hypo - methylation at,conserved tissue specific CpG island shores
blood TCR repertoire profiling,may facilitate,patient stratification for immunotherapy against melanoma Cancer Immunol Res
ChE mRNAs,is in,human breast
Expanded DNT cells,co-cultured with,NSCLC cell lines
Tumour staging,is usually done through,clinical investigations
Department of Life and Health Sciences,Center for,Cyprus Mediterranean Center for Cancer Research
our hospital,had resection rate,thoracic centre
Genetic based lethal therapy,are,Currently targeted at oncogenes
Department of Radiation Oncology,Institute for,Institute for Medical Biometry and Informatics
eCerrahpasa Medical Faculty,Department of,Otorhinolaryngology
Department of Internal Medicine,Division of,Neuropathology
HRM MAF titration,was,conducted by MAF in DNA sample from 10 % to 0.005 % of Ex19_std in increasing total DNA concentration assay from 0.25 ng
Cells,undergo cell death through,namely mitochondria dependent pathway
Oncology Department,is,Dnepropetrovsk Medical Academy
Department of Medical Oncology,Hospital of,Zhejiang University School of Medicine
China3 Department of Histology and Embryology,is,Luohe Medical College
personalized therapies,Furthermore are no longer limited to,targeted drugs
circulating biomarkers,is in,patients with non-small cell lung cancer Cancer Biomark
Department of Medical Imaging,of Department is,State Key Laboratory of Oncology
PSMD,were,cancer driver genes with role with RPN1 2
radiotherapy,can,can divided into definitive radiotherapy
miRNAs,are regarded As,class of ncRNAs
Bae J Hideshima T Tai YT Song Y Richardson P Raje N Histone deacetylase inhibitor ACY241,enhances,activities of antigen specific memory cytotoxic T lymphocytes
based chemoradiotherapy,is,As standard of care for HNSCC
Washington University School of Medicine,of School is,Washington University School of Medicine
Neurosurgery,of Department is,University Medical Centre Maribor
T cells,were,transduced with HER2 CAR with control construct
AChE binding tail PRiMA,is down regulated by,merosin deficiency Chem Biol Interact 2013 203 330 334
laryngeal anatomy,is,particularly crucial to normal swallowing physiology of aspiration
Research Neoadjuvant chemoradiotherapy,followed by,transanal excision assisted for adenocarcinoma
Diagnostic and Research Institute of Pathology,of Institute is,Hamon Center for Therapeutic Oncology Research and Department of Pathology
computed tomography images,revealed shadow at,ostial site of right upper lobe bronchus of right upper lobe
Radiation Oncology,of Department is,National Center for Tumor Diseases
Pembrolizumab,is,humanized monoclonal IgG4 anti-PD-1 antibody
Pembrolizumab,are,human IgG4 antibodies approved as line therapy for metastatic HNSCC by US FDA
Pemetrexed transplantable colon cancer ICD,augmented,T cell function
Czech Republic Department of Cancer Epidemiology & Genetics,is,Masaryk Memorial Cancer Institute and Medical Faculty of Masaryk University
supervising surgeon,performed,neurological preparation
Roland CL Yang AD Katz MH Chatterjee D Wang H Lin H Vauthey JN Pisters PW Varadhachary GR Wolff RA Neoadjuvant therapy,is associated with,lymph node ratio in patients with pancreatic cancer Ann Surg Oncol
Department of Surgery,is,Taipei Veterans General Hospital
human bronchial cells,were maintained according,protocol provided by Clonetics
Histologic diagnosis,was made by,experienced pathologists
Thaler HT Stambuk HE Fury MG enhanced resonance imaging,Int,J Radiat Oncol Biol Phys 2012 825 1837 1844 10.1016
Department of Internal Medicine,is,Kurume University School of Medicine
Vascular endothelial growth factor,combination of,directed anti-angiogenic therapy with based doublet chemotherapy
Tumor differentiation,may,may categorized as variables with stage tumor like high grade dysplasia carcinoma
Integrative Genomics Core Lab,Center for,National Clinical Research Center for Cancer
bilateral thalamus,showed,BM involvement
Department of Neurology,Hospital of,Fourth Hospital of Harbin Medical University
Institute of Biotechnology,Department of,Taiwan Department of Radiation Oncology
Clinical data,were collected through,electronic record management system of Binzhou Medical University Hospital
Our thoracic MTB meetings,included,members from surgery
S1PR1 signaling inhibition treatment,Likewise resulted in,inhibition of cell growth in pancreatic cancer cells via STAT3 pathway
medicine Fuzheng Kang Ai decoction,sensitized effect through,suppressing MUC1 expression J Ethnopharmacol 2016 194 918 929
Interventional Radiology,School of,Yale School of Medicine
engineered T cells,has opened,era with drugs for cancer immunotherapy
STK11 recoverd cell lines,were cultured with,added 1μg puromycine
Major lung resection,may cause,heart failure with large right shunt
China3 Department of Oncology,is,Shanghai Pulmonary Hospital
miRNAs,are highlighted for,their clinical applications
BIN1 c MYC interaction,is in,NSCLC cells
Experion automated electrophoresis system,was from,Bio-Rad Laboratories
Jenzer M BRCA2 mutation status,shapes,immune phenotype of prostate cancer Cancer Immunol Immunother
Pembrolizumab,is,humanized IgG4 antibody consisting of affinity mouse region grafted onto IgG4 immunoglobulin molecule with engineered Fc region for stabilization
VEGFR targeting antibody ramucirumab,was,approved by Food Administration for advanced gastric junction adenocarcinoma patients with progression on chemotherapy
biological verification,are needed,HisCoM mimi worked well
anti-tumor activity,is dependent on,I presentation of specific derived peptides
Biological Sequence Analysis,for Center is,Denmark Department of Cancer Biology
Pembrolizumab,is,humanized monoclonal IgG4 antibody consisting of affinity mouse variable region grafted onto IgG4 immunoglobulin molecule
clinical treatment,However should differ due,biological behaviour of adenocarcinoma
early phase oncology trials,focuses on,early phase oncology trials at MDACC mainly
employing single biomarkers,capture,only tumor features linked with CTC enrichment
clinical trials,considered tumor PD L1 expression as,most robust biomarker
Pembrolizumab,is,humanized monoclonal IgG4 anti-PD-1 antibody consisting of affinity mouse variable region grafted onto human IgG4 immunoglobulin molecule
"Department of Biostatistics , School of Health",is,Kermanshah University of Medical Sciences
diagnostic laparoscopy,should,In consideration of well known peritoneal tropism should mandatory
radiotherapy,are powerful tools in,multidisciplinary local treatment of pancreatic ductal adenocarcinoma
clinical data,were,For tumor samples available from Department
effective biomarkers,Therefore should incorporate,features of tumor leading to assessment of tumor biology
SKOV3 cells,were purchased from,Shanghai Cell Bank
Department of Pharmaceutical Sciences,is,Jefferson College of Pharmacy
specific fluorescence hybridization,investigate,ACTN4 amplifications in patients with pancreatic cancer
engrafted primary cells,gave rise to,well differentiated mucociliary epithelia
radiotherapy,increases,T cells
Immunotherapy,represents,cancer treatment modality
Yonsei Cancer Center,is,Division of Medical Oncology
immunohistochemistry,confirms,novel ALK Rearrangemnet in patient with non-small-cell lung Cancer J Thorac Oncol
CT coronary angiography,rapidly effective alternative to,traditional invasive angiography for screening
Department of Medicine,of Department is,CA USA 4 Department of Microbiology Immunology & Molecular Genetics
UMSCC25 cells,exhibited,marked induction of immunosuppressive chemokine
OncoRay – National Center for Radiation Research in Oncology,is,Faculty of Medicine and University Hospital
DWI MRI evaluation,has,has yet reported as tool for malignant tumors from benign ovarian lesions
Sun Yat - sen University Cancer Center,Faculty of,Medicine
"Graduate Institute of Medicine , College of Medicine",College of,"Taiwan Department of Otorhinolaryngology , School of Medicine , College of Medicine"
Mammalian mitochondria,are usually depicted,elongated cylindrical particles originated through endosymbiosis
Department of Radiation Oncology,of Department is,Fujian University of Traditional Chinese Medicine
neuropilin 2 isoform NRP2b,uniquely supports,TGF mediated progression in lung cancer Science Signaling
Pembrolizumab,is,humanized IgG4 anti-PD-1 antibody consisting of high affinity mouse variable region grafted with engineered Fc region
miRNAs,are known,very specific for tissues
miRNAs,could induce,conversion of cells
Radiation Biology and Tumor Physiology,is,Department of Radiation Biology
effective biomarkers,Therefore should incorporate,features of tumor
Ottawa Hospital Cancer Centre,Division of,Canada Division of Gynecologic Oncology
our miRNAs,be,breast cancer related miRNAs with accuracy
B cells,are critical to,T cell mediated antitumor immunity induced by immune stimulatory conditionally cytotoxic therapy for glioblastoma Neoplasia
Epidermal growth factor receptor tyrosine kinase inhibitors,are,used in anti-tumor therapy for non-small cell lung cancer
Pneumology Unit,is,Department of Translational Medicine
Department of Epidemiology and Biostatistics,of Department is,National Institute for Health Development
SHP77 SCLC cells,determine,effects in lung cancer cell lines
Bioinformatic methodologies,strengthened however,research of biomarkers
primary cutaneous AC,is with,neuroendocrine differentiation
Cancer Biology,is,Department of Radiation Oncology
HRM MAF titration,was,conducted by MAF in mixed DNA sample from 10 % in DNA concentration assay from 0.25 ng μl
Human H1299 cells,were transfected with,based TFAP2B siRNA
biomarkers,are approved for,clinical use
Pembrolizumab,is,humanized monoclonal IgG4 anti-PD-1 antibody consisting of affinity mouse variable region grafted with Fc region for stabilization
Pharmacology Central London,suppresses tumor growth in,oral cancer Xenograft model
T cells,suppress growth in,derived xenografts of carcinoma Front Immunol 2016
novel nonobese diabetic severe immunodeficient xenograft model,reflects,important clinical characteristics of disease Cancer Res 2007 67 8653 8661 10.1158 0008 5472.CAN -07-1198
European Organization for Research and Treatment of Cancer,for Organization is,National Cancer Institute of Canada J Natl Cancer Inst
Department of Radiation Oncology,is,Tianjin Medical University Cancer Institute and Hospital
Neurologic manifestations associated,are,clinically important
Department of Medicine,is,Keio University School of Medicine
PC9 cells,were cultured in,KeyGene
Biomarker analyses,evaluating,erlotinib in advanced lung cancer
Medical Oncology,of Department is,Pathology Unit
"Graduate Institute of Medicine , College of Medicine",of Institute is,Kaohsiung Municipal Hsiao - Kang Hospital
Biobanks,are considered as,important source for available samples with clinical characterization
Department of Medical Imaging,Laboratory of,State Key Laboratory of Oncology
CAR T cell trials,provide,clinical benefits for refractory cancers
ICI treatment,is with,Pembrolizumab
White VA Lewallen S Clinical factors,associated in,patients Kilimanjaro Christian Medical Centre
diagnostic biomarkers,are,with fast development of biopsy of cancer diagnosis urgently needed for scale prospective studies
Materials Tumor samples,were obtained from,139 patients with LUSC
immunological TME,is in,brain
Pembrolizumab,is,IgG4 anti-PD-1 antibody consisting of high affinity mouse variable region grafted with engineered Fc region for stabilization
KYSE510 cells,were,For xenograft model injected into right flanks of BALB c nu mice
Kangbuk Samsung Hospital,is,Sungkyunkwan University School of Medicine
medicine Fuzheng Kang Ai decoction,sensitized effect through,PI3 K Akt mediated MUC1 expression J Ethnopharmacol 2016 194 918 929
miRNAs,are involved in,tumor specific functional categories
p53 special inhibitor pifithrin α,blocked,effect of BBR on p53 protein expression
Department of Clinical Biochemistry,is,University Health Network
comparing hepatoid adenocarcinoma,is with,AFP producing gastric cancer J Surg Oncol 2012 106 299 303
pathologist score,showed,increase in treated xenografts
Lorlatinib,demonstrated,clinical activity in NSCLC patients
Obstetrics,of cDepartment is,Center for Uterine Cancer Diagnosis & Therapy Research
three cell lines,investigate mechanisms to,17 DMAG in lung cancer with ALK rearrangement
miRNAs,are,In view of close relationship between miRNAs presently considered as potential novel targets for anti-cancer therapies
Fujian Medical University,is,Fujian Provincial Cancer Hospital
Proper laryngeal anatomy,is,particularly crucial to normal swallowing physiology of aspiration
Tumor sections,were,stained for ROS1 with rabbit antibody purchased
Prospective Department of Pathology,is,Moti Lal Nehru Medical College
Department of Surgery,of Department is,Seiwa Memorial Hospital
growth factor receptor tyrosine kinase inhibitors,are widely used in,anti-tumor therapy
targeted antibody drug conjugate,eradicates,high grade neuroendocrine cells
Department of Molecular Biology and Genetics,of Department is,Department of Genetics
Representative immunohistochemical staining pictures,is in,serial primary HNSCC tissue microarray sections
Thoracic surgeon,is now familiar with,use of ECMO
miRNAs,were also highly abundant in,miRNAs
Radical esophagectomy,has,has widely acknowledged with importance in cure intended therapy for squamous cell carcinoma
HRM MAF titration,was,conducted by MAF in DNA sample from 10 % to 0.005 % in increasing total DNA concentration assay from 0.25 ng
fGenomics Research Center,is,Academia Sinica
Department of Virology,is,Medical University of Lublin
human NSCLC cells,were purchased from,Institute of Biochemistry
bioinformatics,of Department is,Guangzhou Medical University
University Teaching Hospital of Lomé,Hospital of,University Teaching Hospital of Lomé
study J Clin Oncol,Am,Soc Clin Oncol
Programmed cell death loss,is,regulated by miR 21 in oral cell carcinoma Mol Cancer
Lung Institute,Center of,USA Center of Excellence in Biofilm Research
Mammalian mitochondria,are depicted,elongated particles originated through endosymbiosis
Radiation Oncology,Department of,Department of Radiation Oncology
pathologist score,showed,significant increase in xenografts
Cancer Epidemiology & Prevention Research,is,"CancerControl Alberta , Alberta Health Services"
Tumor Entities,is in,Sinonasal Tract Pathology Head Neck Pathol
Ongoing early phase oncology trials,focuses on,early phase oncology trials at MDACC mainly
HRM MAF titration,was,conducted by MAF in DNA sample from 10 % to 0.005 % of Ex19_std in increasing DNA concentration assay from 0.25 ng μl
Methods esophageal tissue array database,evaluate,clinical relevance of CCL2
Cancer Center,Laboratory of,China Key Laboratory of Oral Medicine
Pembrolizumab,are,IgG4 antibodies approved as line therapy for metastatic HNSCC
six miRNAs,is with,important functions in PDAC development
Genetic synthetic lethal therapy,are,Currently targeted at oncogenes
Personalized Cancer Therapy and Division of Hematology and Oncology,for Center is,Department of Medical Affairs
Pembrolizumab,is,monoclonal IgG4 anti-PD-1 antibody consisting of affinity mouse anti-PD-1-derived variable region grafted with Fc region for stabilization
Four UM SCC cell lines,test,effect of WNT974 on tumor growth on metastases
Department of Radiology,of Department is,Nantong Cancer Hospital
Primary Sjögren ’s syndrome,is,in primary Sjögren ’s syndrome autoimmune disorder characterized by infiltration of exocrine glands
Conclusions DCE MRI,may provide,information on hypoxic fraction of cell carcinoma of cervix
targeted vaccines,are in,studies for lung cancer
"Department of Pediatrics , Division of Pediatric Oncology / Hematology",of Department is,MD Anderson Cancer Center
Department of Disease Control,is,London School of Hygiene and Tropical Medicine
Department of Biomedical Informatics,of Department is,Department of Psychiatry
Royal Adelaide Hospital,is,Flinders Health and Medical Research Institute
Colangelo T Polcaro G Ziccardi Proteomic screening,identifies calreticulin as,miR 27a direct target repressing MHC class I cell surface exposure
Sun Yat sen University Cancer Center,is,largest cancer hospital in South China
Cancer Genome Atlas Clinical Explorer,facilitates,clinical use
Endogenous miRNAs,have attracted,significant attention regarding diagnosis
BTPS type 1,is in,keeping with McKusick ’s original description with CMMRD spectrum disease
College of Medicine,is,Kaohsiung Medical University
BH3 profiles,be,associated with treatment response in esophageal cancer to serve as basis
Department of Internal Medicine,of Department is,Cancer Immunology Laboratory
First Department of Internal Medicine,of Department is,Department of Surgery
Biomarker analysis,identify,personalized therapies
Department of Radiation Oncology,is,MD Anderson Cancer Center
Department of Laboratory Medicine,College of,College of Biomedical Engineering
Huang stimulated TGF beta1 expression,is,regulated by activated protein kinase in mesangial cells Kidney Int
T cells,establish memory in,patients with leukemia Sci Transl Med 2011
MIR10B gene,was,For expression cloned into pMX IRES Blasticidin vector downstream
diagnostic biomarkers,are needed with,development of liquid biopsy of cancer diagnosis
Department of Surgical Pathology,of Department is,Japan Research Division of Companion Diagnostics
DWI MRI evaluation,has,has reported as tool for differentiating tumors from benign lesions
Angiogenesis assay,was performed with,cell tube formation assay
Research Neoadjuvant concurrent chemoradiotherapy,followed by,transanal mesorectal excision assisted by port surgery for adenocarcinoma
Department of Biomedical Informatics,of Department is,Mathematical Biosciences Institute
early phase oncology trials,focuses solely on,early phase oncology trials
top scored gene,is in,first biological replicate
biological component,has,its biological meaning
clinical trials,have focused on,clinically useful PARPi drugs
Nuclear Medicine,of Department is,Dongguk University College of Medicine
Research Neoadjuvant concurrent chemoradiotherapy,followed by,total mesorectal excision assisted for adenocarcinoma
Research Neoadjuvant concurrent chemoradiotherapy,followed by,transanal total excision assisted for adenocarcinoma
ArticleHigh monocyte,indicates after,characteristics in lung adenocarcinoma
cClinical Research Center,XCenter for,Evidence - Based Medicine
Department of Oncology,University of,Shanghai University of Traditional Chinese Medicine
American Society of Clinical Oncology,is for,College of American Pathologists / International Association for the Study of Lung Cancer / Association for Molecular Pathology
Major lung resection,may cause,right heart failure with large right shunt
Office of Biostatistics,of Office is,Ajou University Medical Center
Department of Pulmonology and Immunology,of Department is,Lithuania Department of Pathology
Tazuke Kofukai Medical Research Institute,received treatment at,Ohara Memorial Kurashiki Central Hospital
pharmacological study,evaluate,effects of new CDKi roscovitine
Diagnosis BRPC,was,diagnosed via 16 - slice MDCT with pancreas protocol including cross-sectional imaging
Primary tracheal cells,were stained marker CD45 for,specific marker CD326 EpCAM
National Institutes of Health,Award from,National Institute of General Medical Sciences
specific antibodies,also influenced,function of stem cells
HRM MAF titration,was,conducted by MAF in mixed DNA sample in increasing DNA concentration assay from 0.25 ng
MET gene,shows,expression level in group 1 of breast cancer samples
ROCK kinase inhibitor fasudil,was first approved small molecule for,clinical use
Department of Anatomic Pathology,of Department is,Immunology and Inflammation Research
Department of Radiation Oncology,of Department is,University of Ulsan College of Medicine
Department of Radiation Oncology,of Department is,Anyang Cancer Hospital
Chinese Medicine,Department of,Department of Medical Oncology
Review TCF7 gene,was firstly identified as,T lymphocyte specific transcription factor
Department of Laboratory Medicine and Pathology,is,Wake Forest School of Medicine
eKey Laboratory of Regenerative Biology,is,South China Institute for Stem Cell Biology and Regenerative Medicine
Clinical Immunology,is,Peking Union Medical College Hospital
ESCC cell lines,were purchased from,CellBank of Chinese Academy
T cells,undergo activation in,close association to B cells
Austria Department of Radiology,is,Medical University of Innsbruck
Department of Pediatric Dentistry,of Department is,School of Stomatology
Pembrolizumab,is,humanized IgG4 antibody consisting of high affinity mouse anti-PD-1-derived region grafted with Fc region for stabilization
laryngeal anatomy,is,particularly crucial to normal physiology of aspiration
specific anti-TGF-β1 antibody,blocked,activity induced by SCLC cell lines
Chinese medicine,is,In China mainly used clinically in combination with ACT
Cells,were,treated with MTE at concentration of respectively
aMedical Genetics Research Center,University of,Mashhad University of Medical Sciences
treatment BALB c mice,housed in,certified specific level animal facility with ventilated cages at Institute of Radiation Medicine
Department of Radiology,of Department is,Tianjin ’s Clinical Research Center for Cancer
Vascular endothelial growth factor,combination of,directed therapy with based doublet chemotherapy
Dual luciferase reporter assay,was,performed by PTEN WT vector into A549 cells
EBUS TBNA procedure,was,performed by endoscopic physician for patients
Department of Respiratory Medicine,Department of,Department of Diagnosis
based chemotherapy,was,For decades available systemic therapy for advanced NSCLC
functional lncRNAs,is in,rheumatoid arthritis Mol BioSyst
USA Department of Surgery,is,Beckman Research Institute
Hofman V Preoperative circulating tumor cell detection,is,new prognostic biomarker
engineered mice,are,most sophisticated animal models of human cancer
.4305.20000 0004 1936 7988 Medical Genetics Section,Institute of,Institute of Genetics and Molecular Medicine
"Department of Neuroscience , Psychology , Pharmacology and Child Health",is,Department of Medical Biotechnologies
Department of Otolaryngology,is,Oregon Health & Science University
Monoclonal antibodies,are under,intensive clinical evaluation for treatment
based metabolomics,reveal,protective effect of Saponins against ischemic stroke
Pembrolizumab,is,humanized monoclonal IgG4 antibody consisting of affinity mouse variable region grafted onto IgG4 immunoglobulin molecule with engineered Fc region for stabilization
diagnostic biomarkers,are,with development of biopsy urgently needed for scale prospective studies
Oncologists,should also use,biomarkers
human cells,were,provided by Key Laboratory of Stomatology
human immortalized oral epithelial cells,were,kindly provided by Key Laboratory of Stomatology
Background Pancreatic resection,are powerful tools in,multidisciplinary local treatment of adenocarcinoma
Young MRI,Redirecting,focus of cancer immunotherapy
Several CAR T cell platforms,are under,active trials for myeloma
CT angiography,effective alternative to,traditional angiography
tumor features,characterization of is,In precision oncology era step
Pembrolizumab,is,humanized IgG4 anti-PD-1 antibody consisting of affinity mouse variable region grafted onto IgG4 immunoglobulin molecule
Fibroblast growth factor receptor gene amplification,is,associated with survival in patients with resected cell lung cancer J Clin Oncol
Fig. Computer tomography image,obtained from,patient with mucinous adenocarcinoma located in transverse colon 55 cm
Discussion MiRNAs,are class,at post-transcriptional level involved in aspect of cancer cell biology
Persian Gulf Tropical Medicine Research Center,School of,Afzalipour School of Medicine
clinical significance,is dissipating with,development of novel biomarkers of specificity including markers in liquid biopsies
Cells,harvested for,Western blot analysis
kidney cell line 293T,maintained respectively in,MEM supplemented with 10 % bovine serum
AChE binding tail PRiMA,is,regulated in muscle of mice with muscular dystrophy by merosin deficiency Chem Biol Interact 2013 203 330 334
T cells,were,recruited by CXCL11 with DOC based chemotherapy in tumor of NSCLC patients Chemokines in tumor microenvironment
immunohistochemistry,confirms,ALK Rearrangemnet in patient with non-small-cell lung Cancer J Thorac Oncol
UM SCC cell lines,test,effect of WNT974 on tumor growth on CAM on metastases to liver
Tumor bearing mice model construction BALB c nude mice,were purchased from,Beijing Laboratory Animal Research Center
Department of Genome Sciences,of Department is,Fred Hutchinson Cancer Research Center
Clinical Laboratory,of Department is,China Department of General Surgery
Faculty of Medicine,of Faculty is,Erzurum Region Education and Research Hospital
Department of Cell Biology and Anatomy,is,College of Medicine
China Department of Microbiology,is,Faculty of Biochemistry
BH3 profiles,be,associated with treatment response in cancer to serve as basis
Radiation Oncology,of Department is,Key Laboratory of Cancer Prevention and Therapy
Timely airway stenting,improves,survival in patients with airway obstruction Ann Thorac Surg
Department of Pathology,is,Kangdong Sacred Heart Hospital
Gao G Ren S Li Xu J Xu Q Su C Epidermal growth factor receptor tyrosine kinase inhibitor therapy,is effective as,first line treatment of advanced non-small-cell lung cancer with mutated EGFR
Department of Translational Medicine,of Department is,First Hospital of Jilin University
Pembrolizumab,is,humanized monoclonal IgG4 antibody consisting of high affinity mouse anti-PD-1-derived region grafted with Fc region for stabilization
Department of Oncology,of Department is,Tongji Medical College
Department of Medical Oncology,of Department is,Australia Department of Radiation Oncology
radiotherapy,are powerful tools in,multidisciplinary local treatment of pancreatic adenocarcinoma
Thoracic surgeon,is more and more familiar with,use of ECMO
Department of Medical Genetics,is,Shahid Beheshti University of Medical Sciences
lung cell line BEAS 2B,was obtained from,Cell Bank of Chinese Academy
Department of Obstetrics and Gynecology,is,Union Hospital
Methods Human esophageal tissue array database,evaluate,clinical relevance of CCL2
our medical records system,identify,men treated for penile SCC at Yunnan cancer hospital
Department of Medical Imaging,of Department is,Department of Oncology
Department of Pathology,of Department is,Mount Sinai Medical Center
Background Metformin,was,approved as line of anti-diabetic drug since decades
dResearch Center for Biochemistry and Nutrition,Department of,"Department of Hematology and Oncology , School of Medicine"
First Department of Medicine,Department of,Germany Department of Radiation Oncology
Our hospital,is,quality control of radical esophagectomy dissection
Integrative genomic studies,have identified,at least four distinct subgroups of medulloblastoma
biomarkers,predict pCR after,SABR treatment with histopathological study on explanted tumour as gold standard
Pembrolizumab,is,humanized monoclonal IgG4 antibody consisting of high affinity mouse region grafted onto human IgG4 immunoglobulin molecule with engineered Fc region
Department of Internal Medicine,Department of,South Korea Department of Surgery
Drug Brand name Manufacturer Targets Applications,Approved,years of trials Erdafitinib Balversa Janssen FGFR1 4 alterated cancer
MET gene,shows,expression level in group 1 breast cancer samples than in group 2 of breast cancer samples
medicine Fuzheng Kang Ai decoction,sensitized effect through,mediated suppressing MUC1 expression J Ethnopharmacol 2016 194 918 929
Tranilast treatment,reversed,DNA repair promoted by CAFs
Bevacizumab,was,approved anti-VEGF antibody
One hundred twenty seven primary OSCC specimens,were,obtained from Department of Pathology
Department of Radiation Oncology,Center of,National Clinical Research Center of Cancer
Department of Molecular Cell Biology,School of,Sungkyunkwan University School of Medicine
bioinformatics,is,major core area of life science
Pemetrexed transplantable murine colon cancer ICD,also augmented,T cell mitochondrial function
Tank binding kinase,is,associated kinase
clinical significance,is dissipating with,development of novel biomarkers of high specificity
AKT inhibitor AZD5363,sensitizes,patient derived gastric cancer xenograft model with PTEN loss to Taxotere J Transl Med
Hubei Provincial Key Laboratory for Applied Toxicology,is,Hubei Provincial Center for Disease Control and Prevention
Bcl 2 family,also function via,their interaction with core autophagy factor Beclin family
National Clinical Research Center for Cancer,Department of,Department of Epidemiology and Biostatistics
CAR T cell products,are under,trials for RR myeloma
BM,developed,while BM developed in 30.3 % of patients with
BMI1 expression,was related to,NLRP3 inflammasome
KF Zhang L Huang CD163 associated macrophages,cells in,squamous cell carcinoma Biomed Res Int
TLR7 8 agonist imiquimod,may,For cold VSCC tumors may promising agent
Immunohistochemistry,were,performed with primary antibodies
Human papillomavirus,is in,United States J Clin Oncol
Department of Surgery,of Department is,Shinshu University Graduate School of Medicine
China2 Department of Biochemistry and Molecular Biology,is,Basic Medical Science of Tongji Medical College
Fibroblast markers,were detected by,immunohistochemistry
clinical trials,So far considered as,most robust biomarker
systemic i.v. infusion,Similarly reduced,NCI H460 tumor volume
Fig. Gefitinib treatment,transcriptionally induces interferon response hallmark pathways in,human HNSCC cell lines
Immunotherapy,are highly immunogenic with,PD L1 expression found in up to 60 % of HNSCC
diagnostic biopsy,revealed,differentiated cell carcinoma of penis
Pembrolizumab,is,IgG4 antibody consisting of affinity mouse anti-PD-1-derived region
Department of Obstetrics and Gynecology,is,Osaka Medical College
Radiosurgery Society,Center ’s,St. Mary ’s Medical Center
Department of Biomedical Statistics and Bioinformatics,is,Kyoto University Graduate School of Medicine
predictive biomarkers,select treatment strategy Compared,prognostic biomarkers
our hospital,being,thoracic centre
Graduate Institute of Life Sciences,is,National Defense Medical Center
Tumour growth kinetics,was largely heterogeneous except,meningioma group
T cells,can potentiate,anti-tumor T cells
Medical Radiation Physics,Department of,Department of Radiation Physics and Department of Medical and Health Sciences
ESCC cell line TE 1 cells,were obtained from,Cell Bank for Biological Sciences
computed patient study file,was registered with,study approved by Institutional Review Board for Respiratory Medicine
Background Cisplatin,is used as,key drug
Background Anti-fibrotic drugs,have,have developed for treatment of fibrosis
primary cutaneous AC,is with,neuroendocrine differentiation
Department of Internal Medicine,is,Seoul National University College of Medicine
Demographic variables Patients demographic variables,were retrieved from,SEER database including sex
Graduate Institute of Life Sciences,of Institute is,Academia Sinica
Thoracic surgeon,is familiar with,use of ECMO
FL USA Department of Medicine,is,Duke University School of Medicine
Pembrolizumab,is,humanized IgG4 antibody consisting of affinity mouse anti-PD-1-derived region grafted with Fc region
Chinese Medicine,Department of,Department of Pharmacology
Department of Internal Medicine,is,Chonnam National University Medical School
radiotherapy,be related to,improved survival in patients with specific types of metastatic cancers
Metabolomic studies,allow for,simultaneous analysis in given biological sample
Background Pancreatic resection,are tools in,multidisciplinary treatment of ductal adenocarcinoma
Methods Clinical tissue samples HNSCC tissue samples,were obtained from,patients in Department of Otorhinolaryngology
Pembrolizumab,is,humanized monoclonal IgG4 anti-PD-1 antibody consisting of high affinity mouse anti-PD-1-derived variable region grafted with engineered Fc region
Della Vittoria Scarpati G Falcetta F Carlomagno C Ubezio P Marchini S De Stefano A specific miRNA signature,correlates with,response to chemoradiotherapy in advanced cancer Int J Radiat Oncol Biol Phys 2012 83 1113 1119
BxPC3 cells,reacted sensitively to,treatment with FWGE
Fudan University Shanghai Cancer Center,is,Department of Oncology
EBUS TBNA procedure,was,performed by same experienced endoscopic physician for patients
Pembrolizumab,is,IgG4 anti-PD-1 antibody consisting of affinity mouse anti-PD-1-derived region
T regulatory cells,of role is,Immunology
His past medical history,was remarkable for,total knee replacement
Pembrolizumab,is,humanized IgG4 anti-PD-1 antibody consisting of affinity mouse variable region grafted onto human IgG4 immunoglobulin molecule
Primary Sjögren ’s syndrome,is,in primary Sjögren ’s syndrome chronic disorder characterized by infiltration of exocrine glands
ERK1 2 polyclonal antibody,was provided by,Santa Cruz Biotechnology
Pembrolizumab,is,humanized monoclonal IgG4 antibody consisting of high affinity mouse variable region grafted onto IgG4 immunoglobulin molecule with engineered Fc region for stabilization
umbilical vein cells,were transfected with,DC based TFAP2B siRNA
anti-CTLA-4 antibody ipilimumab,is in,clinical trials for treatment
Four UM SCC cell lines,test,effect on tumor growth on CAM on metastases
Department of Endoscopy,is,Gastrointestinal Endoscopy Division
SKOV3 cells,were,treated with JAKi as agent in combination
Quantitative real time transcription polymerase chain reaction,extract RNA from,A549 cell lines
Department of Neurology,of Department is,Fourth Hospital of Harbin Medical University
Department of Gastrointestinal Surgery,Department of,Department of Oncology
"School of Medicine , College of Medicine",is,China Medical University
biomarkers,are,In addition with development of biopsy of cancer diagnosis urgently needed for large scale studies
our ddPCR assay,may,Moreover with rising prevalence of HPV related OPSCC may mode of high risk patient groups
Huang stimulated TGF beta1 expression,is,regulated by protein kinase in mesangial cells Kidney Int
Australia Department of Surgery,is,Monash Medical Centre
radiotherapy,are tools in,multidisciplinary local treatment of adenocarcinoma
Pembrolizumab,is,IgG4 anti-PD-1 antibody consisting of high affinity mouse anti-PD-1-derived variable region grafted with engineered Fc region for stabilization
Endobronchial biopsy,has,has used for diagnosis of lung disease for over 40 years
"Department of Medicine , School of Medicine",is,University of Colorado Anschutz Medical Campus
SHP77 cell lung cancer xenograft model,investigate,anti-tumor activity
Public Health Sciences,is,Fred Hutchinson Cancer Research Center
USA Departments of Genetics,is,Louisiana State University Health Sciences Center
Bevacizumab,was,FDA approved antibody
Laparoscopic right hemicolectomy,was performed following,oncologic principles with bloc resection
CRBP expression levels,correlated with,TSCC patient survival rates
cetuximab radiation interaction,is in,STAT 3 knockdown cells
computed tomography,is,well established imaging modality
Cells,were incubated with,labeled anti-MAGE-A1 antibody
DCE MRI,has,has determined as useful tool for diagnosis of tumors in head
Kangnam Sacred Heart Hospital,is,Hallym University College of Medicine
CCR2 cells,introduced,powerful potential of cell specific molecular imaging techniques for diagnosis of lung IRI
Pembrolizumab,is,cancer immunotherapy
Pembrolizumab,is,humanized IgG4 antibody consisting of high affinity mouse anti-PD-1-derived region grafted
Pembrolizumab,is,humanized monoclonal IgG4 anti-PD-1 antibody consisting of high affinity mouse anti-PD-1-derived region grafted
Physical Medicine and Rehabilitation,is,Department of Clinical Neurosciences
National Clinical Research Center for Cancer,for Center is,Clinical Research Center for Cancer
Department of Radiology,is,Xinhua Hospital
Pembrolizumab,is,IgG4 anti-PD-1 antibody consisting
mitochondrial genome,has characteristics As,source of DNA
miRNAs,were also abundant in,miRNAs
Bocca P Di Carlo E Caruana tumor vasculature remodelling,improves tumor infiltration in,human neuroblastoma model
serum diagnostic model,was established by,combining BME cytokines
Department of Radiology and Radiation Oncology,is,Kitasato University School of Medicine
radiation oncology,was,since medical specialty
Bevacizumab,was,FDA approved anti-VEGF antibody
Pembrolizumab,was,approved by FDA for treatment of patients
Malabar Cancer Centre,is,tertiary care hospital situated in district in North Kerala
Department of Medical Imaging,of Department is,Southern Medical University
PD inhibitor nivolumab,was combined with,CTLA -4-inhibitor ipilimumab in NSCLC patients
Edouard Herriot Hospital,Center of,Center of Genetics
Uterine corpus involvement,is predictor in,cancer J Gynecol Oncol 2008 19 181 184
Department of Molecular Bases of Medicine,of Department is,Poland Department of Chest Surgery
Department of Chest Medicine,is,Créteil University Hospital
driven biomarkers,guide,checkpoint blockade in cancer therapy Nat Rev Cancer
Computed tomography,revealed density area without,evidence of tumor of upstream pancreatic duct
epidermal growth factor receptor,is,As cell membrane receptor highly expressed in types of cancer
Shanghai Pulmonary Hospital,is,Tongji University School of Medicine
Pembrolizumab,is,humanized monoclonal IgG4 antibody consisting of high affinity mouse variable region grafted onto IgG4 immunoglobulin molecule with Fc region
Alliance for Clinical Trials,is in,Oncology
State Key Laboratory of Genetic Engineering and Ministry of Education Key Laboratory of Contemporary Anthropology,of Laboratory is,China Center for Genetic & Genomic Analysis
Basic Medical Sciences,of College is,China3 Department of Histology and Embryology
immunological TME,is in,brain
Pancreatic stellate cells,are,producing cells in TME
EGFR antibody cetuximab,is,monoclonal antibody
human IgG4 monoclonal antibodies,approved as,line therapy metastatic HNSCC US FDA
Cell line A549,was purchased from,Shanghai Institute of Materia Medica
medicine,is,used clinically
Liang H Liu X Wang M Immunotherapy,combined with,growth factor receptor tyrosine kinase inhibitors in non-small-cell lung cancer treatment Onco Targets Ther 2018 11 6189 6196
prognostic biomarkers,should incorporate,features of tumor
Pembrolizumab,are,IgG4 anti-PD-1 antibodies approved as line therapy for metastatic HNSCC
Pembrolizumab,is,IgG4 anti-PD-1 antibody consisting of affinity mouse anti-PD-1-derived region grafted
tracheal cells,were stained,specific marker CD45
Siolas D Hannon GJ tumor Xenografts,transforming clinical samples into,mouse models Cancer Res 2013
National Comprehensive Cancer Network guidelines,currently recommend,systemic chemotherapy
Genetic based synthetic lethal therapy,are,Currently targeted at activated oncogenes
Medical Genetics,Department of,Otorhinolaryngology
Medical writing support,was provided by,full time employee of Medtronic
clinical predictors,however associated with,successful bronchoscopy
Stem Cell Transplantation Research Center,is,"Department of Molecular Medicine , School of Advanced Medical Technologies"
miRNAs,are,are increasingly used as therapies
World Health Organization,also classified IMA as,adenocarcinoma subtype
Department of Radiology,of Department is,Shanghai Medical College
PD inhibitor nivolumab,was combined with,CTLA -4-inhibitor ipilimumab in advanced NSCLC patients
Pembrolizumab,is,is tested in combination with bevacizumab in patients with GBM
Department of Gynecologic Oncology,School of,Sungkyunkwan University School of Medicine
Department of Oncology,is of,TCM Prevention and Treatment of NSCLC
term medicine,established in,medical discourse
Cogle CR cell,derived,support of acute myeloid leukemia targeted
8227 leukemic cell line,was derived from,primary AML with consent from donor
Pembrolizumab,is,humanized monoclonal IgG4 anti-PD-1 antibody consisting of high affinity mouse region grafted with Fc region for stabilization
in MTE,is,medicine used
Pembrolizumab,is,IgG4 anti-PD-1 antibody consisting of affinity mouse variable region grafted with engineered Fc region for stabilization
Background Pancreatic resection,are powerful tools in,multidisciplinary local treatment of ductal adenocarcinoma
HRM MAF titration,was,conducted by MAF in mixed DNA sample from 10 % to 0.005 % in total DNA concentration assay
phase II clinical study,using,radiotherapy
Pembrolizumab,is,humanized monoclonal IgG4 anti-PD-1 antibody consisting of high affinity mouse anti-PD-1-derived variable region grafted with Fc region for stabilization
Tianjin Key Laboratory of Medical Epigenetics,is,Department of Biochemistry and Molecular Biology
T cells,promoting,protumor function of TAMs
human oral mucosal tissue protein,was,purchased from BioChain as control
HNSCC xenograft model,was,developed by subcutaneous transplantation in mice
Microbiology,of Division is,Department of Clinical Sciences
medical radiotherapy,are,main treatment options for patients combined with superior vena cava syndrome
Department of Medical Research,School of,"Department of Public Health , School of Public Health"
Pembrolizumab,is,is currently tested in combination with bevacizumab in patients with GBM
Affiliated Cancer Hospital of Zhengzhou University,is,Henan Cancer Hospital
serum miRNAs,associate with,response to EGFR TKIs in NSCLC
Chest tomography scan,revealing,endobronchial massive shadow associated with atelectasis of right lobe
CRISPR Cas9 system usage,is in,human cells
PCR enzyme immunoassay,enables,identification of HPV 16
Cetuximab,received,FDA approval for use in HNSCC
Critical Care Medicine,is,Seoul National University College of Medicine
Sun Yat sen University Cancer Center,is,largest cancer hospital
Department of Oncology,Center for,National Translational Science Center for Molecular Medicine
peri-tumoral response,represents,T cell response in CRC
Department of Radiation Oncology,of Department is,MD Anderson Cancer Center
Thoracic surgeon,is more familiar with,use in era of lung transplantation
Respiratory Medicine,of Department is,China Department of Paediatrics
HSC6 cells,were,purchased from Tongpai Biotechnology
tissue protein,was purchased from,BioChain
Multiplex immunohistochemistry,results in,- CCRT samples
miRNAs,have of,have particular interest in cancer research as modifiers
MRI,Furthermore was presented superiority,indicated for stage diseases
PD 1 inhibitor nivolumab,was combined with,CTLA -4-inhibitor ipilimumab in NSCLC patients
Department of Molecular Medicine & Pathology,is,Faculty of Medical and Health Sciences
Pembrolizumab,is,humanized monoclonal IgG4 anti-PD-1 antibody consisting of high affinity mouse anti-PD-1-derived region grafted with Fc region
biomarkers,are needed with,development of liquid biopsy of cancer diagnosis
specific shRNA,Conversely was expressed in,UM SCC 14A cells
TRIM2 knockdown treatment,However could promote,protein expressions of E-cadherin
outcome Cardiopulmonary fitness Cardiopulmonary fitness,will,will determined by cardiopulmonary exercise test gold standard measure
College of Clinical Medicine of Henan University of Science and Technology,of College is,China Department of Oncology
clinical records,diagnosed with,primary NSCLC
Drug Brand name Manufacturer Targets Applications,Approved,Selpercatinib Retevmo Eli Lilly Metastatic RET NSCLC
Medical Science Laboratory,Hospital of,Fourth Affiliated Hospital of Guangxi Medical University
Conclusion HNSCC cell line xenograft growth,can,can effectively assessed in manner consistent with mouse xenograft assays
PDAC cell line PC013,was propagated from,PDAC tumor tissue biopsies
UM SCC cell lines,test,effect on CAM on metastases to liver
TKI therapy,duration of was,afatinib group
Maffettone C Chen G Drozdov Ouzounis C Pantapoulos K Tumorigenic properties,mediated by,its specific 73 amino acids
Department of Radiation Oncology,is,Hannover Medical School
Princess Margaret Cancer Centre,Department of,Department of Medical Biophysics
Pembrolizumab,is,humanized monoclonal IgG4 antibody consisting of affinity mouse anti-PD-1-derived variable region grafted with engineered Fc region
randomized study J Clin Oncol,Am,Soc Clin Oncol
Bevacizumab,was,first FDA approved anti-VEGF antibody
appendiceal intussusception,of cases is,one case of appendiceal tethering to ovarian cyst
miRNAs,interact,to participate in cancer biology
primary assay used,is,NCI 60 cell line screen
Pembrolizumab,is,monoclonal IgG4 anti-PD-1 antibody consisting of affinity mouse region
based synthetic therapy,are,Currently directly targeted at oncogenes
Pembrolizumab,is,IgG4 antibody consisting of affinity mouse region
MSCs,differentiate into,tissue cells
Medical Oncology,of Division is,"University of Colorado , School of Medicine"
Thiel E Functional CCR9 expression,is associated,Journal of investigative dermatology
"Epidemiology , School of Public Health",is,China Medical University
clinical significance,However requires,investigation through application as integral biomarkers in clinical trials
Doppler echocardiography,was,used to measured left ventricular ejection fraction
anti-CTLA-4 antibody ipilimumab,is in,currently clinical trials for treatment of NSCLC
Discussion Radiotherapy,has,has used as only therapeutic option for patients with locally advanced cervical cancer in past
Programmed cell death protein 1,is,cell surface receptor
Cells,were cultured in,FBS supplemented with 100 U mL penicillin
Department of Pathology,of Department is,Harbin Medical University
miRNAs,affect number in,case of miR 92a suppression in breast cancer
diagnostic biomarkers,are urgently needed with,fast development of biopsy
Pembrolizumab,is,is tested in combination with bevacizumab with guided laser ablation in patients
medical monitor,provide,medical review of pre-specified adverse events in support
Pembrolizumab,is,humanized monoclonal IgG4 anti-PD-1 antibody consisting of affinity mouse anti-PD-1-derived region grafted onto human IgG4 immunoglobulin molecule with Fc region for stabilization
Pembrolizumab,is,IgG4 anti-PD-1 antibody consisting of affinity mouse anti-PD-1-derived variable region grafted with Fc region for stabilization
Human monocytes isolated,were,induced with 20 ng ml for 5 days with presence of MSC EV
miRNAs,represent,functional similarities between miRNAs
biomarkers,are,with fast development of biopsy urgently needed for scale studies
medial laparotomy,was,performed with surgical resection of anterior area with nephrectomy
Research Neoadjuvant chemoradiotherapy,followed by,transanal mesorectal excision assisted for lying rectal adenocarcinoma
Immunohistochemistry assay Tissue microarrays,was,obtained from Tissue Pathology Core at Vanderbilt University Medical Center
numerous biomarkers,are under,currently clinical evaluation for treatment of cancer
Materials Tumor samples,were obtained from,139 patients with LUSC between November 2014
Department of Chronic Non-Communicable Diseases Prevention,Center for,National Cancer Center / National Clinical Research Center for Cancer / Cancer Hospital
European Organization for Research and Treatment of Cancer,Institute of,National Cancer Institute of Canada J Natl Cancer Inst
Pembrolizumab,is,monoclonal IgG4 anti-PD-1 antibody consisting of affinity mouse anti-PD-1-derived variable region grafted onto IgG4 immunoglobulin molecule with Fc region for stabilization
clinical significance,requires,investigation through application as biomarkers in clinical trials
miRNAs,are,are applied as prognostic biomarkers in setting of clinical trials
clinical trials,So far considered tumor PD L1 expression as,most robust biomarker
Dental Disease Research Center,University of,Zahedan University of Medical Sciences
Heidelberg University Hospital,is,"University of Antwerp , Faculty of Medicine and Health Sciences"
anti-cancer drug efficacy,elucidate,biomarkers
USA3 Department of Medicine,is,Vanderbilt University School of Medicine
Human mesenchymal stem cells,manage,oxidative stress Stem Cells
Bioinformatics,cnns for,false positive reduction in pulmonary nodule detection IEEE Trans Biomed Eng 2017
Bayes tree,was,As result most powerful model for diagnosis
MIR10B gene,was,For stable expression in RDEB KCs cloned into pMX IRES Blasticidin vector
Mammalian mitochondria,are usually depicted,cylindrical particles originated through endosymbiosis
three cell lines,exhibited,EC50 values for gemcitabine similar to cell lines
Biological Sequence Analysis,for Center is,Dana - Farber Cancer Institute
Department of Laboratory Medicine,Department of,Laboratory Medicine
Pembrolizumab,are,human IgG4 monoclonal antibodies approved as second line therapy for metastatic HNSCC by US FDA
Radiation Biology and Tumor Physiology,of Group is,Norwegian Radium Hospital
Department of Nuclear Medicine,is,Busan Seongso Hospital
Respiratory Medicine,of Department is,Nagasaki University School of Medicine
Department of Pathology,of Department is,Tisch Cancer Center Mount Sinai Health System
Schneider J Tumor markers,is in,detection of lung cancer Adv Clin Chem 2006
Human endothelial cells,were purchased from,ScienCell Research Laboratories
Department of Medical Imaging,Department of,Department of Oncology
Immunohistochemistry,using,anti-G9a antibody from GeneTex
Cells,incubated overnight with,primary antibody against p STAT3
National Center for Radiation Research in Oncology,is,Faculty of Medicine and University Hospital
Sun Yat - sen University Cancer Center,Center for,Collaborative Innovation Center for Cancer Medicine
Discussion Radiotherapy,has,has used as therapeutic option for patients with locally advanced cervical cancer
Department of Urology,is,Tainan Hospital
Cells,were washed on,LSRII flow cytometer
NLRP3 inflammasome,was,demonstrated as regulator of tumorigenesis in liver cancers
Tianjin Key Laboratory of Radiation Medicine and Molecular Nuclear Medicine,is,Institute of Radiation Medicine
PRMT overexpression,has,has implicated in human cancers
MY Clinical findings,is in,patients with possible usual interstitial pneumonia Respir Med
Pharmacology Central London,drastically suppresses tumor growth in,cancer Xenograft model
Bronchoscopy,identified mass in,upper lobular bronchus
Department of Biochemistry,is,Amrita School of Medicine
SKOV3 cells,were,incubated with combination at JAKi gefitinib ratios
Cobimetinib Cotellic Genentech Inc MEK1 2,is with,Combined vemurafenib for BRAF V600E K advanced melanoma 2015
Mirnezami R Mehta AM Chandrakumaran K Cecil T Moran BJ Carr N Cytoreductive surgery,improves survival compared,systemic chemotherapy
Cancer Epidemiology and Genetics,is,National Cancer Institute
human oral cells,were,kindly provided by Key Laboratory of Stomatology
Department of Biochemistry and Molecular Biology,Department of,China2 Department of Biochemistry and Molecular Biology
effective prognostic biomarkers,should ideally incorporate,features of tumor leading to assessment of tumor biology
biomarkers,are,In addition with development of liquid biopsy of cancer diagnosis urgently needed for scale prospective studies
Computed tomography,is,main imaging modality for lung lesions based on morphological characteristics
PDAC cells,were,For ChIP assay treated with 1.0 μm Nic for 12 h
Department of Radiology,is,Virginia Commonwealth University Health System
biomarker panel,shows,improved sensitivity for detection of cancer
Pembrolizumab,is,humanized IgG4 anti-PD-1 antibody consisting of affinity mouse anti-PD-1-derived variable region grafted onto human IgG4 immunoglobulin molecule with Fc region for stabilization
Kaohsiung Chang Gung Memorial Hospital and Chang Gung University College of Medicine,of College is,Taiwan Department of Hematology - Oncology
HRM MAF titration,was,conducted by MAF in DNA sample from 10 % to 0.005 % in increasing DNA concentration assay from 0.25 ng μl
HRM MAF titration,was,conducted by MAF in mixed DNA sample in increasing total DNA concentration assay
systemic chemotherapy,is,Although mainstay treatment
Department of Pathology,of Department is,University Hospital of South Manchester
Tumor mice model construction BALB c nude mice,were purchased from,Beijing Laboratory Animal Research Center
transplantable murine colon cancer induced ICD,augmented,T cell function
Uonuma Institute of Community Medicine,is,Niigata University Medical and Dental Hospital
Xenografted tumor model in BALB c mice,were purchased from,Center of Experimental Animal of Guangzhou University
Yue J Yu Z Tumor marker index,is significant prognostic factor for,patients with cell carcinoma Cancer Biomark Sect A Disease
Pembrolizumab,is,is tested in combination with bevacizumab with guided laser ablation
Department of Surgery,of Department is,Japan Department of Surgery
Department of Otorhinolaryngology,of Department is,Guangzhou Medical University
physiologic role,has,has far described in hair follicle stem cells
Department of Medical Imaging,of Department is,Department of Oncology
18F FAMT PET CT studies,are always performed at,our hospital
Department of Biochemistry and Molecular Biology,is,University of Nebraska Medical Center
human IgG4 anti-PD-1 monoclonal antibodies,approved as,line therapy HNSCC US FDA
our miRNAs,were proved,miRNAs
Methods Patient characteristics SBRT,was delivered at,Tianjin Medical University Cancer Institute
HNSCC cell lines,thereafter treated with,cetuximab
Pembrolizumab,is,humanized monoclonal IgG4 antibody consisting of high affinity mouse variable region grafted with Fc region for stabilization
Biochemical markers,is in,oral cancer Biomed Res
HRM MAF titration,was,conducted by MAF in DNA sample from 10 % to 0.005 % in increasing DNA concentration assay from 0.25 ng
Department of Medical Oncology,of Department is,Australia Department of Pathology
Department of Medicine,is,Samsung Medical Center
miRNAs,drive hallmarks through,regulation of miRNAs
Terry Fox Foundation Strategic Health Research Training Program in Cancer Research,is at,Canadian Institute for Health Research
medical monitor,provide,medical review of adverse events in support
miRNAs,are,In view considered as potential novel targets for anti-cancer therapies
targeted antibody drug conjugate,eradicates,high grade neuroendocrine cells
SKOV3 cells,were,incubated with combination of JAKi at JAKi gefitinib ratios
IHC staining score,was,For Vim evaluation classified by area of positive staining stroma
T cells,has shown promise in,especially B cell leukemia with CAR T cells
stromal cells,enhances surgery in,patient derived orthotopic xenograft
Primary Sjögren ’s syndrome,is disorder characterized in,primary Sjögren ’s syndrome
Athymic 4 week old BALB c nude mice,were purchased from,SLAC Laboratory Animal Co.
Italy Department of Medical and Surgical Sciences,Department of,Experimental Medicine
Immunohistochemistry,is in,PDAC tissue
Research Radiotherapy,combined with,gefitinib for patients with advanced non-small cell lung cancer
serum BME cytokines,were,In study measured in lung cancer patients
Transcriptome sequencing,identifies,lincRNA implicated in disease progression Nat Biotechnol 2011 29 742 749
Pembrolizumab,is,humanized monoclonal IgG4 anti-PD-1 antibody consisting of affinity mouse variable region
clinical data,were collected retrospectively as,data from existing EMRs
Methods Pancreatic adenocarcinoma samples,were collected by,Department of Hepatobiliary
Pretreatment epidermal growth factor receptor T790M mutation,predicts,EGFR tyrosine kinase inhibitor response duration in patients with lung cancer J Clin Oncol
Institute of Pathology,of Institute is,Medical Oncology
Chinese Academy of Medical Sciences2016ZX3101782018PT32012Xue Liyan Non-profit Central Research Institute Fund,is of,Chinese Academy of Medical Sciences
blood plasma miRNAs,further clarify,origin of miRNAs
Cogle CR Endothelial cell,derived,angiocrine support of leukemia targeted
diagnostic biomarkers,are needed with,development of liquid biopsy
PD gene,be,used as markers for distinguishing between stages of lung adenocarcinoma in Northeast Han population
Otolaryngology,Hospital of,First University Hospital of China Medical University
p53 special inhibitor pifithrin α,blocked,effect of BBR
Schneider G Bryndza E Abdel Latif Ratajczak J Maj M Tarnowski M Bioactive lipids S1P,are prometastatic factors in,human rhabdomyosarcoma
biological data,coupled with,data from melanoma
Genetic based synthetic lethal therapy,are,targeted at oncogenes
Department of Pathology,Department of,Department of Pathology
Pemetrexed transplantable colon cancer induced ICD,augmented,T cell mitochondrial function
Katoh M Therapeutics,Targeting,FGF Signaling Network in Human Diseases Trends Pharmacol Sci
Department of Biostatistics & Data Science,is,University of Kansas Medical Center
Athymic 4 week old BALB c nude mice,were,in mice purchased from SLAC Laboratory Animal Co. Ltd.
"Kapodistrian University of Athens , School of Medicine",is,Attikon University Hospital
Predictive biomarkers,are practice with,modern therapies like anti HER2
clinical trials,have,for colorectal adenocarcinoma have performed
Department of Medical Oncology,Department of,Australia Department of Cancer Biology
Pembrolizumab,is,humanized IgG4 anti-PD-1 antibody consisting of affinity mouse region grafted with Fc region
APC gene,encodes,large protein with cellular functions
"Graduate Institute of Medicine , College of Medicine",of Institute is,Kaohsiung Medical University
Targeted sequencing,reveals TP53 as,potential biomarker in post-treatment surveillance of head cancer
Tumor Mutational Burden,has emerged as,promising novel biomarker
Primary Tumors,show,KRAS Mutations Sci Rep
medical imaging,are methods for,clinical diagnosis leading eventually
Department of Bioinformatics and Computational Biology,is,UT MD Anderson Cancer Center
Pembrolizumab,are,IgG4 anti-PD-1 monoclonal antibodies approved
epidermal growth factor receptor tyrosine kinase inhibitors,have,In past few decades have most commonly used as targeted therapy
Yang D Shi J Fu H Wei Z Xu J Hu Z Integrinβ1,serves as,factor in pancreatic adenocarcinomas Tumour Biol 2016 37 12315 12327
Della Vittoria Scarpati G Falcetta F Carlomagno C Ubezio P Marchini S De Stefano A specific miRNA signature,correlates with,response to chemoradiotherapy in rectal cancer Int J Radiat Oncol Biol Phys 2012 83 1113 1119
labelled streptavidin biotin technique,is with,monoclonal antibody PC10
anti-tumor activity,is dependent on,I presentation of specific peptides
clinical significance,requires,investigation through application as integral biomarkers in clinical trials
Department of Cancer Epidemiology and Prevention Research,is,"CancerControl Alberta , Alberta Health Services"
Thiel E Functional CCR9 expression,is associated,Journal of dermatology
Bioinformatic analysis,reveals,pattern of associated gene expression specific to breast cancers in human tumors Proc
Cells,were analyzed on,BD LSRII equipped with throughput sampler
Tianjin Medical University Cancer Institute & Hospital,is,National Clinical Research Center of Cancer
stage lung cancer xenograft models,determine,anti-tumor effect of DNT cells
organ treatments,followed by,radiotherapy
Malabar Cancer Centre,is,tertiary care hospital under Department situated in district of Kannur in North Kerala
Human umbilical vein endothelial cells,were transfected with,DC based TFAP2B siRNA
Human lung epithelial cell line BEAS 2B,was obtained from,Cell Bank of Chinese Academy of Science
"Department of Biochemistry and Molecular Biology , College of Medicine",Department of,Otolaryngology
MRI,showed,metastases of PDAC
SC USA Department of Pathology,is,Medical University of South Carolina
Several biomarkers,identify,characteristics of lung cancer stem cells
Department of Radiation Oncology,is,Radboud University Medical Center
AKT inhibitor AZD5363,is active in,PI3KCA mutant cancer
our medical records system,identify,men treated for penile SCC at Yunnan cancer hospital in China
"2018 China Icotinib Model 73,400 patients",is with,advanced NSCLC
Paclitaxel transplantable murine ovarian cancer,induced,transplantable murine breast cancer TAM
programmed genome editing,is in,human cells
Cetuximab sublines Cell lines,were treated with,increasing cetuximab concentrations
Medical Radiation Physics,Department of,Department of Oncology
USA Department of Bioinformatics and Computational Biology,is,The University of Texas MD Anderson Cancer Center
effective prognostic biomarkers,Therefore should ideally incorporate,features of tumor leading to comprehensive assessment of tumor biology
Segal Cancer Center,is,Lady Davis Institute for Medical Research and Gerald Bronfman Department of Oncology and Departments of Biochemistry
SCC4 cell line,is with,HOXA9 inducible expression construct
Yue J Yu Z Tumor marker index,is significant prognostic factor for,patients with resectable esophageal squamous cell carcinoma Cancer Biomark Sect A Disease
Tumor type cases,Histopathologically confirmed,cases tumors Gastric cancer 6 6 Colon cancer 2 2 Thyroid cancer 1 1
medial laparotomy,was,performed with resection of rectal area with left nephrectomy
School of Health Management / Public Health,of School is,Tumor Radiotherapy Center
pembrolizumab,have shown,clinical efficacy in HNSCC
primary antibody,was used followed,treatment with Leica Bond Kit
cytopathological features,determined by,two cytopathologists
Cetuximab,is,only biological agent approved
clinical trials,have reported HRQoL Given,importance of HRQoL
High intra-tumoral IGHG4 expression levels,were associated with,better prognosis for LUAD cohort
BM,developed,BM developed
BH3 profiles,be,associated with treatment response to nCRT in esophageal cancer to serve as basis
Nakata B Takashima T Ogawa Y Ishikawa T Hirakawa K Serum,is,useful tumour marker
Ultra-deep targeted sequencing,identifies,prognostic gene signature Oncotarget
Drug Brand name Manufacturer Targets Applications,Approved,years Erdafitinib Balversa Janssen FGFR1 4 alterated advanced cancer
single agent gemcitabine,was,Despite its limited activity standard first line treatment for patients with advanced disease
based synthetic lethal therapy,are,Currently directly targeted at activated oncogenes
Uterine corpus involvement,is,predictor in cervical cancer J Gynecol Oncol 2008 19 181 184
MIB proliferation index,was markedly higher with,expression with CXCR4 expression
brain tissues,are,for Alzheimer disease more affected from disease
Department of Gastroenterology,is,Graduate School of Medicine
Pembrolizumab,is,is currently tested in combination with bevacizumab with guided laser ablation in patients
Department of Oncology,School of,Second Clinical School of Yangzhou University
radiotherapy,is superior to,radiotherapy in treatment of locally advanced anal cancer
Department of Radiation Oncology,is,Sunnybrook Health Sciences Centre
Medical Academy,is,Lithuanian University of Health Sciences
Thoracic Oncology,of Department is,Cancer Center
patient study file,was registered with,study approved by Institutional Review Board for Respiratory Medicine
Department of Molecular Pathology,is,Sun Yat - sen University Cancer Center
transgenic cyclin E expression,is in,ED 1 cells
biomarker discussed,may appear in,list for biofluid
Pembrolizumab,is,IgG4 antibody consisting of high affinity mouse region grafted with engineered Fc region for stabilization
Signature generation TCGA clinical data,were downloaded from,NCI ’s Genomic Data Commons
School of Basic Medical Sciences,is,Tianjin Medical University
First Affiliated Hospital of Fujian Medical University,is,Fujian Medical University Union Hospital
fat 1 transgenic model,been applied to,studies related to diseases
Kaohsiung Medical University Hospital,is,Kaohsiung Medical University
Primary tracheal cells,stained with,indicated antibodies
Radiation Oncology,of Department is,Maastricht University Medical Center
Western blot analysis,is in,three esophageal carcinoma cell lines
Rybak Wolf Stottmeister C Glazar P Jens M Pino N Giusti S Hanan M Circular RNAs,expressed,Mol Cell
Cancer immunotherapy,was chosen by,American Society of Clinical Oncology
biomarkers,are,with fast development of liquid biopsy of cancer diagnosis needed for large scale studies
miRNAs,are,As class of ncRNAs regarded as tool in PCa
immunological TME,response to,PD 1 antibody
Human lung adenocarcinoma cell lines,were,grown in DMEM
HPV 16 E6 oncogene,highlighted,functional role of E6 oncogene
Cancer Genome Atlas Research Network,performed,genomic analysis of 178 cell lung cancers
Biobanks,are considered as,important source for samples with clinical characterization
Gleason system,is prognostic factor in,radical prostatectomy
preoperative CRT,can,can performed in rectal SCC
T cells,is important after,primary surgery
Internal Medicine Research Unit,is,Medical Research Center Oulu
Department of Medical Oncology,of Department is,West China Medical School Sichuan University
Chevrollier Loiseau D ANT2 isoform,required for,cancer cell glycolysis J Bioenerg Biomembr 2005 37 307 316
Stem Cell Transplantation Research Center,University of,Tehran University of Medical Sciences
Medical Informatics Department,is,Geneva University Hospitals
Veterinary Pathology,of Department is,University of Medicine and Pharmacy
MUC16 CA125 antigen,is,serum marker for diagnosis of cancer
serum BME cytokines,had,diagnostic values for bone metastasis
EGFR antibody cetuximab,is only antibody Based,clinical relevance
multi-targeted kinase inhibitor,is with,proven activity in renal cell carcinoma
clinical correlation,are helpful for,correct diagnosis of IMT
Department of Biomedical Statistics and Bioinformatics,is,Kyoto University Graduate School of Medicine
USA David H. Koch Institute for Integrative Cancer Research,for Institute is,USA Institute of Medical Engineering and Science
human HEK293T cell line,grown in,DMEM supplemented with 10 % calf serum under 5 %
brain tissues,Finally are more affected for,Alzheimer disease
MUC16 CA125 antigen,is,used serum marker for diagnosis of ovarian cancer
Aurora kinase inhibition therapy,target,KRAS transformed cells
human papilloma virus,has,has recognized as factor for cervical cancer
HRM MAF titration,was,conducted by MAF in DNA sample in increasing DNA concentration assay
Medicine,XDepartment of,Oncology
TLR7 8 agonist imiquimod,may,For cold VSCC tumors may promising applied therapeutic agent
Kobayashi A Oxidative stress sensor Keap1,functions as,adaptor for based E3 ligase
Pembrolizumab,is,humanized monoclonal IgG4 antibody consisting of high affinity mouse variable region
BCL proteins,emerged with,especially development of BH3 mimetics
serum CYFRA 21 1 assay,has,In our department has routinely performed at initial workup after radiation based therapy
China2 Graduate School of Peking Union Medical College,is,Chinese Academy of Medical Sciences
Gastroenterology,of cDepartment is,Kanma Memorial Hospital
Primary HSNCC patient specimens,treated with,single agent cetuximab
Yue J Yu Z Tumor marker index,is prognostic factor for,patients with resectable cell carcinoma Cancer Biomark Sect A Disease
Human dosimetry imaging,is in,patients with suspected prosthetic joint infection Nucl Med Biol 2016 43 273 279
serum CYFRA 21 1 assay,has,In our department has performed at initial diagnostic workup after based therapy
T cells observed,is indicative of,biologically relevant immune process associated
Pembrolizumab,is,humanized IgG4 anti-PD-1 antibody consisting of high affinity mouse anti-PD-1-derived variable region grafted onto IgG4 immunoglobulin molecule
USA Division of Hematology - Oncology,is,Department of Medicine
biomarkers,is in,distinguishing PHC
Peripheral blood TCR repertoire profiling,may facilitate,stratification against melanoma Cancer Immunol Res
Respiratory Medicine,of Department is,Japan Department of Molecular Pathology
"Medical Biotechnology and Laboratory Science , College of Medicine",Department of,Department of Radiation Oncology
outcome Cardiopulmonary fitness fitness,will,will determined by cardiopulmonary exercise test gold standard measure
miRNAs,are associated As,biomarkers
Urologic Surgery,of Division is,MO USA Department of Radiology
Van Rooij N van Buuren MM Philips exome analysis,reveals T cell reactivity in,ipilimumab responsive melanoma JCO
based biomarkers,predict pCR after,SABR treatment with histopathological study on tumour as gold standard
pharmacologic properties,may contribute to,its potential anti-cancer activity
combined bortezomib,resulted in,cell killing effect in SAS human oral cancer cells
miRNAs,can change,expression of NKG2D immunoreceptor ligands
Roswell Park Cancer Institute experience,is with,extramammary Paget ’s disease Br J Dermatol 2000 10651695 4
diabetic severe immunodeficient xenograft model,reflects,clinical characteristics
targeted CCR2 cells,introduced,powerful potential of cell specific molecular imaging techniques for diagnosis of lung IRI
Lgr5 cells,be,origin of gastric carcinoma specifically in histotype
Inadomi K Kumagai H Arita S Tsuruta N Takayoshi K Mishima K Ota S Tanaka M Okumura Y Sagara K Bi-cytopenia,induced by,anti-PD-1 antibody for malignant melanoma
employing biomarkers,capture,only tumor features linked
fat 1 transgenic model,been widely applied to,studies related to diseases
serum elevated miR,was proved,promising diagnostic biomarker
systemic chemotherapies,become,treatment options for PDACs
Pingitore R Pepe S Basolo F Bevilacqua G growth factor receptor expression,correlates with,metastatic involvement in squamous subtype
Della Vittoria Scarpati G Falcetta F Carlomagno C Ubezio P Marchini S De Stefano A specific miRNA signature,correlates with,pathological response in locally advanced cancer Int J Radiat Oncol Biol Phys 2012 83 1113 1119
single agent gemcitabine,was,Despite its activity first line treatment for patients with disease
Paclitaxel transplantable murine cancer,induced,transplantable breast cancer TAM
Affiliation Department of Pathology,is,The University of Texas MD Anderson Cancer Center
"Department of Pediatrics , Division of Pediatric Oncology / Hematology",of Department is,Department of Biomedical Informatics
Department of Laboratory Medicine,of Department is,Fourth Affiliated Hospital of China Medical University
Research Neoadjuvant chemoradiotherapy,followed by,transanal total excision assisted by single port surgery for adenocarcinoma
Otorhinolaryngology,is,Department of Surgery
Department of Radiation Oncology,Department of,Department of Radiology
biomarkers,Therefore should ideally incorporate,features of tumor leading to assessment of tumor biology
Radiotherapy planning,was conducted with,Varian Medical Systems
Research Neoadjuvant chemoradiotherapy,followed by,transanal total excision assisted by port surgery for adenocarcinoma
Stem Cell,of Laboratory is,Guangzhou Institutes of Biomedicine and Health
Medicine,of Department is,PA USA Department of Pathology
serum CYFRA 21 1 assay,has,In our department has performed at initial diagnostic workup after therapy since 2005
Varian Medical Systems,fees from,Brainlab
Pembrolizumab,is,monoclonal IgG4 antibody consisting of affinity mouse anti-PD-1-derived region grafted
medial laparotomy,was,performed with resection simultaneously with left nephrectomy
Discussion Cardiac CT,offers,anatomical assessment of CAD comparable
Diagnosis BRPC,was,diagnosed via 16 - slice MDCT with pancreas protocol
Oncological Laboratory Research,Hospital of,Shantou University Medical College
Department of Laboratory Medicine and Pathobiology,Department of,Department of Clinical Biochemistry
Primary thymic neoplasms,showing,combined features of thymoma
Human H1299 cells,were transfected with,based TFAP2B siRNA
Department of Quantitative Health Sciences,is,Lerner Research Institute
Respiratory Medicine Department,is,Centre Hospitalier Luxembourg
Department of Pathology and Laboratory Medicine,of Department is,Kaiser Permanente Sacramento Medical Center
London lung cancer Group multicenter,randomized,clinical trial
Della Vittoria Scarpati G Falcetta F Carlomagno C Ubezio P Marchini S De Stefano A specific miRNA signature,correlates with,pathological response in advanced rectal cancer Int J Radiat Oncol Biol Phys 2012 83 1113 1119
IL gene,was,originally discovered by subtraction hybridization method by human melanoma cells to differentiation
Oral Medicine and Pathology,is,"Department of Human Biology and Pathophysiology , School of Dentistry"
targeted therapeutics,are,are clinically evaluated as promising option for cancer types
Human cells 16HBE,were kindly provided by,tumor Cell Library of Chinese Academy
specific shRNA,Conversely was expressed in,UM SCC 14A cells with endogenous expression
Department of Human Pathology,is,Juntendo University School of Medicine
Biochemistry,of cDepartment is,Shantou University Medical College
Chest computed tomography scan,revealing,endobronchial massive shadow associated with atelectasis of right lobe
MRI,showed metastases in,brain
National Cancer Center Institutional Review Board,is,Aichi Cancer Center Institutional Review Board
Medicine,of Department is,PA USA Department of Radiology
Hofman V Preoperative tumor cell detection,is,new prognostic biomarker
Human B7H1 PD L1 antibody,was purchased from,Santa Cruz Biotechnology
lung cancer risk classifier,measured in,bronchial cells
CAR T cell platforms,are under,active clinical trials for refractory myeloma
Department of Radiation Oncology,of Department is,The University of Texas M. D. Anderson Cancer Center
Breton CS Nahimana A Aubry D Macoin J Moretti P Bertschinger M A novel anti-CD19 monoclonal antibody,is with,high killing activity against B cell malignancies J Hematol
miRNAs,significantly deregulated in,radiochemotherapy cell culture model
Taiwan Department of Radiation Oncology,is,Kaohsiung Chang Gung Memorial Hospital and Chang Gung University College of Medicine
Radical esophagectomy,has,has acknowledged with importance for squamous cell carcinoma
B cell,is,one major class in immune systems
"Graduate Institute of Medicine , College of Medicine",of Institute is,Kaohsiung Medical University
CDK family inhibitor Dinaciclib,effect on,BIN1 c MYC interaction in NSCLC cells
serum elevated miR,was proved,to biomarker
Department of Otorhinolaryngology - Head & Neck Surgery,is,Sungkyunkwan University School of Medicine
Japan3 Department of Oncology and Medical Radiology,Department of,Russia5 Department of Oncology
Department of Pathology,is,Atatürk Chest Diseases and Chest Surgery Education and Research Hospital
Bae J Hideshima T Tai YT Song Y Richardson P Raje N Histone deacetylase inhibitor ACY241,enhances,anti-tumor activities of antigen specific central memory T lymphocytes
surgical status,underwent,percutaneous stenting
Department of Neurology,is,RWTH University Hospital
Uterine corpus involvement,is,predictor in uterine cervical cancer J Gynecol Oncol 2008 19 181 184
Respiratory Medicine,of Department is,China Department of Pathophysiology
Kisfalvi K Guha S Rozengurt E Neurotensin,induce stimulation by,duration of ERK signaling in cancer cells J Cell Physiol 2005
Murine model imaging BALB c nude mice,were provided by,Comparative Medical Center
Pembrolizumab,is,humanized monoclonal IgG4 antibody consisting of affinity mouse anti-PD-1-derived variable region grafted onto human IgG4 immunoglobulin molecule with Fc region for stabilization
Research Neoadjuvant concurrent chemoradiotherapy,followed by,transanal total excision assisted by port surgery for adenocarcinoma
Herbal Medicine Product Technology Division,is of,Biomedical Technology and Device Research Laboratories
MBT cells,were cultured overnight For,BrdU incorporation assays
Its biological role,has,has evaluated in pancreatic ovarian esophagus cancers
Taiwan2 Department of Internal Medicine,is,China Medical University Hospital
matricellular protein CCN1,enhances,SMAD3 dependent signaling in fibroblasts
Basic Biology,of Department is,Meiji Pharmaceutical University
Background Cisplatin,is used as,key anticancer drug for cancers
Pembrolizumab,are,human IgG4 anti-PD-1 antibodies approved as line therapy for metastatic HNSCC
Cancer Genome Atlas Clinical Explorer,translates data into,list of clinically relevant cancer drivers
MG132 treatment,appreciably increased,amount of STAT1 bound
Systemic treatment,is recommended by,guidelines of National Comprehensive Cancer Network
Brain metastases,are common site in,patients with SCLC
biomarkers,are,In addition with development of liquid biopsy of cancer diagnosis needed for scale studies
Yang D Shi J Fu H Wei Z Xu J Hu Z Integrinβ1,serves as,factor in adenocarcinomas Tumour Biol 2016 37 12315 12327
Department of Medical Oncology,of Department is,Collaborative Innovation Center for Cancer Medicine
National Cancer Institute,is,CTEP / NCI
Cancer Institute,School of,Zhejiang University School of Medicine
associated fibroblast thymic stromal lymphopoietin production,is in,pancreatic cancer J Exp Med 2011 208 469 478
gene expression profile GSE20347,was downloaded from,genomics database Gene Expression Omnibus
Pembrolizumab,is,humanized monoclonal IgG4 anti-PD-1 antibody consisting of affinity mouse anti-PD-1-derived region grafted onto human IgG4 immunoglobulin molecule with engineered Fc region
Genetic based lethal therapy,are,Currently directly targeted at oncogenes
based chemotherapy,was systemic therapy for,advanced NSCLC
Department of Medical Parasitology & Mycology,of Department is,Shiraz University of Medical Sciences
murine colon cancer induced ICD,also augmented,T cell function
Pembrolizumab,is,monoclonal IgG4 anti-PD-1 antibody consisting of affinity mouse variable region
m Western blot assay,evaluate,EMT relevant protein levels
medical imaging,are main methods for,clinical diagnosis
Medical Oncology,of Department is,Henan Cancer Hospital
lipidomics,providing,personalized therapies
Thrombosis Centre,Trust ’s,King ’s College Hospital NHS Foundation Trust
HRM MAF titration,was,conducted by MAF in mixed DNA sample from 10 % to 0.005 % of Ex19_std in total DNA concentration assay
Cogle CR Endothelial cell,derived,support of myeloid leukemia targeted by receptor tyrosine kinase inhibition Leuk Res
Center for Cancer Research,is,National Cancer Institute
antibody pembrolizumab,recently showed activity of,lenvatinib with anti-programmed cell death protein 1
miRNAs,are,are increasingly used as therapies as prognostic biomarkers
biomarkers,are practice with,modern targeted therapies
Cancer Institute,is,Fourth Military Medical University
Genetic based therapy,are,directly targeted at oncogenes
Department of Gastrointestinal Surgery,of Department is,Department of Molecular and Medical Pharmacology
Identified candidate drugs,can,can evaluated in PDX mice
Cell animal experiments clinical data confirmed,explore,role of CHAF1B on cisplatin resistance by NCOR2
MET gene,shows,expression level in group 1 of breast cancer samples than in group 2 breast cancer samples
Department of Oncology,of Department is,Shanghai University of Traditional Chinese Medicine
Department of Medical Oncology,of Department is,Peter MacCallum Cancer Centre
Taiwan Department of Otolaryngology,is,Kaohsiung Municipal Hsiao - Kang Hospital
Pembrolizumab,are,human IgG4 monoclonal antibodies approved as second line therapy for metastatic HNSCC
Taiwan Biobank,Of Purpose is,https://www.twbiobank.org.tw/new_web_en/index.php
Pembrolizumab,is,humanized IgG4 antibody consisting of high affinity mouse anti-PD-1-derived region
clinical treatment,should differ due,behaviour of rectal adenocarcinoma
Anti-VEGFR monoclonal antibodies,is,completely humanized monoclonal antibody
miRNAs,are,Specifically are applied as biomarkers
Vilnius University Hospital Santariskiu Klinikos,University of,Medical University of Warsaw
Clinical significance,is in,esophageal squamous cell carcinoma Tumour Biol 2014 35 1 651 657 10.1007 s13277
fRegional Institute of Oncology,of Institute is,Karolinska Hospital
five LUAD tissue samples,were,collected from Department of Thoracic Surgery
pre-coated Matrigel cells,were,For Transwell invasion assay placed in upper chambers of Transwell plates
Anti-VEGF monoclonal antibodies,is,anti-VEGF monoclonal antibody
Radiomics,used in,modern medical research
biomarkers,capture,tumor features
Pembrolizumab,are,IgG4 anti-PD-1 monoclonal antibodies approved as second line therapy for metastatic HNSCC
biological effects,are mediated via,binding to specific tyrosine kinase receptors
"Department of Internal Medicine , Division of Oncology",of Department is,USA Alvin J Siteman Cancer Center
tumor model BALB c mice,were purchased from,Center of Guangzhou University of Chinese Medicine
MNSC cell line,was used as,in model for sinonasal tumours
VEGFR targeting antibody ramucirumab,was,approved by Food Administration in United States for advanced gastric junction adenocarcinoma patients with progression
biofilm,constitutes,main etiological factor for prevalent diseases
Cancer Genome Atlas Research Network,performed,comprehensive analysis of 178 squamous cell lung cancers
HRM MAF titration,was,conducted by MAF in mixed DNA sample from 10 % to 0.005 % of Ex19_std in increasing total DNA concentration assay
Department of Internal Medicine,is,Rotterdam Transplant Group
Luciferase reporter gene vector,were co-transfected into,HEK293T cells
Institute of Public Health and Clinical Nutrition,of Institute is,Kuopio University Hospital
epidermal growth factor ligand,associated with,prognosis human cell carcinomas Oncol Rep 2008
CRISPR Cas9,is in,intestinal stem cell organoids of cystic fibrosis patients
Pembrolizumab,is,humanized monoclonal IgG4 antibody consisting of affinity mouse region
biomarkers,are,with fast development of biopsy of cancer diagnosis needed for scale prospective studies
Liang H Liu X Wang M Immunotherapy,combined with,epidermal growth factor receptor tyrosine kinase inhibitors in lung cancer treatment Onco Targets
Pembrolizumab,is,humanized monoclonal IgG4 antibody consisting of high affinity mouse region grafted onto IgG4 immunoglobulin molecule with Fc region
"Internal Medicine V , Department of Hematology and Oncology",is,Medical University Innsbruck
ECOG Eastern Cooperative Oncology Group,is,EMA European Medicines Agency
Institute of Biotechnology,of Institute is,Taiwan Department of Radiation Oncology
Zhang SE fibroblasts,contribute via,mediated paracrine miR 34a 5p EBioMedicine
IL 24 gene,was,originally discovered by subtraction hybridization method by exposing melanoma cells to differentiation
pembrolizumab,Moreover was approved for,first line treatment of NSCLC
intra-thoracic progression,was common in,European trial for ES SCLC patients
State Key Laboratory of Genetic Engineering and Ministry of Education Key Laboratory of Contemporary Anthropology,is,"Collaborative Innovation Center for Genetics and Development , School of Life Sciences and Institutes of Biomedical Sciences"
Pembrolizumab,is,humanized monoclonal IgG4 anti-PD-1 antibody consisting of high affinity mouse region grafted onto human IgG4 immunoglobulin molecule
Primary human tracheal cells,were stained marker CD45 for,epithelial specific marker CD326 EpCAM
Department of Genetics,of Department is,Nadu India Centre for Oncology
miRNAs,are,are applied as biomarkers in setting of clinical trials
Department of Gynecologic Oncology,is,Erasmus MC Cancer Institute
Clinical translation PARP inhibitors,are established in,treatment of mutated breast
Decis MakBMC Med,Inform,Decis MakBMC Medical Informatics Central London 41710.1186 s12911 -017-0417-5
Primary tracheal cells,were stained,specific marker CD45
Physiology Research Center,is,Kerman University of Medical Sciences
clinical staging system,separates cancer in,8th edition of American Joint Committee on Cancer
Department of Medical Parasitology & Mycology,University of,Shiraz University of Medical Sciences
Department of Pathology,is,Tohoku University Graduate School of Medicine
BTPS type 1,is in,keeping with McKusick ’s original description of Turcot syndrome with CMMRD spectrum disease
Department of Radiation Oncology,is at,Weill Cornell Medicine
Computed Tomography,documented in,laryngeal ventricle
based chemotherapy,is considered,key drug
MDSCs,were,increased after ES treatment
MTA - SE Cancer Progression Research Group,Institute of,Institute of Health and Biomedical Innovation
Department of Radiation Oncology,of Department is,German Cancer Research Center
Department of Medical Oncology,of Department is,Italy Department of Medical Oncology
Caspase 3/7 activity assay,was performed on,H1299 cells treated
Department of Anesthesiology,Hospital of,Affiliated Hospital of Qingdao University
Radical surgery,has,has mainstay of treatment
Department of Internal Medicine,is,Chungnam National University Hospital
Uonuma Institute of Community Medicine,is,Niigata University Medical and Dental Hospital
Department of Radiology,is,Okayama University Hospital
Oncology Research Initiative,Division of,Medical Oncology
employing single biomarkers,capture,tumor biological features linked
MTT assay,investigate,effects of miR 126 on cell proliferation in esophageal cancer
stress response gene,is,involved in CTSL expression regulation under genetic stress conditions in carcinoma cells
novel nonobese diabetic severe combined immunodeficient xenograft model,reflects,important clinical characteristics of disease Cancer Res 2007 67 8653 8661 10.1158 0008 5472.CAN -07-1198
Department of Pathology,is,Konkuk University School of Medicine
Pembrolizumab,is,humanized monoclonal IgG4 anti-PD-1 antibody consisting of high affinity mouse region grafted with Fc region
Chest computed tomography scan,revealing,endobronchial shadow associated with atelectasis of upper lobe
A549 NSCLC cells,are sensitized to,epigenetic anticancer drugs
Radical esophagectomy,has,has acknowledged with paramount importance in therapy for cell carcinoma
growth factor receptor tyrosine kinase inhibitors,have,In past decades have most commonly used as targeted therapy
Department of Oncology,of Department is,China Department of Medicine
Biologia Experimental de Cuyo,is y of,Instituto de Medicina
Shanghai Institute of Biochemistry and Cell Biology,Center for,Collaborative Innovation Center for Cancer Medicine
Pulmonary Medicine,of Department is,Graduate School of Medicine
Tehran University of Medical Sciences,Institute of,Cancer Institute of Iran
next generation TRK kinase inhibitor,overcomes resistance to,TRK kinase inhibition in patients with TRK fusion positive solid tumors Cancer Discov
Shanghai Jiaotong University School of Medicine,Department of,Department of Oncology
Chan JY Yeoh KG Quek T Ito K Salto Tellez M Molecular pathology,is in,human carcinogenesis Biochim Biophys Acta 2009 1796 315 331
fYunnan Province Tumor Hospital,Hospital of,Kunming Medical University
effective prognostic biomarkers,Therefore should incorporate,features of tumor
Hepatic Stellate Cells Via CD63 Signaling,Create Premetastatic Niche in,Liver Gastroenterology 2016 151 1011 1024
Integrative genome analyses,identify,key somatic driver mutations of small cell lung cancer
R&D Medical Affairs,is,Bristol Myers Squibb
growth factor receptor tyrosine kinase inhibitors,have,In past few decades have used as therapy for patients with types
Department of Surgical Pathology,of Department is,Hokkaido University School of Medicine
Conclusions Systemic chemotherapy,combined with,bronchoscopic cryotherapy for lung cancer
miRNAs,be used as,diagnostic biomarkers
Primary Sjögren ’s syndrome,is,in primary Sjögren ’s syndrome autoimmune disorder characterized by lymphocytic infiltration
Yue J Yu Z Tumor marker index,is significant factor for,patients with esophageal squamous cell carcinoma Cancer Biomark Sect A Disease
Psyrri Prognostic biomarkers,is in,phase II trial of cetuxiamb containing
clinical trials,far considered,tumor PD L1 expression
Winthrop P. Rockefeller Cancer Institute,is at,University of Arkansas for Medical Sciences
B cells,are critical to,antitumor immunity induced by therapy for glioblastoma Neoplasia
Thoracic surgeon,is now more and more familiar with,use in era of lung transplantation
Department of Pathology,of Department is,University of Oklahoma Health Sciences Center
DCE MRI,has,has determined as useful tool for diagnosis of benign tumors in head
Pembrolizumab,are,human IgG4 anti-PD-1 antibodies approved as line therapy for metastatic HNSCC by US FDA
Shaw BL Menolasino MJ III penile squamous cell carcinoma,Am,Osteopath Assoc
engineered T cells,new era with,drugs for cancer immunotherapy
Medical Oncology Department,Institute of,National Institute of Oncology
Sweden Department of Medicine,is,Karlstad Central Hospital
"Kapodistrian University of Athens , School of Medicine",is,Attikon University Hospital
term medicine,became upon,2003 founding of Journal of Translational Medicine
MIB proliferation index,was markedly higher with,expression especially with CXCR4 expression
Proper laryngeal anatomy,is,particularly crucial to swallowing physiology
related DNA damage repair pathway BER,eliminate,chemotherapy introduced DNA lesions
Stem Cell Transplantation Research Center,University of,Iran University of Medical Sciences
Clinical studies,have noted association with,patient responses after ICI treatment
Pembrolizumab,is,humanized IgG4 anti-PD-1 antibody consisting of high affinity mouse anti-PD-1-derived variable region grafted
anti-melanoma combination,is still withheld up to,resolution of MTB imaging lesions
Department of Medical Oncology,of Department is,Collaborative Innovation Center for Cancer Medicine
current immune checkpoint inhibitors,take brakes,early immunotherapies focused on accelerating T cell activity
Numerous clinical trials,is with,cetuximab
Department of Biostatistical Sciences,is,Department of Internal Medicine - Section of Hematology and Oncology
aMedical Genetics Research Center,Department of,Department of Clinical Laboratory
EGFR mutant NSCLC,is with,BM
Immunology Database,is critical repository for,immunology related data
MEKi treatment,Besides combined with,CTLA 4 blockade survival in tumors
our ddPCR assay,may,with rising prevalence of HPV related OPSCC may viable mode
MDSCs populations,mediated,T cell development
Department of Gastrointestinal Surgery,of Department is,Sun Yat - sen University CancerCenter
containing enzymes,eliminates,cancer stem cells by mitochondrial respiration in cancer therapy Aging
effective prognostic biomarkers,should ideally incorporate,features of tumor
Laboratory of Molecular Orthopaedics,Laboratory of,Molecular Oncology
Brazil Laboratory of Molecular Pathology,is,Department of Pathology
Department of Cardiology,is,Virginia Commonwealth University Health System
DCE MRI,has,has determined as tool for diagnosis of tumors in head
brain,of CT is,MRI
bHealth Services Research & Development,is,VA Portland Health Care System
biomarkers,are,with development of liquid biopsy of cancer diagnosis needed for scale studies
diagnostic biomarkers,are,In addition with fast development of biopsy of cancer diagnosis needed for scale studies
Experimental Immunology,of bLaboratory is,National Cancer Institute
Cell culture Human lung cancer cell line A549,was,recently authenticated by cellular morphology at Microread Inc.
Pembrolizumab,is,humanized IgG4 anti-PD-1 antibody consisting of affinity mouse anti-PD-1-derived region grafted onto human IgG4 immunoglobulin molecule with engineered Fc region
Pembrolizumab,is,is evaluated in combination with azacitadine in NSCLC
tumor features,characterization of is,In precision oncology era step in cancer patients management
cellular targeting assay,examine,targeting levels in lung cancer cells
Pembrolizumab,is,humanized IgG4 anti-PD-1 antibody consisting of affinity mouse anti-PD-1-derived variable region grafted onto IgG4 immunoglobulin molecule with Fc region for stabilization
Tumor histology,was classified by,pathologists
Microbiology,of Division is,Department of Clinical Sciences
mRNAs,displaying enrichment in,immune related biological processes
Ongoing clinical trials,targeted for,characterized SCLCs
Intraoperative sterile endotracheal tube,placed following,tracheal resection
adjuvant chemo radiotherapy plays,role in,integrated therapy
tumor profiling,play role in,clinical decisions of clinical trials
Zhang X Sai B derived exosomal miRNAs,promote metastasis via,EMT Mol Cancer 2019
Samsung Medical Center,is,Sungkyunkwan University School of Medicine
serum CYFRA 21 1 assay,has,In our department has routinely performed at diagnostic workup after based therapy since 2005
Austria Department of Medical Psychology,is,Medical University of Innsbruck
Department of Radiation Oncology,is,National Cancer Center / National Clinical Research Center for Cancer / Cancer Hospital
Department of Radiation Oncology,is,Fujian Medical University Union Hospital
T cells,overcome immunotolerance in,model of hepatocellular cancer Oncoimmunology
Rehabilitation Medicine,of Department is,Department of Rehabilitation Medicine
Human pulmonary microvascular cells,were purchased from,ScienCell Research Laboratories
Cells,were incubated with,human antibody
MIB proliferation index,was markedly higher with,positive expression of CXCR4 especially with CXCR4 expression
ESCC cells,effects of,delivered by hUCMSCs exo on ESCC development
Novartis Study,Evaluate Effects with,Chemotherapies
People ’s Republic of China Department of Basic Science of Stomatology,is,Affiliated Hospital of Stomatology
Department of Pathology,of Department is,Tokyo Medical University Ibaraki Medical Center
Bonawitz SC Duvvuri U assisted oropharyngeal reconstruction,is with,free tissue transfer J Reconstr Microsurg
Colangelo T Polcaro G Ziccardi Proteomic screening,identifies calreticulin as,miR 27a direct target MHC class I cell surface exposure in cancer Cell Death Dis 2016 7
biomarkers,level of be,In clinical application would influence
miRNAs,constitute,significant biomarker panel
Background Low dose spiral tomography,be sensitive method of,diagnosing stage lung cancer
BMS,have funded,editorial support in form for presentations of data from TERRITOIRE study
MGMT promoter,patients with,MGMT promoter in their recurring tumors
Pembrolizumab,are,IgG4 anti-PD-1 monoclonal antibodies approved as second line therapy
Endocrinology,of fDepartment is,Uonuma Institute of Community Medicine
clinical genomic profiles,improve classification based,clinical characteristics
Center of Medicine and Clinical Research,Division of,Respiratory Medicine
PIK3CA gene,encodes,PI3K subunit α isoform
Department of Surgery,Department of,Japan Department of Surgical Oncology
Okayama University Hospital Biobank,is,Okayama University Hospital
Pembrolizumab,are,human IgG4 antibodies approved as line therapy for HNSCC by US FDA
European Organization for Research and Treatment of Cancer,Institute of,National Cancer Institute of Canada J Natl Cancer Inst
Cui G Li C Xu G Sun Z Zhu L Li Z Zheng W Li J Yuan A fibroblasts,contribute to,"expression of factor indoleamine 2,3 dioxygenase in esophageal cancers"
Simultaneous chemotherapy,was,administered with cetuximab as systemic agent
Keywords ChemoradiosensitivityEsophageal squamous cell carcinomaMetabolomicsNeoadjuvant,therapyUntargeted,metabolomics Nature Science Foundation
National Cancer Institute,is in,Cancer Biology
Haddad R Gupta S Mahipal A Mehra R Tahara M Antitumor Activity,is in,Biomarker Unselected Patients With Recurrent Head
Department of Epidemiology and Biostatistics,is,National Institute for Health Development
Harvard School of Dental Medicine,of School is,Dana - Farber Cancer Institute
Department of Obstetrics and Gynaecology,Department of,Department of Obstetrics and Gynaecology
MIB proliferation index,was higher with,positive expression of CXCR4 especially with CXCR4 expression
miRNAs,are,After discovery involved in significant number of biological processes
Gastroenterology,School of,Sungkyunkwan University School of Medicine
consensus reference genome,is step towards,personal reference genomes
Inadomi K Kumagai H Arita S Tsuruta N Takayoshi K Mishima K Ota S Tanaka M Okumura Y Sagara K Bi-cytopenia,possibly induced by,antibody for malignant melanoma
novel nonobese diabetic severe immunodeficient xenograft model,reflects,clinical characteristics
clinical treatment,should differ due,biological behaviour of rectal mucinous adenocarcinoma
bilateral adrenalectomy,survival of,murine Kras driven model of PDAC
HRM MAF titration,was,conducted by MAF in mixed DNA sample from 10 % to 0.005 % in increasing total DNA concentration assay from 0.25 ng
Cell culture Human cell line HBE,were,obtained from Institute of Biochemistry
T cells,have DNA methylation profiles compared,T cells
biomarkers,guide,immune checkpoint blockade in cancer therapy Nat Rev Cancer
total ERK1 polyclonal antibody,was commercially provided by,Santa Cruz Biotechnology Inc.
Intrathecal injection,kills as,cell bodies
radiotherapy,is superior to,radiotherapy in treatment of cancer
IgG4 anti-PD-1 monoclonal antibodies,approved as,line therapy metastatic HNSCC
SMARC proteins,belong to,SWI SNF chromatin remodeling complex
Aurora kinases,are,important KRAS targets in lung cancer
Keywords Pancreatic cancerYAP1TranscriptomicsProteomicsPrognosisExtracellular matrix remodelingCancerThis work,was supported by,Royal Physiographic Society
rectal SCC lesion,was interpreted Based,pathologist ’s reports of ovaries
miRNAs,affect,its biological function
Pembrolizumab,is,humanized IgG4 anti-PD-1 antibody consisting of high affinity mouse variable region grafted onto human IgG4 immunoglobulin molecule with engineered Fc region
Department of Biostatistical Sciences,is,Wake Forest School of Medicine
Thoracic Oncology,for Center is,Harvard Medical School
Department of Biomedical Informatics,Center for,Center for Systems Biology
Institute of Basic Medical Sciences,is,Chinese Academy of Medical Sciences & Peking Union Medical College
prognostic biomarker,is in,colon cancer N Engl J Med 2016 374 2184
"Iowa Institute for Biomedical Imaging , Department of Electrical and Computer Engineering",is,Department of Internal Medicine
Conclusion HNSCC cell line xenograft growth,can,can effectively assessed in CAM assays in manner
STK11 recoverd cell lines,were cultured with,1μg ml puromycine
Department of Oncology,Building for,Wuhan Medical and Healthcare Center for Women and Children
Department of Clinical Sciences,of Department is,Sweden3 School of Biotechnology
conjugated CD40 monoclonal antibody,were purchased from,Elabscience Biotechnology Co. Ltd.
Radical esophagectomy,has,has widely acknowledged with paramount importance in cure intended therapy for esophageal squamous cell carcinoma
radiotherapy,be related to,survival in patients with specific types of metastatic cancers
Further clinical studies,determine,optimal treatment strategy with SCLC
Computed tomography,is,main imaging modality for lung lesions
Department of Urology,Hospital of,2nd Hospital of Tianjin Medical University
Ongoing phase oncology trials,focuses on,early phase oncology trials at MDACC
standard anticancer drug,was,performed by red assay as previously described
Della Vittoria Scarpati G Falcetta F Carlomagno C Ubezio P Marchini S De Stefano A specific miRNA signature,correlates with,complete pathological response in advanced rectal cancer Int J Radiat Oncol Biol Phys 2012 83 1113 1119
Bioinformatic analysis,reveals,pattern specific to basal like breast cancers in human tumors Proc
Discussion Radiotherapy,remains,mainstay of treatment for HNSCC in intensity modulated techniques
0000 0000 9558 1426 School of Stomatology,is,Dalian Medical University
Coskun Hasan S hscoskun@yahoo.com Department of Medical Oncology,Department of,Turkey Department of Radiation Oncology
CTC TJH 01 cells,were in,stage of EMT transformation with stem cell phenotype
Kobayashi A Oxidative stress sensor Keap1,functions as,adaptor for E3 ligase
Background Low dose spiral tomography,proved,sensitive method of diagnosing stage lung cancer
TKI drugs used,were,first generation TKI drugs
hematologic III ° toxicities,were observed in,patients treated with CDDP 5FU
tumor suppressors P53,are,because particularly important in regulating cellular senescence
Pembrolizumab,is,monoclonal IgG4 anti-PD-1 antibody consisting of high affinity mouse anti-PD-1-derived variable region grafted onto human IgG4 immunoglobulin molecule
Oncopathology Research Center,is,Iran University of Medical Sciences
National Cancer Center / National Clinical Research Center for Cancer / Cancer Hospital,is,Chinese Academy of Medical Sciences and Peking Union Medical College
Zhang T Zhang gastric carcinoma xenograft mouse models,represent,tumor diversity PLoS One
College of Medicine,is,Kaohsiung Medical University
Lorlatinib,demonstrated,clinical activity
Medical Oncology,of Division is,University of Colorado Anschutz Medical Campus
Research ArticleHelveticoside,is,biologically active component
T cells,have,While have widely studied in immunotherapy
Human pancreatic adenocarcinoma tissues,were,obtained from Pathology Unit in agreement
radiotherapy,is with,radiotherapy
Laboratory tests,reveal,direct hyperbilirubinemia
Cells,were prepared in,three biological replicates
Its biological role,has,has mainly evaluated in ovarian esophagus cancers
Johnston S Jr Pivot JPX lapatinib,combined as,first line therapy for hormone receptor
Clinical tissue samples Real time PCR,measure raptor expression in,clinical tissue samples
Institute of Pathology,University with,support of tissue bank of National Center for Tumor Diseases
MET gene,encodes,receptor tyrosine kinase c MET for hepatocyte growth factor
Pembrolizumab,is,monoclonal IgG4 anti-PD-1 antibody consisting of affinity mouse anti-PD-1-derived region grafted with engineered Fc region
biological processes enriched,were related In,513 gene set for ADC
mRNA expression demonstrated,is considered,marker for biologically relevant HPV infection
Respiratory Medicine,of Department is,Saitama Medical University
AChE binding tail PRiMA,is,down regulated with muscular dystrophy by merosin deficiency Chem Biol Interact 2013 203 330 334
Department of Pathology,is,Union Hospital
Shiba Ishii Noguchi M stratifin overexpression,is,regulated by CpG demethylation in lung adenocarcinoma
Chinese medicine,is,mainly used clinically
Bevacizumab,is,monoclonal antibody
Tokyo Japan Department of Clinical Oncology,is,Japan Red Cross Medical Center
several anti-PD-1 monoclonal antibodies,is in,clinical trials
Immunohistochemistry,analyze,effect of CAFs on tumor cell proliferation to cisplatin
medial laparotomy,was,performed with resection of area with left nephrectomy
diagnostic biomarkers,are urgently needed with,development of liquid biopsy of cancer diagnosis
PC9 cells,were infected with,MAGE A1 overexpression
Predictive biomarkers,are common practice with,modern targeted therapies
Grupo de Investigacion en Bioinformatica,is,Escuela de Medicina
Germany Department of Senology,is,Prosper Hospital Recklinghausen
National Cancer Center / National Clinical Research Center for Cancer / Cancer Hospital,is,Chinese Academy of Medical Sciences and Peking Union Medical College
BM,were,medically responsible for patients
Medical Oncology,of Division is,Faculty of Medicine Siriraj Hospital
Australia Department of Surgery,is,Royal Melbourne Hospital
B cells,play roles in,TME of solid tumors
Department of Genetics,of Department is,Government Arignar Anna Memorial Cancer Research Institute and Hospital
Uonuma Institute of Community Medicine,is,Niigata University Medical and Dental Hospital
Pembrolizumab,is,humanized IgG4 anti-PD-1 antibody consisting of affinity mouse anti-PD-1-derived variable region grafted onto human IgG4 immunoglobulin molecule with Fc region
Liu MEK inhibitor transplantable colon cancer,number of,intra-tumoral CD8
Bevacizumab,was,approved anti-VEGF monoclonal antibody
transplantable colon cancer ICD,also augmented,T cell function
Transcriptome sequencing,identifies,lincRNA implicated in disease progression Biotechnol 2011 29 742 749
"Department of Preventive Medicine , School of Public Health",of Department is,Centre for Disease Control and Prevention
based chemotherapy,was,systemic therapy
Bacteroidales,Increased,peripheral Treg response Mouse Human
Pembrolizumab,is,humanized IgG4 antibody consisting of high affinity mouse anti-PD-1-derived variable region grafted with Fc region for stabilization
next generation TRK kinase inhibitor,overcomes resistance to,TRK kinase inhibition in patients with TRK solid tumors Cancer Discov
cClinical Research Center,Hospital of,Huaihe Hospital of Henan University
Pembrolizumab,is,humanized IgG4 antibody consisting of affinity mouse region grafted with Fc region for stabilization
Farabi Eye Hospital,is,Tehran University of Medical Sciences
Medical Ethics Committee of Tongji Hospital,is,Tongji Medical College
Decis Mak BMC Med,Inform,Decis Mak BMC Medical Informatics
Our functional study,enriched,role of miR 15a -16-1 in cancer types
miRNAs,is in,melanoma Physiol Genomics 2013 45 1049 1059
AKT inhibitor AZD5363,sensitizes,cancer xenograft model with PTEN loss to Taxotere J Transl Med
Tongji University School of Medicine,of School is,The University of Texas MD Anderson Cancer Center
Zhang XS Wang Z derived suppressor cells,promote tumor progression in,human colorectal cancer J Transl Med 2015
Department of Orthopaedics,Department of,Department of Orthopaedics
Discussion Cardiac CT,offers,detailed anatomical assessment of CAD
systemic chemotherapy,is,still mainstay treatment
"Bucheon St. Mary ’s Hospital , College of Medicine",’s Hospital is,"Incheon St. Mary ’s Hospital , College of Medicine"
Department of Molecular Cell Biology,is,Samsung Biomedical Research Institute
Critical Care Medicine,is,Singapore General Hospital
Chinese medicine,is,used clinically in combination with ACT
Duke University Health System,is,Duke Cancer Center Raleigh
biomarkers,are,with fast development of biopsy of cancer diagnosis urgently needed for large scale studies
biomarkers,are urgently needed with,development of liquid biopsy of cancer diagnosis
Ib dose escalation study,combined as,first line therapy in patients with stage cell lung cancer Ann Oncol
medical monitor,provide,medical review of adverse events in support of endpoint data
Texas USA Department of Pathology,is,The University of Texas MD Anderson Cancer Center
based synthetic lethal therapy,are,Currently targeted at oncogenes
biomarker panel,improve,diagnostic accuracy of HNSCC
Department of Family and Community Medicine,is,Chung Shan Medical University Hospital
protein kinase,is localized through,its association in cells
Department of Radiation Oncology,of Department is,Fudan University Shanghai Cancer Center
simultaneous bilateral pulmonary resection,is considered strategy Compared,bilateral pulmonary resection
analysis Pathologic diagnoses,were carried out based,2011 IASLC ATS ERS classification system for lung adenocarcinoma
Human tumor xenografted models,mimicking clinical situations in,terms biological features
Bioinformatic analysis,reveals,pattern of STAT3 associated gene expression specific to basal like breast cancers in tumors Proc
Department of Mycobacteriology,is,Leprosy Research Center
Primary Sjögren ’s syndrome,is,in primary Sjögren ’s syndrome autoimmune disorder characterized by focal infiltration of exocrine glands
Genetic based lethal therapy,are,targeted at activated oncogenes
Della Vittoria Scarpati G Falcetta F Carlomagno C Ubezio P Marchini S De Stefano A specific miRNA signature,correlates with,complete pathological response in advanced cancer Int J Radiat Oncol Biol Phys 2012 83 1113 1119
Pemetrexed murine colon cancer induced ICD,also augmented,T cell function
Department of Chemistry and Applied Biosciences,Department of,Radiation Oncology
DWI MRI evaluation,has,has reported as tool for malignant tumors
Fig. Gefitinib treatment,transcriptionally induces interferon response hallmark pathways in,HNSCC cell lines
concurrent chemoradiotherapy,is treatment For,patients with ECs
Responsive cell lines,were,then employed for bioactivities testing
B cells,isolated from,NSCLC tissue
Preoperative modified folfirinox treatment,followed by,capecitabine based chemoradiation for borderline cancer
Laboratory of Antibody Engineering,is,Cancer Institute
based chemotherapy,can modulate,anti-tumour responses inducing calreticulin
0004 1765 5169 School of Stomatology,Hospital of,Xiangya Hospital of Central South University
Gene therapy,involving p53 gene replacement in,combination drug gemcitabine
Wang G Proteomic analysis,reveals,MEK5 Erk5 mediated transition phenotype Breast Cancer Res
Bcl 2 family,mediates,FZKA enhanced effect of lung caner cell apoptosis
Xenografted tumor model in Female BALB c nude mice,were purchased from,Center of Experimental Animal of Guangzhou University of Chinese Medicine
T cell activities,can thereby enhance,clinical benefits of immune checkpoint blockades
Predictive biomarker research,has,has predominantly focused on tumor signatures
Clinical Research Center for Cancer,is,Tianjin Medical University Cancer Institute and Hospital
biomarkers,are,with development of biopsy urgently needed for scale prospective studies
HRM MAF titration,was,conducted by MAF in DNA sample from 10 % to 0.005 % in DNA concentration assay
Chronic Disease Solutions Team,is,School of Life Science
based chemotherapy,is with,pembrolizumab
Medical Oncology,of Department is,Henan Cancer Hospital
Obstetrics,of Department is,National Cancer Center Research Institute
Department of Internal Medicine,is,Seoul National University College of Medicine
Nuclear Medicine,of Department is,First Affiliated Hospital of Sun Yat - Sen University
Tumor staging,was determined according,seventh edition tumor node metastasis classification of Joint Committee on Cancer
MBNL3 splicing factor,promotes carcinoma by,PXN expression through splicing of lncRNA PXN AS1 Cell Biol 2017 19 7
Oncogenic miR,abrogate,CASC2 mediated inhibition of proliferation
VEGFR targeting antibody ramucirumab,was,approved by Food Administration for advanced junction adenocarcinoma patients
Department of Surgery,Department of,Department of Gastroenterology
miRNAs,are,are increasingly used as biomarkers
Integrative genomic analyses,reveal,clinically relevant long RNAs in human cancer Struct Mol Biol
Department of Radiotherapy,Center for,National Cancer Center / National Clinical Research Center for Cancer / Cancer Hospital
EBUS TBNA procedure,was,performed by physician for patients
c Tumorsphere formation assay,showed,effects of JARID1B knockdown
Preoperative modified folfirinox treatment,followed by,based chemoradiation for borderline cancer
SPC A-1sci cells,display,phenotypic changes consistent with EMT
circulating miRNAs,also showed correlation,tumor type mentioned above
Xenografted tumor model in BALB c mice,were purchased from,Center of Experimental Animal of Guangzhou University of Chinese Medicine
SKOV3 cells,were,in ovarian cancer cells transfected with plasmids
Investigational Cancer Therapeutics,of Department is,University of Texas MD Anderson Cancer Center
Fibroblast growth factor receptor gene amplification,is,associated with survival in patients with squamous cell lung cancer J Clin Oncol
Gastroenterology,of cDepartment is,Zunyi Medical University
Medical Oncology,of Division is,"University of Colorado , Anschutz Medical Campus"
Medicine,of Department is,University Hospital Erlangen
Institute of Cancer Research,of Institute is,National Institute for Health Research
Results SBC5 cells,showed sensitivity by,MTS assay
Medical Department,is of,Erlangen University Hospital
CASC2 overexpression,significantly increased,mRNA levels of SOCS1
Clinical application,is under,development for treatment caused by aberrant FGF signaling
Radiation Oncology,of Department is,Shanghai Cancer Center
Multiple clinical studies,test safety in,cancer subtypes
Recombinant WT hnRNPA1,were,incubated with recombinant ESCO2
Department of Gastroenterology,of Department is,First Hospital of Jilin University
Pembrolizumab,is,humanized monoclonal IgG4 anti-PD-1 antibody consisting of high affinity mouse anti-PD-1-derived region grafted onto human IgG4 immunoglobulin molecule with engineered Fc region for stabilization
Proper anatomy,is,particularly crucial to normal physiology
serum CYFRA 21 1 assay,has,In our department has performed at initial diagnostic workup after radiation based therapy since 2005
Yang D Shi J Fu H Wei Z Xu J Hu Z Integrinβ1,serves as,prognostic factor in pancreatic adenocarcinomas Tumour Biol 2016 37 12315 12327
Integrative genomic analyses,reveal,relevant RNAs in human cancer Struct Mol Biol
I total NSCLC group,is in,NSCLC histopathological subgroups
BTPS type,is in,keeping with McKusick ’s description with CMMRD spectrum disease
cell surface receptor,commonly found in,T cells
In tumorigenesis assays,were purchased from,Center of Experimental Animal of Guangdong province
miRNAs,exert,biological functions
neurotensin receptor pathway,contributes to,human ductal breast cancer progression PLoS One
Department of Radiation Oncology,is,University Hospital Tübingen
KYSE510 cells,were,For lung metastasis model injected through tail vein
Department of Biochemistry and Molecular Biology,is,Medical College
HRM MAF titration,was,conducted by MAF in DNA sample from 10 % to 0.005 % of Ex19_std in increasing total DNA concentration assay from 0.25 ng μl
Department of Medical Oncology,of Department is,Peter MacCallum Cancer Centre
based chemotherapy,is,At present established multimodal therapy for NSCLC treatment
CAR T cell platforms,are under,active trials for multiple myeloma
serum CA19 9 level,is,predictor for prognosis in patients with adenocarcinoma
clinical molecular variable model,showed performance based,based only clinical variables in model
IL gene,was,originally discovered by subtraction hybridization method by exposing human melanoma cells
cancer screening clinic,gets referrals from,gynaecology clinic in UNTH
biomarkers,are,In addition with fast development of biopsy of cancer diagnosis needed for scale studies
Pembrolizumab,is,monoclonal IgG4 anti-PD-1 antibody consisting of high affinity mouse anti-PD-1-derived region grafted onto IgG4 immunoglobulin molecule with Fc region for stabilization
targeting VEGFR2 activation,is in,colorectal cancer Med Oncol
HRM MAF titration,was,conducted by MAF in DNA sample in increasing total DNA concentration assay from 0.25 ng μl
Mammalian mitochondria,are usually depicted,elongated particles originated through endosymbiosis
Pembrolizumab,is,monoclonal IgG4 anti-PD-1 antibody consisting of affinity mouse variable region grafted with engineered Fc region
Department of Radiation Oncology,is,Fudan University Shanghai Cancer Center
Cancer Biomarkers Research Group,is,Fundacion Jimenez Diaz University Hospital Health Research Institute
Inadomi K Kumagai H Arita S Tsuruta N Takayoshi K Mishima K Ota S Tanaka M Okumura Y Sagara K Bi-cytopenia,induced by,antibody for primary melanoma
Department of Medical Oncology,Laboratory of,State Key Laboratory of Oncology
System Biology,of Laboratory is,"University of Tehran , Institute of Biochemistry and Biophysics"
diagnostic biomarkers,are urgently needed with,fast development of biopsy of cancer diagnosis
Pembrolizumab,is,humanized IgG4 anti-PD-1 antibody consisting of high affinity mouse anti-PD-1-derived region grafted
Biomarkers lung cancer markers,found in,list breast cancer biomarkers
Wolfe Surgical Research Professorship,is in,Biology of Head
Potential Biomarker,is With,Use of Next Generation Sequencing Cancer Gene Panel JAMA Oncology
Human papillomavirus,is in,United States J Clin Oncol
engrafted tracheal basal cells,gave rise to,well differentiated mucociliary epithelia
Several clinical trials,reported on,activity of hormonal therapy in cancer
Pembrolizumab,is,humanized monoclonal IgG4 antibody consisting of high affinity mouse variable region grafted
Animal Breeding Center,is in,Shanghai Institutes for Biological Sciences
Research Neoadjuvant chemoradiotherapy,followed by,transanal excision assisted by port surgery for rectal adenocarcinoma
Medical writing support,was provided by,time employee of Medtronic on paper
driven lncRNAs,serve as,prognostic biomarkers
Neck Medical Oncology,is,Fondazione IRCCS Istituto Nazionale dei Tumori
specific shRNA,was expressed in,UM SCC 14A cells with high expression
Pathologist,’s,role in Era of personalized medicine Adv Anat Pathol
North Central Cancer treatment Group,Previously compared,European Organization for Research of Cancer Quality of Life Questionnaire
Human bronchial cells 16HBE,were kindly provided by,tumor Cell Library
first clinical study,utilizing,MSCs
Department of Medicine,is,Samsung Medical Center
radiotherapy,is,In cases valuable method in treatment of lung cancer
diagnostic biomarkers,are,with development of biopsy urgently needed for large scale studies
Bioinformatic methodologies,strengthened greatly,research of biomarkers
Della Vittoria Scarpati G Falcetta F Carlomagno C Ubezio P Marchini S De Stefano A specific miRNA signature,correlates with,response in locally advanced rectal cancer Int J Radiat Oncol Biol Phys 2012 83 1113 1119
clinical genomic approach,was still predictive compared,clinical model
Bevacizumab,was,FDA approved monoclonal antibody
Integrative genome analyses,identify,key somatic driver mutations of cell lung cancer Nat Genet
University Teaching Hospital of Lomé,Department of,Department of Pathology
Internal Medicine,Faculty of,Medicine
Radical esophagectomy,has,has widely acknowledged with importance for squamous cell carcinoma
Department of Radiotherapy,is,Tianjin Medical University Cancer Institute and Hospital
human papillomavirus genotyping analyses,However were positive for,human papillomavirus 16
protein kinase,Additionally is localized through,its specific association in cells
bone marrow aspiration protocol,develop products based,stromal cells
B cells,is in,total PBMCs
Wang G Proteomic analysis,reveals,mediated mesenchymal transition phenotype Breast Cancer Res
National Institutes of Health,is,National Cancer Institute
Department of Radiation Oncology,is,National Cancer Center / Cancer Hospital
National Defense Medical Center,School of,"Department of Obstetrics and Gynecology , School of Medicine , College of Medicine"
Numerous clinical trials,have outlined,profile of irAEs including skin hepatic
mining complete cancer genomes,is in,Catalogue of Somatic Mutations
diagnostic biomarkers,are,with fast development of biopsy urgently needed for scale prospective studies
chest radiograph,including scan is,MRI
Radiation Oncology,of Department is,First Affiliated Hospital of Bengbu Medical College
Critical Care Medicine,is,Department of Internal Medicine
TLR7 8 agonist imiquimod,may,For VSCC tumors may topically applied agent
Tumor cells,were,cultured with CAFs in spheroids for two days
Department of Gastroenterology,University of,Hubei University of Medicine
Sun Yat sen University Cancer Center,is,cancer hospital in Guangdong Province
miRNAs,also play role in,biology of NK cells
Toronto General Hospital Research Institute,is,University Health Network
clinical trials,are,ongoing Marimastat Inhibitor MMPs
Diagnosis BRPC,was,diagnosed via 16 - slice MDCT with pancreas protocol including imaging
Pembrolizumab,is,humanized IgG4 antibody consisting of affinity mouse anti-PD-1-derived variable region grafted with Fc region for stabilization
Pembrolizumab,is,humanized IgG4 anti-PD-1 antibody consisting of high affinity mouse region grafted with Fc region for stabilization
Cetuximab,is,only targeted biological agent
Background Cisplatin,is used as,key drug for solid cancers including lung cancer
Ematologia,is,Radioterapia Oncologica
effective biomarkers,should incorporate,features of tumor leading to assessment of tumor biology
Department of Radiology,of Department is,Key Laboratory of Cancer Prevention and Therapy
Radiation Therapy Oncology Group,is of,American College of Radiology
Department of Otolaryngology and Head & Neck Surgery,is,Monash Health
TKI transplantable murine cancers,reduced,intra-tumoral MDSC
Pembrolizumab,is,humanized monoclonal IgG4 anti-PD-1 antibody consisting of affinity mouse region grafted onto IgG4 immunoglobulin molecule
Sala Daniela Department of Pathology,University of,University of Medicine and Pharmacy of Tirgu - Mures
Conclusions DCE MRI,is helpful for,characterizing tumors
miRNAs,are,are used as directed therapies as prognostic biomarkers
diagnostic biomarkers,are,with fast development of biopsy urgently needed for scale studies
PSMD,were,cancer driver genes with crucial role in proteasome pathway with also RPN1 2
MRI,was conducted concerns During,diagnostic work up for recurrent FAS
Gao G Ren S Li Xu J Xu Q Su C growth factor receptor tyrosine kinase inhibitor therapy,is effective as,first line treatment of advanced non-small-cell lung cancer with mutated EGFR
biomarkers serum levels,were measured with,chemiluminescent microparticle immunoassay for CEA
MACS,label CTCs with,8 monoclonal antibody
DWI MRI evaluation,has,has yet reported as useful tool for tumors from benign lesions
employing biomarkers,capture,only tumor biological features linked with CTC enrichment
Near infrared guided surgery,improves,survival rate in animal model
T cells,may,may potential immunotherapy for lung cancer
Southwest Cancer Cooperative Group,conducted,phase II clinical trial
Research Neoadjuvant chemoradiotherapy,followed by,transanal excision assisted by port surgery for adenocarcinoma
National Clinical Research Center for Cancer,for Center is,Tianjin ’s Clinical Research Center
miRNAs,are,are increasingly used as diagnostic prognostic biomarkers
biomarkers,predict pCR after,SABR treatment as gold standard
KDR VEGFR2 trials,are,Bevacizumab Humanized mAb VEGF Individualized treatment
Rybak Wolf A Stottmeister C Glazar P Jens M Pino N Giusti S Hanan M Circular RNAs,is in,mammalian brain
Background Epidermal growth factor receptor,is clinically validated target for,cetuximab
Liang H Liu X Wang M Immunotherapy,combined with,growth factor receptor tyrosine kinase inhibitors in non-small-cell lung cancer treatment Onco Targets
Cancer Prevention Research,for Centre is,MidSouth Bioinformatics Center
Australian PBCRs,are considered,resourced quality PBCRs
Yue J Yu Z Tumor marker index,is significant factor for,patients with esophageal cell carcinoma Cancer Biomark Sect A Disease
BxPC3 cells,reacted to,treatment with FWGE
Department of Virology,of Department is,Department and Chair of Conservative Dentistry
PD inhibitor nivolumab,was combined with,CTLA -4-inhibitor ipilimumab
miRNAs,also play role In,hallmarks of angiogenesis
medical monitor,Kvale at,Henry Ford Health System
"Biostatistics , School of Public Health",Institute of,Jiangsu Institute of Planned Parenthood Research
Department of Biomedical Informatics,of Department is,China Medical University
cancer Tumor suppressor NOTCH3,inhibits,mediated EMT
BM,carried out,immunohistochemistry
Gene Therapy,is,Lund Stem Cell Center
biomarkers,is in,personalisation of lung cancer treatment Lancet 2013 382 9893 720
major genetic determinant,is in,GWAS study of isolated rural chinese sample
Yue - Yang Integrative Medicine Hospital,is of,Shanghai University of Traditional Chinese Medicine
Epidemiology Unit,Department of,Department of Disease Control
Pembrolizumab,is,monoclonal IgG4 antibody consisting of high affinity mouse anti-PD-1-derived region grafted with Fc region
Institute of Medical Biometry and Informatics,is,Hannover Medical School
18F FAMT PET CT studies,However are performed at,our hospital
Bocca P Di Carlo E Caruana tumor vasculature remodelling,improves tumor infiltration in,neuroblastoma preclinical model
Department of Medical Oncology,is,Sun Yat - sen University Cancer Center
Cells,were harvested for,protein extraction in radio immunoprecipitation assay
Tumor differentiation,may,may categorized in patients with stage tumor like grade dysplasia carcinoma
tissue microarray,was purchased from,Shanghai Biochip Co. Ltd.
Department of Gastrointestinal Oncology,of Department is,Tongji University School of Medicine
cancer Tumor suppressor NOTCH3,inhibits,TGF β mediated EMT
Oncology,of Laboratory is,Guangzhou Double Bioproduct Inc.
CancerMolecular Cancer1476 - 4598BioMed Central London,target for,Department of Pathology
MSCs,mediated,periodontal regeneration
Bcl family,also function via,their interaction with core autophagy factor Beclin family
Department of Pathology,is,Tohoku University Hospital
Tumor Mutational Burden,has emerged as,promising biomarker
AKT inhibitor AZD5363,sensitizes,derived cancer xenograft model
Pembrolizumab,is,humanized IgG4 antibody consisting of high affinity mouse anti-PD-1-derived variable region grafted onto IgG4 immunoglobulin molecule with Fc region for stabilization
T cells,respond to,ICB treatment
Department of Medical Oncology,of Department is,First Affiliated Hospital of Guangxi Medical University
PKM1 isoform formation,inducing,PKM2 isoform formation
MBNL3 splicing factor,promotes carcinoma by,increasing PXN expression through splicing of lncRNA PXN AS1 Cell Biol 2017 19 7
stem cell marker CD133,was reduced in,miR cells
PC9 cells,showed,high BIN1 expression
flow cell,was transferred to,Illumina HiSeq1500
Pembrolizumab,is,humanized monoclonal IgG4 antibody consisting of affinity mouse region grafted with engineered Fc region
serum CYFRA 21 1 assay,has,In our department has performed after radiation based therapy since 2005
Shanghai Research Institute of Stomatology,is,National Clinical Research Center of Stomatology
UK Department of Pathology and Infectious Diseases,is,Royal Veterinary College
Computational Oncology Group,is,"Institute for Global Health Improvement , Imperial College"
chemokines CXCR4 CXCL12 released,can bind on,CLL cells
Research Institute of Tuberculosis,of Institute is,Japan Anti-Tuberculosis Association
Chinese Academy of Medical Sciences Ethics Committee,is,Jiangsu Institute of Nuclear Medicine Ethics Committee
Diagnosis BRPC,was,diagnosed via 16 - slice MDCT with pancreas protocol including triphasic imaging
Cui G Li C Xu G Sun Z Zhu L Li Z Zheng W Li J Yuan A fibroblasts,contribute to,"expression of immunosuppressive factor indoleamine 2,3 dioxygenase in cancers"
Department of Radiation Oncology,of Department is,Japan Department of Gastroenterology
exosomic miR -222-3p level,may,may potential biomarker for predicting gemcitabine sensitivity
Mouse polyclonal antibodies,were,used as primary antibodies with labeled anti-Rabbit IgG used
Human microvascular endothelial cells,were purchased from,ScienCell Research Laboratories
Department of Dermatology,is,Feinberg School of Medicine
ON N2L 3G1 Canada Department of Oncological Sciences,is,Huntsman Cancer Institute
Precise tumor margin identification,are,crucial for cure in many types of tumors
Pembrolizumab,is,humanized monoclonal IgG4 anti-PD-1 antibody consisting of affinity mouse anti-PD-1-derived variable region grafted onto human IgG4 immunoglobulin molecule with Fc region for stabilization
human oral cells,were,provided by Key Laboratory of Stomatology
Department of Radiation Oncology,is,Affiliated Hospital of Jiangnan University
Anti-EGFR monoclonal antibodies,is,humanized IgG1 monoclonal antibody
anti-VEGF-A antibody bevacizumab,is with,anti-PD-L1 antibody atezolizumab
"Department of Oncology , Asan Medical Center",is,College of Medicine
Several CAR T cell products,are under,active trials for RR myeloma
Department of Laboratory Medicine,of Department is,China Department of Biochemistry and State Key Laboratory of Pharmaceutical Biotechnology
Background Radiotherapy,is,treatment modality in head cancer
Whole blood coagulation thrombelastographic profiles,employing,tissue factor activation J Thromb Haemost
Concurrent Chemoradiotherapy,Followed by,Maintenance Lapatinib Monotherapy
MTE treatment,reduced with,increased MTE concentration
Masuda M Methotrexate,is excreted by,canalicular organic anion transporter in rats Cancer Res
"Department of Pediatrics , Division of Pediatric Oncology / Hematology",Department of,Department of Stem Cell Transplantation
Primary human tracheal cells,stained with,indicated antibodies
Department of Internal Medicine,of Department is,Affiliated Cancer Hospital
Iyer MK Balbin OA ranscriptome sequencing,identifies,lincRNA implicated in disease progression Nat Biotechnol
Oncological Pulmonology,University of,Medical University of Lodz
miRNAs,could,could used as biomarker
Shaw BL Menolasino MJ III Metastatic penile squamous cell carcinoma,Am,Osteopath Assoc
Pembrolizumab,is,monoclonal IgG4 anti-PD-1 antibody consisting of affinity mouse anti-PD-1-derived variable region grafted onto human IgG4 immunoglobulin molecule
Stem Cell Transplantation Research Center,Faculty in,Medicine
extensive endoscopist skills,are necessary,have developed for detection of cancer
treatment BALB c mice,housed in,certified level animal facility at Institute
Japan Department of Urology,is,Kanagawa Cancer Center
Immunotherapy,strategy in,cancer therapy
Drug Brand name Manufacturer Targets Applications,Approved,years of trials Erdafitinib Balversa Janssen FGFR1 4 advanced cancer
Primary Sjögren ’s syndrome,is,in primary Sjögren ’s syndrome chronic disorder characterized by infiltration
bioinformatic analyses,were on,basis of SPLSDA component
Hematology / Oncology,is,Department of Medicine
our HisCoM mimi model,Accordingly can efficiently account for,biological relationships
Geneva University Hospitals and University of Geneva,is,Geneva University Hospitals
Department of Oncology,School of,Shanghai Jiao Tong University School of Medicine
biology approach,reveals,CXCR4 G13 Rho signaling axis
Clinical translation pioneer study,investigated,use of bispecific antibody
Pembrolizumab,is,humanized IgG4 antibody consisting of high affinity mouse anti-PD-1-derived region grafted onto human IgG4 immunoglobulin molecule
Instittutional Review Board of Hokkaido university Hospital for Clinical Research,Board for,Kyushu University Institutional Review Board for Clinical Research
Radiation therapy,is with,cetuximab in treating patients
Thoracic Oncology,of Division is,Shizuoka Cancer Center
IL 1 beta alpha 2 macroglobulin complex,upregulate,derived growth factor alpha receptor on rat fibroblasts
European Organization for Research and Treatment of Cancer,for Organization is,National Cancer Institute of Canada J Natl Cancer Inst
pharmacological study,evaluate,effects of new CDKi roscovitine on human multiple myeloma cells
outcome fitness Cardiopulmonary fitness,will,will determined by cardiopulmonary exercise test gold measure
Fred Hutchinson Cancer Research Center,Department of,WA USA Department of Medicine
adjuvant chemo radiotherapy plays,However still important role in,integrated therapy
Department of Diagnostic Radiology,of Department is,Chinese Academy of Medical Sciences and Peking Union Medical College
Nanjing Stomatological Hospital,is,Medical School of Nanjing University
"Department of Pediatrics , Division of Pediatric Oncology / Hematology",of Department is,Department of Stem Cell Transplantation
MIR10B gene,was cloned downstream For,stable expression of miR 10b
Otorhinolaryngology Oncology,is,Tianjin Medical University Cancer Institute and Hospital
APC gene,encodes,protein with cellular functions
Pembrolizumab,is,humanized monoclonal IgG4 anti-PD-1 antibody consisting of high affinity mouse variable region grafted onto IgG4 immunoglobulin molecule with Fc region for stabilization
Samsung Medical Center,is,Sungkyunkwan University School of Medicine
Department of Pathology,is,Peking University Cancer Hospital
Background Epidermal growth factor receptor,is clinically validated target for,therapeutic antibody
VEGF family,has,has identified as specific angiogenic factors in tumor proliferation
monoclonal antibody,directed against,fixative resistant epitope macrophage restricted form
MCC950 treatment,However reduced,expression of NLRP3 inflammasome
Cancer Research Institute,is,Guangzhou Medical University
Total radical parotidectomy,is with,radiotherapy
Talazoparib combination therapy,exhibited activity in,HR ID8 mice model
Intracranial disease control,has,has mainstay of treatment
pulsatile MEKi treatment,Besides combined with,CTLA 4 blockade survival in bearing tumors
radiotherapy,is superior to,radiotherapy
based doublet chemotherapy,standard for,treatment of advanced NSCLC with type epidermal growth factor receptor
clinical significance,requires,investigation through application as biomarkers
Otorhinolaryngology,of Department is,Department of Human Pathology
Stem Cell Biology,for Institute is,Stanford University School of Medicine
Therapeutics Institute and Program,is in,Medicine
Zhang SE fibroblasts,contribute via,paracrine miR 34a 5p EBioMedicine
Representative IHC sections,showing,Ki67 staining PDX tissues treated
Cell culture Human SCLC cell lines,were obtained from,Bioresource Collection Center
Clinical studies,have noted with,improved patient responses after ICI treatment in single cancer type
clinical trials,reported,effectiveness of erlotinib for patients
DWI MRI evaluation,has,has reported as useful tool for differentiating malignant tumors from benign ovarian lesions
Malabar Cancer Centre,is,tertiary care hospital under Department of Health situated in district of Kannur in North Kerala
Massachusetts USA Department of Medical Oncology,is,Dana - Farber Cancer Institute
Her laboratory research,developing,improved strategies for specific clinically relevant subsets of lung cancer
Pembrolizumab,is,humanized IgG4 antibody consisting of affinity mouse anti-PD-1-derived region
VU 147T cells,were,cultured in DMEM F12 with 10 % fetal bovine serum
Instittutional Review Board of Hokkaido university Hospital for Clinical Research,is,Ethics Committee of Shizuoka Cancer Center
BM,developed,BM developed in 30.3 % of patients
systemic chemotherapy,combined with,resection of tumor
Radiotherapy,has,has established as definitive treatment for tumors in ESCC patients
Pembrolizumab,is,humanized monoclonal IgG4 anti-PD-1 antibody consisting of high affinity mouse variable region grafted onto human IgG4 immunoglobulin molecule
Alifano M Souaze F Dupouy S Camilleri Broet S Younes M Ahmed Zaid SM Neurotensin receptor 1,determines,outcome of non-small cell lung cancer Clin Cancer Res
Cancer Genome Atlas,provides,great genomic data
PLUS Project for Medical Science,is,Yonsei University College of Medicine
Pembrolizumab,is,humanized monoclonal IgG4 anti-PD-1 antibody consisting of affinity mouse anti-PD-1-derived variable region grafted onto IgG4 immunoglobulin molecule with engineered Fc region for stabilization
Experion electrophoresis system,was from,Bio-Rad Laboratories
Lauren histologic type,is,important factor associated with pattern following resection of adenocarcinoma
Research Center of Pediatric Infectious Diseases,of Center is,Iran University of Medical Sciences
MMP assay,was carried out respectively in,Gefitinib combined with Gefitinib
Respiratory Medicine,of Division is,Kinki University Faculty of Pharmacy
Laparoscopic hemicolectomy,was performed following,oncologic principles with bloc resection
T cells,is with,detection by ELISPOT
novel nonobese diabetic severe combined immunodeficient xenograft model,reflects,clinical characteristics
miRNAs,are,As favorable prognostic biomarkers associated with patients survival in different cancers
Immunohistochemistry,was,performed on diagnostic biopsy with normal cells
Nantong University of medicine,of University is,Institute of Oncology
Pembrolizumab,is,humanized IgG4 antibody consisting of high affinity mouse anti-PD-1-derived region grafted with engineered Fc region for stabilization
TKI therapy,median duration of was,afatinib group
human TCF 1 gene,encodes,DNA binding protein uniquely expressed in normal T lineage lymphocytes Blood 1995 86 8 3050 3059 75793 99 20
employing biomarkers,capture,tumor features linked with CTC enrichment
model imaging BALB c athymic nude mice,were provided by,Comparative Medical Center of Yang Zhou University
anti-tumor activity,were,For cell lines observed
Department of Radiation Oncology,Department of,Department of Thoracic Oncology / Internal Medicine
Department of Pathology,is,All India Institute of Medical Sciences
medial laparotomy,was,performed with surgical resection of rectal area with left nephrectomy
miRNAs,are,As favorable biomarkers associated with patients survival
Department of Internal Medicine,is,Inha University Hospital
Keywords RadiomicsLarynxHypopharynxSquamous cell carcinomaThyroid,cartilageBeijing,Municipal Administration Junfang Beijing Municipal Administration of Hospital Clinical Medicine Development
Cancer Moonshot program,transform,cancer research ecosystem
Department Key Laboratory,Institute of,China7 Guangzhou Research Institute of Traumatic Surgery
Conclusions Systemic chemotherapy,combined with,cryotherapy for lung cancer
Oncology,of Laboratory is,Sun Yat - sen University Cancer Center
Pembrolizumab,is,is tested in combination with bevacizumab
Leibniz - Institute for Prevention Research and Epidemiology - BIPS GmbH,Institute of,Germany Institute of Epidemiology
Fig. 3 Tumor observation,is in,right lower lung lobectomy specimen
Cell Biology,of Division is,Lund Stem Cell Center
Bone biochemical markers,include,cytokines in BME
SKOV3 cells,were,treated with JAKi as agent
Immunotherapy,represents,revolutionary cancer treatment modality
medical imaging,are still methods for,clinical diagnosis
Pembrolizumab,is,humanized monoclonal IgG4 anti-PD-1 antibody consisting of affinity mouse region grafted onto human IgG4 immunoglobulin molecule with engineered Fc region
Department of Comprehensive Cancer Control,is,Akita Graduate School of Medicine
upper mediastinal LNs,were,defined with laryngeal nerve at stations 2 with paraaorta
Cancer Genome Atlas Research Network,However performed,comprehensive analysis of 178 squamous cell lung cancers
diagnostic biomarkers,are,with development of biopsy of cancer diagnosis urgently needed for large scale studies
Department of Epidemiology and Biostatistics,Department of,Department of Lung Diseases
bronchial cells,were maintained according,protocol provided by Clonetics
Anti-VEGFR monoclonal antibodies,is,completely humanized antibody
Department of Radiation Oncology,of Department is,Institute for Medical Biometry and Informatics
diagnostic biomarkers,are,In addition with fast development of liquid biopsy of cancer diagnosis urgently needed for large scale studies
Department of Dermatology,of Department is,Jikei University School of Medicine
bilateral pulmonary resection,was performed by,team of surgeons
Department of Community Health and Preventive Medicine,is,Morehouse School of Medicine
based metabolomics,reveal,protective effect of Saponins against stroke
miRNAs,are selectively enriched in,EVs secreted from NSCLC cell lines
T cells,were,found in myocardial tissue
Pembrolizumab,is,humanized IgG4 anti-PD-1 antibody consisting of affinity mouse variable region grafted onto IgG4 immunoglobulin molecule with engineered Fc region for stabilization
Department of Gastroenterology,is,Hyogo Prefectural Amagasaki General Medical Center
engineered T cells,have demonstrated activity for,hematological malignancies
Transduced CARs,provide,T cells
Advanced Surgical Science and Technology,is,Tohoku University Graduate School of Medicine
bronchial cells 16HBE,were kindly provided by,tumor Cell Library of Chinese Academy
Zhang X Sai B derived miRNAs,promote metastasis via,EMT Mol Cancer 2019
China4 Department of Forensic Biology,is,West China School of Preclinical and Forensic Medicine
Department of Radiology,is,Shengjing Hospital of China Medical University
molecular targeted therapy,is with,radiation in head cancer Pharmacol Ther
School of Medical Informatics,is,Harbin Medical University
based cell line,can,can used as in model in cancer research
Sagittal resonance imaging study,showing normal intensity signals in,lobe pituitary
Sunitinib treatment,decline,MDSCs populations
Immunohistochemistry,showed expression in,stroma cells
Cells,incubated with,primary antibody
Pembrolizumab,is,humanized IgG4 antibody consisting of affinity mouse anti-PD-1-derived region grafted with engineered Fc region
S1PR1 signaling inhibition treatment,resulted in,inhibition of cell growth in pancreatic cancer cells via STAT3 pathway
Shanghai Pulmonary Hospital,affiliated with,Shanghai Chest Hospital affiliated
Della Vittoria Scarpati G Falcetta F Carlomagno C Ubezio P Marchini S De Stefano A specific miRNA signature,correlates with,response in rectal cancer Int J Radiat Oncol Biol Phys 2012 83 1113 1119
Pathogenesis Program,Department of,NY USA Department of Epidemiology and Biostatistics
State Key Laboratory of Biotherapy,Department of,China Department of Oncology
Chinese medicine Fuzheng Kang Ai decoction,sensitized effect through,mediated MUC1 expression J Ethnopharmacol 2016 194 918 929
clinical drug library screen,identifies clobetasol propionate as,NRF2 inhibitor with potential therapeutic efficacy
Department of Surgery,of Department is,Monash Medical Centre
MUC16 CA125 antigen,is,used serum marker
pharmacological Nano miR 200c compound,impaired,tumor cell behavior
Afzalipour School of Medicine,is,Kerman University of Medical Sciences
T cells,were,recruited by CXCL11 with chemotherapy in tumor
Department of Urology,is,Rui Jin Hospital Lu Wan Branch
Department of Molecular Biology and Genetics,of Department is,Department of Pathology
Department of Clinical Laboratory,is,Fudan University Shanghai Cancer Center
Capmatinib Tabrecta Novartis Oncology,years of,clinical trials
Bioinformatics Unit,Faculty of,Faculty of Life Sciences
Japan Department of Pathology,is,Osaka University Graduate School of Medicine
Della Vittoria Scarpati G Falcetta F Carlomagno C Ubezio P Marchini S De Stefano A specific miRNA signature,correlates with,complete response to chemoradiotherapy in cancer Int J Radiat Oncol Biol Phys 2012 83 1113 1119
T cells,promote,prognosis in ovarian cancer Clin Cancer Res
Department of Laboratory Medicine,of Department is,Collaborative Innovation Center for Cancer Medicine
nine common targeted cancer related miRNAs,Interestingly were found in,three candidate circRNAs
Physician billing costs,were estimated billings according,Alberta Health Services Schedule of Medical Benefits
VEGFR targeting antibody ramucirumab,was,approved by Food Administration for junction adenocarcinoma patients with progression on chemotherapy
RNActive based cancer immunotherapy,containing,mRNAs
Xenografted tumor model in Female BALB c mice,were purchased from,Center of Experimental Animal of Guangzhou University of Chinese Medicine
Department of Radiation Oncology,University of,The University of Texas MD Anderson Cancer Center
Pembrolizumab,is,IgG4 antibody consisting of high affinity mouse region grafted
DWI MRI evaluation,has,has reported as tool for differentiating malignant tumors from lesions
SPC A-1 cells,transfected For,metastasis mouse xenograft model
Wang QL Epidermal growth factor receptor expression,is associated with,clinical prognosis Hematol Oncol
2Key Laboratory,School of,Medicine
"Department of Pharmacology , College of Medicine",Institute of,Institute of Biomedical Informatics
CAR T cell products,are under,active clinical trials
Bristo Myers Squibb combination regimen,shows,clinically meaningful responses in line cell lung cancer
Nuclear Medicine,of Department is,Korea Department of Pathology
concurrent based chemoradiotherapy,is,As standard of care for HNSCC
"Bucheon St. Mary ’s Hospital , College of Medicine",College of,Medicine
Four UM SCC cell lines,test,effect on tumor growth on CAM on metastases to liver
Biostatistics and Bioinformatics,is,Department of Family Medicine and Public Health
Pharmacology Central London,drastically suppresses tumor growth in,oral cancer Xenograft model
LC3 I II western blot analysis,is in,H1581 NSCLC cells
LCSE treatment,is in,NSCLC cells
Bioinformatic analysis,reveals,pattern of associated gene expression specific to basal like breast cancers in human tumors Proc
tracheal cells,are,In assay seeded into denuded rat tracheas
associated fibroblast,conferred melanoma resistance as,observed from ERK MAP kinase activity in density region
Institute of Occupational and Social Medicine,Department of,Department of Diagnostic Radiology
Discussion Cardiac CT,offers,detailed anatomical assessment of CAD comparable to invasive coronary angiography
Immunology,of Laboratory is,Institut de Cancérologie de Lorraine
HRM MAF titration,was,conducted by MAF in mixed DNA sample in total DNA concentration assay from 0.25 ng
AChE binding tail PRiMA,is,regulated with muscular dystrophy by merosin deficiency Chem Biol Interact 2013 203 330 334
College of American Pathologists,is,International Association for the Study of Lung Cancer
medical data,were taken from,West China Hospital
Department of Oncology,is,Johns Hopkins University School of Medicine
Antwerp University Hospital,Department of,Belgium5 Department of Radiation Therapy
HNSCC xenograft model,was,developed by subcutaneous transplantation of HNSCC cells in nude mice
Department of Pathology,is,The University of Toledo College of Medicine
Mammalian mitochondria,are depicted,as particles originated in cells
stable oncological status,is achieved under,systematic therapy
Radiomics,may predict,grade in meningiomas
National Institutes of Health,of Institutes is,Clinical Proteomic Tumor Analysis Consortium
clinical trials,are ongoing Based,results for antibodies
Pembrolizumab,is,novel cancer immunotherapy most commonly used
Siolas D Hannon GJ tumor Xenografts,transforming,clinical samples
single agent gemcitabine,was,Despite its limited activity standard first line treatment for patients with disease for a decade
Baker SJ Preisinger AC Mutations,occur in,human tumour types
Her surgical specimen,first underwent,EGFR PCR SSCP assay
Radical esophagectomy,has,has acknowledged with importance in intended therapy for esophageal squamous cell carcinoma
clinical trials,have focused on,useful PARPi drugs
MEKi treatment,Besides combined with,CTLA 4 blockade survival in bearing tumors
Department of Radiotherapy,of Department is,Chinese Academy of Medical Sciences and Peking Union Medical College
Pembrolizumab,is,is currently tested in combination with bevacizumab in patients with recurrent GBM
eKey Laboratory of Regenerative Biology,of Laboratory is,Guangzhou Institutes of Biomedicine and Health
European Organization for Research and Treatment of Cancer,for Organization is,National Cancer Institute of Canada J Natl Cancer Inst
Integrative genomic analyses,reveal,long RNAs in human cancer Struct Mol Biol
Department of Histopathology,of Department is,Norwich University Hospital NHS Foundation Trust
Department of Biochemistry and Molecular Biology,is,School of Medicine
Department of Pathology,is,University Teaching Hospital of Lomé
Medicine,of Department is,The Royal Marsden NHS Foundation Trust
Intratumoral balance,is,associated with prognosis after resection J Clin Oncol 2007 25 2586 2593 17577038
Immunohistochemistry,was,performed on diagnostic biopsy with cells
serum CYFRA 21 1 assay,has,In our department has performed at diagnostic workup after therapy since 2005
clinical drug library screen,identifies clobetasol propionate as,NRF2 inhibitor with potential efficacy in KEAP1 mutant lung cancer
Hematology,Hospital of,First Affiliated Hospital of Anhui Medical University
TFEB gene,is part of,well documented cancer specific translocation t
Oncologia Medica,is,Dipartimento di Medicina di Precisione
Wang YT Fu YW Xu J Serum ALDHA1,is,tumor marker
Aurora kinase inhibition therapy,target,KRAS cells
NLRP3 inflammasome,can,Hence can potential target aimed at CSCs in development of approaches for head cancer therapy
MTE treatment,autophagic flux in,NSCLC cells
Bioinformatic analysis,reveals,pattern of STAT3 associated gene expression specific to breast cancers in tumors Proc
Integrative genomic analyses,reveal,clinically relevant RNAs in cancer Struct Mol Biol
Further biological insight,advance,development of PI3K inhibitors
Morocco Medical Oncology Department,is,National Institute of Oncology
Fujiwara T Eguchi T Sogawa C Ono K Murakami J Ibaragi S mesenchymal transition initiated,is inhibited by,anti-EGFR antibody cetuximab Oncol 2018 86 251 257 30409309 18
Department of Radiation Oncology,is,Carver College of Medicine
Vascular endothelial growth factor,combination of,VEGF directed anti-angiogenic therapy with doublet chemotherapy
Pembrolizumab,are,human IgG4 monoclonal antibodies approved as line therapy for metastatic HNSCC
Xenografted tumor model Female BALB c nude mice,were purchased from,Center of Guangzhou University of Chinese Medicine
BH3 profiles,be,associated with treatment response to nCRT in esophageal cancer serve as basis
Department of Urology,of Department is,Navy Medical University
Vascular endothelial growth factor,combination of,directed therapy with doublet chemotherapy
McNamara MA Nair SK Holl EK based vaccines,is in,Cancer immunotherapy J Immunol Res
Department of Pathology,is,Mount Sinai Medical Center
Pembrolizumab,is,IgG4 antibody consisting of high affinity mouse region grafted with Fc region for stabilization
Department of Medical Biophysics,is,Ontario Cancer Institute / Campbell Family Cancer Research Institute / Princess Margaret Cancer Centre / University Health Network
T cells,is in,murine models of several cancer types
Nuclear Medicine,of Department is,Stadtspital Triemli
Pulmonary Medicine,of Department is,Ultrasound Research and Education Institute
Coskun Hasan S hscoskun@yahoo.com Department of Medical Oncology,is,Kayseri State Hospital of Research and Education
Pembrolizumab,is,is currently tested in combination with guided laser ablation in patients with GBM
Thoracic surgeon,is now more and more familiar with,use of ECMO especially in era of lung transplantation
Department of Radiation Oncology,is,Radboud University Medical Center
Elk Ets domain transcription factor,contains,protein kinase
Pembrolizumab,are,human IgG4 anti-PD-1 monoclonal antibodies approved as second line therapy for metastatic HNSCC by US FDA
radiologist,was blinded to,EGFR biomarker status
biomarkers,Therefore should incorporate,features of tumor leading to comprehensive assessment of tumor biology
Pembrolizumab,is,IgG4 anti-PD-1 antibody consisting of high affinity mouse anti-PD-1-derived variable region grafted with engineered Fc region
traditional medicine,is,In China mainly used clinically in combination with ACT
regulated MUC1 expression,is in,ESCC cell lines
Department of Anatomic Pathology,is,Calgary Laboratory Services
Shanghai Jiaotong University School of Medicine,of School is,Department of Oncology
epidermal growth factor receptor,development of is,important milestone in therapy of NSCLC
Medical Oncology,Hospital of,Nanjing General Hospital of Nanjing Military Command
Pemetrexed transplantable murine colon cancer ICD,also augmented,T cell function
Tumor cells,overexpressing,TRAF6 produce proteins
CRISPR Cas9 system,is in,cancer biology
exosomic miR level,may,may potential biomarker for predicting gemcitabine sensitivity
Medical Oncology,of Department is,Department of Surgical Sciences
outcome Cardiopulmonary fitness fitness,will,will determined by maximal cardiopulmonary exercise test gold measure of fitness
Pembrolizumab,is,is currently tested in combination with bevacizumab with laser ablation in patients
transplantable colon cancer ICD,augmented,T cell function
Cardiovascular Medicine Research,is,Harbin Medical University
PSMD,were,cancer driver genes with RPN1 2
Molecular Therapeutics Drug Discovery Program,is,Department of Pharmaceutical Sciences
upper mediastinal LNs,were,defined with recurrent laryngeal nerve at stations 2
Human lung cancer cell lines,were,obtained from Shanghai Institute of Biochemistry
MBT cells,were cultured For,BrdU incorporation assays
Primary Sjögren ’s syndrome,is,in primary Sjögren ’s syndrome disorder characterized by focal lymphocytic infiltration
Local Veterinary Office and Ethics Committee,is at,Guangzhou Medical University
Institute of Oncology,of Institute is,Sackler Faculty of Medicine
intra-arterial chemotherapy,is,facilitated by implantation via implantable Jet Port Allround catheters
based assay,have,access to pembrolizumab in event
Department of Medical Oncology,Department of,Victoria 3168 Australia Department of Surgery
Department of Radiotherapy,Department of,China Department of Oncology
tumor protein p53,is in,chronic lymphocytic leukemia Proc Natl Acad Sci U S A 2015 .1500010112
HNSCC xenograft model,was,developed by transplantation in nude mice
serum diagnostic model,was,In study established by BME cytokines
Medline search,was done on,PubMed
DWI MRI evaluation,has,has reported as useful tool for differentiating malignant tumors from benign lesions
Cells,were,stained with rabbit polyclonal antibody for 1 h
Surgical Pathology,School of,Medicine
Bcl families,are,key regulators contributes to cell
Pembrolizumab,is,humanized IgG4 antibody consisting of affinity mouse anti-PD-1-derived region grafted onto human IgG4 immunoglobulin molecule with engineered Fc region
miRNAs,are,are applied as biomarkers in setting of trials
Animal Laboratory Center,IN Department is,Indiana University School of Medicine
concurrent chemoradiotherapy,is,In western world treatment of choice for disease
Respiratory Medicine,of Department is,Kitasato University School of Medicine
clinical studies,Besides are exploring,TKI combination treatment with antibodies
two pulmonologists,is with,extensive experience in lung cancer diagnosis
Kaohsiung Chang Gung Memorial Hospital and Chang Gung University College of Medicine,of College is,Kaohsiung Chang Gung Memorial Hospital and Chang Gung University College of Medicine
Magnetic activated cell sorting Tumor cells,were separated by,MACS
targeted antibodies,have demonstrated,cetuximab
DWI MRI evaluation,has,has reported as tool for differentiating tumors
mRNA expression demonstrated,is considered,marker for relevant HPV infection
Four UM SCC cell lines,test,effect of WNT974 on tumor growth on metastases to liver
Athymic week old BALB c nude mice,were,in mice purchased from SLAC Laboratory Animal Co.
Endogenous circulating miRNAs,have attracted,significant attention regarding diagnosis
stable cell line A549 DDP,was established in,our lab
Spain Department of Oncology,is,Clinica Universidad de Navarra
cancer immunotherapy,has shown,great clinical benefit in types of cancers
MSI testing,was,As proof of concept performed on adenocarcinoma of colon
HEK293T cell line,grown in,DMEM supplemented with 10 % fetal calf serum under 5 % of CO2
targeted tyrosine kinase inhibitors,have shown,improved tumor response in mutated NSCLC
Pembrolizumab,is,humanized monoclonal IgG4 anti-PD-1 antibody consisting of affinity mouse anti-PD-1-derived region grafted onto IgG4 immunoglobulin molecule
Chinese medicine Fuzheng Kang Ai decoction,sensitized effect through,MUC1 expression J Ethnopharmacol 2016 194 918 929
Pembrolizumab,is,humanized monoclonal IgG4 antibody consisting of affinity mouse anti-PD-1-derived variable region grafted with engineered Fc region for stabilization
Pembrolizumab,is,monoclonal IgG4 antibody consisting of affinity mouse region grafted with Fc region for stabilization
Department of Surgery,School of,Graduate School of Medicine
Pembrolizumab,is,humanized monoclonal IgG4 antibody consisting of affinity mouse anti-PD-1-derived variable region grafted onto IgG4 immunoglobulin molecule with Fc region for stabilization
Samsung Changwon Hospital,is,Sungkyunkwan University School of Medicine
Nemunaitis J Clayman G Agarwala SS Hrushesky W Wells JR Moore C Biomarkers,predict,p53 gene therapy efficacy in cell carcinoma of head
Liver Center,Department of,Department of Health
"Graduate Institute of Medicine , College of Medicine",Departments of,Taiwan Departments of Otorhinolaryngology
Department of Pathology,of Department is,Royal Liverpool University Hospital
NKILA knockdown cells,were,incubated in TNFα with NF κB inhibitor JSH 23
miRNAs,are,As class of ncRNAs regarded as therapeutic tool
antibody pembrolizumab,recently showed activity of,lenvatinib with cell death protein 1
Clinical studies,have indicated,importance of better tumor models
Cells,were incubated with,FITC labeled anti-MAGE-A1 antibody
Cogle CR Endothelial cell,derived,angiocrine support of acute leukemia targeted by receptor tyrosine kinase inhibition Leuk Res
rectal SCC lesion,was interpreted Based,pathologist ’s reports
Pembrolizumab,are,human IgG4 antibodies approved as line therapy for HNSCC
Institute of Medical Biometry and Informatics,is,University Hospital of Heidelberg
human ESCC cell lines Eca9706,were from,Cancer Institute
Quantitative reverse transcription polymerase chain reaction,was carried out in,ABI Prism 7900HT Sequence Detection System using
MEK inhibitor trametinib,was recently approved for,clinical use
Department of Medical Oncology,of Department is,Chinese Academy of Medical Sciences and Peking Union Medical College
State Key Laboratory of Genetic Engineering and Ministry of Education Key Laboratory of Contemporary Anthropology,Department of,China Department of Cardiothoracic Surgery
TP53 gene,Mutation of is,important event in gastric carcinogenesis
miRNAs,are,In view of close relationship between miRNAs considered as potential targets for anti-cancer therapies
Yue J Yu Z Tumor marker index,is significant factor for,patients with squamous cell carcinoma Cancer Biomark Sect A Disease
discovering personalized driver genes,is in,cancer Genome Med
University Shanghai Cancer Center,is,Shanghai Medical College
HSNCC patient specimens,treated with,single agent cetuximab
three genomic measures,were used,covariates to help in genes with lung cancer associated gene expression
Human pulmonary microvascular cells,maintained in,ScienCell
Institute of Biotechnology,of Institute is,Taiwan School of Medicine
AKT inhibitor AZD5363,sensitizes,patient derived cancer xenograft model with PTEN loss to Taxotere J Transl Med
Department of Oncology,of Department is,Shandong Tumor Hospital and Institute
Pembrolizumab,are,human IgG4 anti-PD-1 antibodies approved as line therapy for HNSCC
Gao G Ren S Li Xu J Xu Q Su C growth factor receptor tyrosine kinase inhibitor therapy,is effective as,first line treatment of non-small-cell lung cancer with mutated EGFR
Pembrolizumab,is,humanized monoclonal IgG4 antibody consisting of affinity mouse anti-PD-1-derived region grafted onto IgG4 immunoglobulin molecule with Fc region
pre-coated Matrigel cells,were placed For,Matrigel coated Transwell invasion assay
Teicher BA Targets,is in,small cell lung cancer Biochem Pharmacol 2014 87 211 219
Advanced NSCLC,patients with,EGFR advanced NSCLC
Laboratory of Pharmaceutics,is,School of Pharmacy
LCa cell lines,were,obtained from Cell Bank
Department of Internal Medicine,is,National Hospital Organization Kinki - chuo Chest Medical Center
Pembrolizumab,are,IgG4 anti-PD-1 antibodies approved as second line therapy for metastatic HNSCC by US FDA
Pembrolizumab,is,humanized IgG4 antibody consisting of high affinity mouse variable region grafted with engineered Fc region for stabilization
MIB 1 proliferation index,was higher with,expression especially with CXCR4 expression
8227 leukemic cell line,was derived from,primary human AML with consent
Tumor Mutational Burden,is reported as,number per tumor genomic region
Fujiwara T Eguchi T Sogawa C Ono K Murakami J Ibaragi S mesenchymal transition initiated,is inhibited by,anti-EGFR antibody cetuximab Oral Oncol 2018 86 251 257 30409309 18
Cell cycle kit,were purchased from,Beyotime Biotechnology Co.
Pembrolizumab,is,IgG4 anti-PD-1 antibody consisting of affinity mouse region grafted
Huang TGF beta1 expression,is regulated by,protein kinase
Department of Pathology,of Department is,Yonsei University College of Medicine
traditional medicine,is,used clinically
CT angiography,rapidly effective alternative to,traditional angiography
Human monocytes isolated,were,induced with 20 ng for 5 days with presence of MSC EV
radiotherapy,are,main treatment options for patients with tumors combined with vena cava syndrome
stress response gene,is,involved in CTSL expression regulation under genetic stress conditions in human carcinoma cells
Department of Gastroenterology,of Department is,Shanghai Jiaotong University School of Medicine
miRNAs,cross-talk in,aggressive breast cancer Biomed Res Int
Background Epidermal growth factor receptor,is validated target for,cetuximab
Department of Biostatistics & Computational Biology,is,Dana - Farber Cancer Institute
Several CAR T cell products,are under,clinical trials for RR multiple myeloma
human tracheal epithelial cells,stained with,indicated antibodies
Department of Molecular Biology and Genetics,Institute for,Institute for Experimental Medicine
stage lung cancer xenograft models,determine effect with,anti-PD-1 antibody
Background tumor suppressor gene,has,has identified as tumor suppressor gene in malignant tumors
miRNAs,were,For ADC significantly upregulated in ADC EVS s
biomarkers,are needed with,fast development of biopsy of cancer diagnosis
Paclitaxel transplantable ovarian cancer,induced,transplantable murine breast cancer TAM
Mouse polyclonal antibodies,were,used as primary antibodies with labeled anti-Rabbit IgG
Metabolomic analysis,demonstrated,metabolic profile from EAC patients
Institute of Pathology,is,Faculty of Medicine
Yoest J Clinical,pathophysiology of,immune related events in immune checkpoint inhibitor treatments
Department of Medical Oncology,of Department is,Kunming Medical University
Department of Oncology,of Department is,China 4 grid .16821.3 c0000 0004 0368 8293 Lung Tumor Clinical Medical Center
animal studies,have examined,importance in angiogenesis
Collaborative Innovation Center for Cancer Medicine,is,Sun Yat - sen University Cancer Center
Chest tomography scan,revealing,endobronchial shadow associated with atelectasis of upper lobe
BIN1 c MYC interaction,is in,NSCLC cells
Epitopes HPV02 trial,prognosis of,patients with SCCA
Medeiros ’s studies,showed,difficulty of conventional MRI
Immunohistochemistry,was performed with,stromal cells
Pembrolizumab,is,humanized monoclonal IgG4 anti-PD-1 antibody consisting of affinity mouse region
Robinson G Vascular endothelial growth factor,is,autocrine survival factor for neuropilin expressing breast carcinoma cells
important neural gyrus area,is in,brain temporal lobe
clinical trials,have reported HRQoL Given,acknowledged importance of HRQoL
human TCF gene,encodes,nuclear DNA binding protein uniquely expressed in T lineage lymphocytes Blood 1995 86 8 3050 3059 75793 99 20
Takeda A Kunieda E Ohashi T Aoki Y Koike N Takeda T Stereotactic body radiotherapy,is in,comparison with primary lung cancer Radiother Oncol 2011 101 255 259 21641064 60
Background Pancreatic resection,are,powerful tools in treatment of ductal adenocarcinoma
Taipei Municipal Wan - Fang Hospital,is,Taipei Medical University
human intestinal cells,trigger IgA class in,B cells
China Department of Oncology,is,Shanghai Pulmonary Hospital
systemic chemotherapy,is,Although still mainstay treatment
Taqman MicroRNA Reverse Transcription Kit,is with,TaqMan MicroRNA Assay
serum elevated miR,be,promising biomarker
biomarkers,are,In addition with development of biopsy of cancer diagnosis needed for large scale studies
MSI testing,was,As proof of concept performed on mucinous adenocarcinoma of colon
Primary Sjögren ’s syndrome,is,in Sjögren ’s syndrome chronic disorder characterized by focal lymphocytic infiltration
biomarkers,are under,clinical evaluation for treatment
Department of Cancer Prevention,of Department is,Norwegian Radium Hospital
Vigneswaran N Williams MD Epidemiologic trends,is in,diagnosis Oral Maxillofac Surg Clin North
Masuda M Methotrexate,is excreted by,canalicular multispecific organic anion transporter
HDACs overexpression,has,has described in several types associated with crucial clinicopathological parameters for patients management
miRNAs,also showed correlation,tumor type mentioned
Histologic diagnosis,was made by,pathologists
Tumour response,was assessed by,computed tomography
MEDLINE,is in,Pubmed
Endocrinology,of fDepartment is,Niigata University Medical and Dental Hospital
Tumor xenografts model,evaluate,effect of Sema3a on tumor growth
Department of Radiation Oncology,of Department is,Dana - Farber Cancer Institute
Radical esophagectomy,has,has widely acknowledged with importance in intended therapy for squamous cell carcinoma
medial laparotomy,was,performed with resection of anterior rectal area with nephrectomy
Anti-VEGF monoclonal antibodies,is,monoclonal antibody
Evi5 gene,was,originally isolated in patient with constitutional chromosome translocation
Background Human papilloma virus,has,has implicated in development of proportion of squamous cell carcinoma
Department of Radiation Oncology,of Department is,Capital Medical University
Goblet cell clusters,are small nests of,signet ring like cells
"Center for Cancer , Research",is,National Cancer Institute
specific immunohistochemical markers,can,Thus can very useful in diagnosis of rectal cancer to thyroid carcinomas
clinicopathological significance,However mechanisms of,miRNAs in NSCLC
Xenografted tumor model Female BALB c nude mice,were purchased from,Center of Experimental Animal
surgical status,underwent,endovascular stenting
European Organization for Research and Treatment of Cancer,for Organization is,National Cancer Institute of Canada J Natl Cancer Inst
Xenograft tumor models,were,established through ECA109 into nude mice
MIB 1 proliferation index,was higher with,positive expression of CXCR4 especially with CXCR4 expression
biomarkers,predict pCR after,SABR treatment with study as gold standard
brain tissues,Finally are affected for,Alzheimer disease
Department of Laboratory Medicine,of Department is,Sun Yat - sen University Cancer Center
Cully M Bispecific antibody,directs,T cells
North Central Cancer treatment Group,compared,European Organization for Research of Cancer Quality of Life Questionnaire
Department of Pediatric Dentistry,is,School of Stomatology
Collaborative Innovation Center for Cancer Medicine,is,Sun Yat - Sen University Cancer Center
Institute of Cancer Stem Cell,of Institute is,China Dalian Central Hospital
biomarkers,Therefore should ideally incorporate,features of tumor
Clinic of Animal Surgery,University of,University of Life Sciences
Pemetrexed transplantable colon cancer ICD,also augmented,T cell mitochondrial function
Australian PBCRs,are considered,well resourced quality PBCRs
targeted therapeutics,are,Since are clinically evaluated as option for cancer types
biomarkers,are approved for,clinical use including PD L1 expression
Li D Yeung SC Hassan MM Konopleva M Abbruzzese JL Antidiabetic therapies,affect,risk of pancreatic cancer Gastroenterology
Systemic chemotherapy,was previously advocated for,SCCB treatment
In tumorigenesis assays,were purchased from,Center of Experimental Animal
diagnostic biomarkers,are,with fast development of liquid biopsy of cancer diagnosis urgently needed for scale prospective studies
Bioinformatic analysis,reveals,pattern specific to breast cancers in human tumors Proc
Department of Laboratory Medicine,Department of,China Department of Biochemistry and State Key Laboratory of Pharmaceutical Biotechnology
Yoon SS Lauren histologic type,is important factor following,resection of gastric adenocarcinoma Ann Surg
University of Michigan Comprehensive Cancer Center,Department of,USA Department of Pathology
targeted PI3Kα inhibition,is under,As active clinical investigation for HNSCC patients
MBT 2 cells,were cultured overnight For,BrdU incorporation assays
biomarkers,Currently are approved for,clinical use including PD L1 expression
Radical esophagectomy,has,has widely acknowledged with paramount importance in intended therapy for cell carcinoma
Pembrolizumab,are,human IgG4 antibodies approved as line therapy
final definitive diagnosis,was,made by surgical resection in patients
Malabar Cancer Centre,is,care hospital situated in district of Kannur in North Kerala
Department of Stomatology,Department of,China Department of General Dentistry
Pembrolizumab,is,humanized monoclonal IgG4 antibody consisting of high affinity mouse variable region grafted with engineered Fc region
Department of Biostatistics,is,University of Colorado Anschutz Medical Campus
diagnostic biomarkers,are,with fast development of liquid biopsy urgently needed for scale prospective studies
Department of Gastroenterology,is,All India Institute of Medical Sciences
Peter Doherty Institute for Infection and Immunity,at Department is,Royal Melbourne Hospital
IL 24 gene,was,originally discovered by subtraction hybridization method by melanoma cells
Primary outcome Cardiopulmonary fitness fitness,will,will determined by cardiopulmonary exercise test gold measure
MACS,magnetically label CTCs with,8 monoclonal antibody
Cumming School of Medicine,is,"University of Calgary , Calgary , Canada 2 Department of Surgery"
Targeted sequencing,reveals TP53 as,potential diagnostic biomarker in surveillance of head cancer
Integrative genomic analyses,reveal,relevant RNAs in cancer Nat Struct Mol Biol
miRNAs,may,may favorable biomarkers for patients with cancer
Department of Clinic,of Department is,School of Dentistry
effective ceritinib therapy,is in,patient with ALK positive non-small cell lung cancer Won Brian bwon@medicine.bsd.uchicago.edu 1Mambetsariev Isa Imambetsariev@coh.org
Nuclear Medicine,of Department is,Bern University Hospital
Pembrolizumab,is,humanized IgG4 anti-PD-1 antibody consisting of affinity mouse anti-PD-1-derived variable region grafted with Fc region
Tumor protein 53 target gene 1,exert,tumor suppressor feature
Several based biomarkers,were,confirmed as candidate biomarkers for ESCC
Three oral pathologists,re-evaluated diagnosis based,WHO Classification of Head Tumors
Ontario Cancer Institute and Princess Margaret Hospital,is,University Health Network
Brachytherapy,consisted of,2 separate endocavitary insertions with interval of at least 48 h with help of Fletcher Suit
Xenograft transplanted tumor models,were,established through injecting ECA109 into nude mice
bronchoscopy key procedure,is in,mediastinal staging of NSCLC
Cancer Information Service,is,National Cancer Center
Department of Biomedical Informatics,of Department is,Department of Cancer Biology
anti-PD-L1 monoclonal antibody,measure PD L1 expression by,IHC in tumor biopsies
McMillan DC Systemic inflammation,is in,patients with cancer Curr Opin Clin Nutr Metab Care 2009
Tehran University of Medical Sciences,of University is,Oncology
SPCA1 cells,validate,effects of BANCR
intra-arterial chemotherapy,is,for example technically facilitated by implantation via implantable Jet Port Allround catheters
miR 129 Bcl 2 expression,is in,ESCC cells
Drug Brand name Manufacturer Targets Applications,Approved,years of clinical trials Erdafitinib Balversa Janssen FGFR1 4 alterated advanced cancer
cytological diagnosis,using,guided needle aspiration of tumor
serum CYFRA 21 1 assay,has,In our department has routinely performed at workup after radiation based therapy since 2005
Western blot A549 cells,were treated with,pharmacological agents
biomarkers,were,confirmed as candidate biomarkers for ESCC
Pembrolizumab,is,is currently tested in combination with bevacizumab with MRI guided laser ablation in patients with recurrent GBM
Primary human cells,stained with,indicated antibodies
exosomic miR level,may,may potential prognostic biomarker for predicting gemcitabine sensitivity
Department of Oncology,of Department is,Affiliated Lianyungang Hospital of Xuzhou Medical University
"Graduate Institute of Medicine , College of Medicine",College of,"Taiwan Department of Family Medicine , School of Medicine , College of Medicine"
Alliance for Clinical Trials,is in,Oncology
Pembrolizumab,is,humanized IgG4 antibody consisting of affinity mouse anti-PD-1-derived variable region grafted onto human IgG4 immunoglobulin molecule with Fc region for stabilization
"Department of Biochemistry and Molecular Biology , College of Medicine",of Department is,College of Medicine
Monoclonal antibodies,cause apoptosis in,culture Rheumatology
Cancer Genome Atlas Clinical Explorer,is clinically oriented summary of,proteomic data organized by cancer type
Department of Dermatology,Academy of,Shanghai Academy of Traditional Chinese Medicine
Uterine corpus involvement,is,predictor of ovarian metastasis in uterine cervical cancer J Gynecol Oncol 2008 19 181 184
Wang G Proteomic analysis,reveals,MEK5 Erk5 mediated epithelial mesenchymal transition phenotype Breast Cancer Res
KF Zhang L Huang CD163 associated macrophages,cells in,cell carcinoma Biomed Res Int
Mammalian mitochondria,are depicted,cylindrical particles originated through endosymbiosis
Department of Oncology,of Department is,National Translational Science Center for Molecular Medicine
OSCC SAS cell line,was obtained from,JCRB cell bank
employing single biomarkers,capture,tumor features linked with CTC enrichment
induced MDSC,Thus may also induce,formation of blood vessels
Pembrolizumab,was,approved by FDA for treatment of patients with treated advanced melanoma
Department of Cancer Prevention,Department of,Norway Department of Genetics
NLRP3 inflammasome,regulates CSCs formation in,SCCHN cell lines
Pembrolizumab,is,monoclonal IgG4 antibody consisting of high affinity mouse region grafted with engineered Fc region
Mammalian mitochondria,are depicted,as elongated particles originated through endosymbiosis
Aurora kinases,are,KRAS targets in lung cancer
Pembrolizumab,is,humanized monoclonal IgG4 anti-PD-1 antibody consisting of affinity mouse region grafted onto human IgG4 immunoglobulin molecule with engineered Fc region for stabilization
DWI MRI evaluation,has,has reported as tool for tumors from ovarian lesions
Department of Hematology - Oncology,is,Kaohsiung Chang Gung Memorial Hospital and Chang Gung University College of Medicine
Quantitative reverse transcription polymerase chain reaction,was carried out in,ABI Prism 7900HT Sequence Detection System
Anesthesiology,of cDepartment is,Aarhus University Hospital
Cell clinical data confirmed,explore,role of CHAF1B on cisplatin resistance by NCOR2
Orthopaedic Implant,is,Department of Orthopaedic Surgery
SRB assay Long term antiproliferative effects,were assessed by,performing clonogenic SRB
stem cell marker CD133,was significantly reduced in,miR cells
elevated MAGE A1 expression,was observed In,LUAD tissue samples
KF Zhang L Huang CD163 macrophages,cells in,oral cell carcinoma Biomed Res Int
Laboratory Medicine,is,Vancouver Coastal Health
Daye D Wellen KE Metabolic reprogramming,unraveling,role of glutamine in tumorigenesis Semin Cell Dev Biol
Xenograft assay BALB c mice,were purchased from,SLAC Laboratory Animal Co. Ltd.
OH USA Department of Biostatistics,is,Henry Ford Hospital System
B cells,are critical to,T cell mediated antitumor immunity induced by combined cytotoxic therapy
Th1 cells,are predominant subset of,T cells
Stem Cell Transplantation Research Center,University of,Mazandaran University of Medical Sciences
Albarakati N Abdel Fatah TM Doherty R Russell Moseley P Targeting BRCA1 BER deficient breast cancer,blockade alone with,cisplatin for personalized therapy Mol Oncol 2015 9 1 204 217 25205 036 90
Masuda M Methotrexate,is,excreted into bile by multispecific anion transporter
Oncological Pulmonology,Department of,Poland Department of Pneumology
Pembrolizumab,is,IgG4 antibody consisting of affinity mouse variable region grafted with engineered Fc region
Department of Hematology / Oncology,is,Mount Sinai Hospital
Pembrolizumab,is,humanized monoclonal IgG4 anti-PD-1 antibody consisting of affinity mouse variable region grafted onto human IgG4 immunoglobulin molecule with engineered Fc region
Conclusions DCE MRI,may provide,information on hypoxic fraction of cell carcinoma of uterine cervix
curative surgery,had,medical records
Cerebrospinal fluid,exclude,evidence of cells
Tumour growth kinetics,was heterogeneous except,meningioma group
Thoracic Oncology,of Division is,Juntendo University Graduate School of Medicine
Precise tumor margin identification,are,crucial in many types of tumors
"PA USA Department of Medicine , Division of Hematology / Oncology",is,Drexel University College of Medicine
Pulmonary Medicine,School of,Tokai University School of Medicine
Malabar Cancer Centre,is,care hospital under Department of Health
g 293T cells,were co-transfected EV with,dependent luciferase reporter plasmid
Whole exome sequencing,test,effect of NSAID use on mutations
"Department of Oncology , University of Cambridge",of Department is,Biomedical Campus
Department of Pathology,of Department is,Sidney Kimmel Medical College
Department of Orthopaedics,is,Union Hospital
Pembrolizumab,is,monoclonal IgG4 anti-PD-1 antibody consisting of high affinity mouse anti-PD-1-derived variable region grafted onto IgG4 immunoglobulin molecule with engineered Fc region
Cells,were visualized at,Core Cell Imaging Facility
Xenograft transplanted tumor models,were,established through injecting ECA109 into mice
Hemato - Oncology,is,Center for Applied Medical Research
Key Laboratory,Department of,Department of Geriatric Lung Cancer Laboratory
ERK1 polyclonal antibody,was provided by,Santa Cruz Biotechnology Inc.
Physician,School of,School of Medicine and Health Sciences
Tumor cell,killing Since,report of IL 24 functioning tumor suppressor gene
NSCLC cells,were cultured for,EBC 1 cells
Four UM SCC cell lines,test,effect on tumor growth on CAM
Department of Oncology,Hospital of,First Affiliated Hospital of Nanjing Medical University
Masaryk Memorial Cancer Institute and Medical Faculty of Masaryk University,Faculty of,Faculty of Medicine
Clinical Applications,is in,Era of Personalized Medicine Cancers
our miRNAs,be,breast cancer related miRNAs
Pembrolizumab,are,human IgG4 anti-PD-1 monoclonal antibodies approved as second line therapy
lentiviral vectors specific,were obtained from,Academia Sinica
integrated genomic approach,identify,biomarkers of response
Human recombinant growth factor,was purchased from,BioSource
Department of Surgery,of Department is,Undergraduate Medical Education
Cells,were cultured in,Dulbecco ’s Modified Eagle Medium F12 supplemented with bovine serum
Clinical studies,have noted with,patient responses after ICI treatment in cancer type
ATP1A gene family members,are correlated with,clinical features of patients
Integrative genome analyses,identify,key driver mutations of small cell lung cancer Nat Genet
HET1A cells,maintained in,bronchial cell media
Primary Sjögren ’s syndrome,is,in primary Sjögren ’s syndrome chronic disorder characterized by focal lymphocytic infiltration
Major lung resection,may cause,right heart failure with right shunt
HCC827 cells,were,treated with erlotinib for 24 h
Department of Biomedical Informatics,is,Vanderbilt University Medical Center
Our hospital,is,clinical diagnosis of cancer in China
"Key Laboratory of Cancer Prevention and Intervention , China National Ministry of Education",is,Key Laboratory of Molecular Biology in Medical Sciences
Nakamura T Nakao T Ashihara E Yoshimura N suppressor cells,recruit,Foxp3 regulatory T cells in murine cardiac allograft
Nakamura T Nakao T Ashihara E Yoshimura N suppressor cells,recruit,Foxp3 regulatory T cells in allograft
BRCA1 mutation testing,is reasonable step,for LCNEC patients to take
United Innovation of Mengchao Hepatobiliary Technology Key Laboratory,Hospital of,Mengchao Hepatobiliary Hospital of Fujian Medical University
Using bioinformatics tools,constructed,metastasis associated ceRNA network for lung cancer
Joint Committee tumor node metastasis classification system,is,gold standard for pancreatic cancer prognostication
ESCC cells,measure,effects of delivered by hUCMSCs exo
Chest computed tomography scan,revealing,endobronchial shadow associated with atelectasis
Department of Hematology and Medical Oncology,is,Emory University School of Medicine and Winship Cancer Institute of Emory University
Pancreatic stellate cells,increase invasion through,stromal cell derived CXCR4 axis Pancreatology
Department of Molecular Cell Biology,of Department is,Samsung Medical Center
HRM MAF titration,was,conducted by MAF in DNA sample in total DNA concentration assay from 0.25 ng
clinical trials,were,focused on PARP inhibitors efficacy in mutated BRCA1 2 cancers
Pulmonary Medicine,Center for,University School Center for Clinical Bioinformatics
National Center for Biotechnology Information,is,NCBI
Department of Medical Imaging,of Department is,Department of Biochemistry
effective biomarkers,Therefore should ideally incorporate,features of tumor
Department of Medicine,is,Samsung Medical Center
Saban Research Institute,Departments of,CA USA Departments of Pediatrics and Molecular Microbiology & Immunology
Medical Center,is,Penn State Hershey Cancer Institute
Bioinformatic analysis,reveals,pattern specific to breast cancers
three genomic measures,were used,as new covariates help in genes with lung cancer associated gene expression in lung cancer classifier
stromal cells,enhances surgery in,derived orthotopic xenograft
serum CA19 9 level,is,predictor for prognosis in patients with pancreatic adenocarcinoma
Several CAR T cell platforms,are under,active clinical trials for refractory multiple myeloma
Tumor cell PD L1 staining,was similar with,tumor staining by Ventana SP142 assay
Collaborative Innovation Center for Cancer Medicine,is,Sun Yat - sen University Cancer Center
NLRP3 inflammasome,was,demonstrated as regulator in associated liver cancers
Department of Pharmaceutical and Health Care Management,is,Faculty of Pharmaceutical Sciences
Dual luciferase reporter assay,assess target genes in,NSCLC cells
simultaneous pulmonary resection,is considered strategy Compared,bilateral pulmonary resection
Ib study,is in,patients with advanced NSCLC J Clin Oncol
Department of Genetics,of Department is,Tamil Nadu India Department of Medical Oncology
Department of Medical Parasitology & Mycology,School of,School of Medicine
Kisfalvi K Guha S Rozengurt E Neurotensin,induce stimulation by,duration of ERK signaling in ductal pancreatic cancer cells J Cell Physiol 2005
Tumor histology,was verified through,histological typing of resected tumor
Department of Neurology,Department of,Department of Radiology
Xenografted tumor model BALB c nude mice,were purchased from,Center of Experimental Animal of Guangzhou University
Research Neoadjuvant concurrent chemoradiotherapy,followed by,transanal total mesorectal excision assisted for adenocarcinoma
radiotherapy,is superior to,radiotherapy in treatment of advanced anal cancer
H650 cells,displayed sensitivity In,our T cell mediated lung cancer cell killing assays
CT coronary angiography,rapidly alternative to,traditional angiography
Research Neoadjuvant concurrent chemoradiotherapy,followed by,transanal mesorectal excision assisted
DWI MRI evaluation,has,has reported as useful tool for tumors from benign lesions
Animal Research Center,is at,Yonsei University College of Medicine
Results Th2 cells,were,identified as prognostic cells in TCGA groups
National Cancer Institute ’s CTCAE,define grades during,clinical treatment
Medical Technologies,is,Federal Biomedical Agency of the Russian Federation
systemic chemotherapy,is,Although mainstay treatment of metastatic disease
Biological Sequence Analysis,for Center is,Massachusetts USA Department of Pathology
Department of Internal Medicine,is,Chi - Mei Medical Center
CI regimens,showed activity for,patients with SCLC
prognostic biomarkers,should ideally incorporate,features of tumor leading
Pembrolizumab,are,human IgG4 antibodies approved as second line therapy for HNSCC by US FDA
diabetic severe combined immunodeficient xenograft model,reflects,important clinical characteristics
Department of Radiation Oncology,Hospital of,Teaching Hospital of Fujian Medical University
Hampton T Cancer genome atlas J,Am,Med Assoc.
Department of Rehabilitation Medicine,is in,First Affiliated Hospital of Nanjing Medical University
Department of Biological Sciences,of Department is,Centre for Biochemistry and Microbial Sciences
academic clinician,is in,Medical Oncology
Department of Obstetrics and Gynaecology,of Department is,Department of Obstetrics and Gynaecology
based chemotherapy,was available systemic therapy for,advanced NSCLC
Pembrolizumab,is,IgG4 anti-PD-1 antibody consisting of affinity mouse anti-PD-1-derived region grafted with Fc region for stabilization
Pembrolizumab,is,humanized IgG4 antibody consisting of high affinity mouse anti-PD-1-derived variable region grafted with engineered Fc region
Experimental Pathology,aDivision of,Otolaryngology
Pembrolizumab,is,humanized monoclonal IgG4 anti-PD-1 antibody consisting of high affinity mouse anti-PD-1-derived variable region grafted onto IgG4 immunoglobulin molecule with engineered Fc region
Department of Pathology,Department of,Denmark3 Department of Oncology
cetuximab,is with,radiotherapy
combined bortezomib,resulted in,cell killing effect in SAS human oral cancer cells in vitro
Union Hospital,is,Tongji Medical College
HTB177 cells,study,effects of pharmacological inhibition of P2X
clinical significance,is dissipating with,development of biomarkers of high specificity including markers in liquid biopsies
Oncology,of eDepartment is,Fudan University Shanghai Cancer Center
HRM MAF titration,was,conducted by MAF in DNA sample from 10 % to 0.005 % of Ex19_std in increasing total DNA concentration assay
Assoc Cancer Res Cosponsored,Am,in Korean men Cancer Epidemiol Biomark Prev Publ Am Soc Prev Oncol 2005 14 2125 2130 10.1158 1055 9965.EPI -05-0236 18
CT coronary angiography,rapidly effective alternative to,traditional angiography
DWI MRI evaluation,has,has reported as useful tool for differentiating tumors from ovarian lesions
PDEC2 cells,greater resistance than,PDEC1 cells
Bevacizumab,was,first approved monoclonal antibody
Portugal Cancer Genetics Group,is,Research Centre of the Portuguese Oncology Institute
Medical writing support,was funded by,Pfizer Inc
Cell animal experiments data confirmed,explore,role on cisplatin resistance by NCOR2
Tumor recurrence properties,is in,high grade ovary cancer Drug Res
bioprinting processes,fabricate,cancer tissue constructs
North Central Cancer treatment Group,compared,European Organization for Research of Cancer Quality
Shanghai Respiratory Research Institute,Center for,Fudan University Center for Clinical Bioinformatics
Yong Loo Lin School of Medicine,is,National University Health System
miRNAs,represent,similarities between miRNAs
Pembrolizumab,is,humanized IgG4 antibody consisting of high affinity mouse variable region grafted onto IgG4 immunoglobulin molecule with engineered Fc region for stabilization
prognostic biomarkers,should ideally incorporate,features of tumor leading to comprehensive assessment of tumor biology
Interventional Neuroradiology,is,RWTH University Hospital
"Department of Surgery , Institute of Biomedical and Health Sciences",of Department is,Nara Medical University
Department of Clinical Sciences,Division of,Oncology Pathology
Epidermal growth factor receptor tyrosine kinase inhibitors,are,used in anti-tumor therapy for cell lung cancer
Conclusions DCE MRI,is helpful for,characterizing complex ovarian tumors
clinical molecular variable model,However showed performance based,based clinical variables in model
Rosa García Proteomics,aiding,discovery ofnovel platelet biomarkers
Department of Chemotherapy,Technology on,Oncology
Cytologic slides,were sent to,pathologist
Radiation therapy,is standard for,curative intent treatment
pharmacological study,evaluate,effects of new CDKi roscovitine on myeloma cells
specific p53 mutations,correlate with,metabolomic signatures
Pembrolizumab,is,IgG4 anti-PD-1 antibody consisting of high affinity mouse region grafted with engineered Fc region
Pembrolizumab,is,monoclonal IgG4 anti-PD-1 antibody
Collaborative Innovation Center for Cancer Medicine,is,Guangdong Esophageal Cancer Institute
Malabar Cancer Centre,is,tertiary care hospital under Department of Health situated in rural district in North Kerala
tumor model BALB c mice,were purchased from,Center of Experimental Animal of Guangzhou University of Chinese Medicine
our HNSCC cell lines,also showed,induction of MHC class I genes
Fig. Computer tomography image,obtained from,patient with adenocarcinoma located in transverse colon 55 cm from anus
Male BALB c mice,were purchased from,Hunan SJA Laboratory Animal Company
Stem Cell Transplantation Research Center,is,Tehran University of Medical Sciences
H650 cells,displayed sensitivity in,our mediated lung cancer cell killing assays
biomarkers,are under,clinical evaluation for treatment of cancer
Internal Medicine,is,Kaohsiung Municipal Hsiao - Kang Hospital
Heart of England NHS Foundation Trust,is,Physician
Cancer Genome Atlas,provides data As,well known cancer genome database
Third Department of Internal Medicine,of Department is,Shizuoka Cancer Center
Pembrolizumab,is,humanized monoclonal IgG4 anti-PD-1 antibody consisting of affinity mouse region grafted with Fc region for stabilization
Department of Radiation Oncology,is,University Medical Center Groningen
pharmacologic targeting,sensitizes by,EC cells
fGastroenterology & Hepatology Research Center,is,Qom University of Medical Sciences
Background Cisplatin,is used as,key anticancer drug for cancers including lung cancer
bioinformatic analyses,were on,Therefore basis of SPLSDA component
Department of Urology,Ministry of,Ministry of Health and Welfare
MRI,has,With development of MRI hardwares has increasingly used
Demographic variables Patients variables,were retrieved from,SEER database including sex
upper mediastinal LNs,were,defined with laryngeal nerve with paraaorta
Radiotherapy,has,has established as definitive treatment for unresectable tumors in ESCC patients
medical monitor,provide,medical review of pre-specified adverse events
Pembrolizumab,is,humanized IgG4 anti-PD-1 antibody consisting of affinity mouse variable region grafted onto human IgG4 immunoglobulin molecule with Fc region
Pembrolizumab,is,monoclonal IgG4 anti-PD-1 antibody consisting of high affinity mouse anti-PD-1-derived region grafted
final definitive histological diagnosis,was,made by surgical resection in patients
National Center for Biotechnology Information,is,NCBI
Immunohistochemistry staining fixed embedded tumor,were,collected from Pathology Department of our hospital
brainstem,showed,BM involvement
Two single guide RNAs,were rationally designed to,specifically MIR10B
Human cells 16HBE,were provided by,tumor Cell Library of Chinese Academy
Biology,of Department is,Faculty of Medicine and Biomedical Science
Department of Radiation Oncology,is,University Medical Center Schleswig - Holstein
human keratinocyte cDNA,was purchased by,ScienCell
Hemangiosarcoma,is,very aggressive tumor of blood vessel cells with 3 types
based chemotherapy,has,Although has established as core multimodal therapy
KYSE cells,demonstrated tendencies,observed in KYSE 170 cells
Department of Operational Medicine,is,Tianjin Institute of Environmental and Operational Medicine
Department of Pediatric Dentistry,of Department is,China Medical University
Key Laboratory of Ministry of Education for Gastrointestinal Cancer,is,Department of Bioinformatics
Thoracic Oncology,of Department is,PR China Department of Radiation Oncology
Thoracic surgeon,is more familiar with,use of ECMO
Pembrolizumab,is,monoclonal IgG4 anti-PD-1 antibody consisting of high affinity mouse anti-PD-1-derived region grafted with Fc region
Pembrolizumab,is,humanized monoclonal IgG4 anti-PD-1 antibody consisting of affinity mouse variable region grafted onto IgG4 immunoglobulin molecule with engineered Fc region for stabilization
Respiratory Medicine and Oncology,is,Department of Internal Medicine
Medical Education,is,Taipei Veterans General Hospital
LCRT biomarker,requires,one time acquisition of NBEC through brush biopsy
Mouse anti-Actin antibody,was purchased from,Santa Cruz Biotechnology
USA Comprehensive Cancer Center,is,University of Michigan School of Medicine
clinical trials,reported on,activity of therapy in cancer
"Department of Biology , College of Science",University of,Tehran University of Medical Sciences
Human Protein Atlas Cancer Atlas feature,provides,antibody staining information for many proteins in various cancerous tissues
Department of Radiation Medicine,is,Oregon Health & Science University
PSMD,were,cancer driver genes with role in proteasome pathway with RPN1 2
Immunohistochemistry,analyze,effect of CAFs on tumor cell proliferation in tumor spheroids
M cells,proportionally SRAMs compared,E cells
immune checkpoint blockade therapy,Especially has elicited,clinical response in cancer patients
Oncology,XDepartment of,Anesthesiology
Australia Department of Surgery,is,Institute of Molecular Medicine
Department of Pathology,Faculty of,Medicine
American Joint Committee tumor node metastasis classification system,is,gold standard for pancreatic cancer prognostication
