{"training_loss": 9.608240127563477, "_timestamp": 1714163079.7197742, "_runtime": 7.240967273712158, "_step": 0, "_wandb": {"runtime": 13}}