{"training_loss": 9.327232360839844, "_timestamp": 1714233159.4108722, "_runtime": 5.855253219604492, "_step": 0, "_wandb": {"runtime": 5}}