{"training_loss": 9.592340469360352, "_timestamp": 1714175447.6584558, "_runtime": 7.0192577838897705, "_step": 0, "_wandb": {"runtime": 13}}